Workbook

Sheet Dashboard
A1: Class Start Date | B1: Trainer Name | C1: Number of Agent Transition to Nesting | D1: Whistleblowing | E1: PCB Compliance Coaching Model | F1: Complaint Management Theory | G1: NTT BPO PCB AML - General | H1: Senior's Fraud | I1: Corporate Policy and Procedure Employee Sign off | J1: NTT BPO CASL | K1: NTT BPO AODA | L1: NTT BPO Health and Safety - Onshore or Offshore version | M1: NTT BPO WHMIS | N1: NTT BPO Violence and Harassment in the Workplace Quiz | O1: NTT BPO Insider Fraud Awareness | P1: NTT BPO Privacy + Security | Q1: NTT BPO Human Rights Code | R1: Total Complete
U2: Trainer Name | V2: Sum of Number of Agent Transition to Nesting | W2: Sum of Total Complete | Y2: Correct
A3: ='Q1'!A2 -> 03.10.2025 | B3: ='Q1'!B2 -> Jean LuZada | C3: ='Q1'!D2 -> 18 | D3: ='Q1'!E2 -> 25 | E3: ='Q1'!F2 -> 25 | F3: ='Q1'!G2 -> 22 | G3: ='Q1'!H2 -> 25 | H3: ='Q1'!I2 -> 22 | I3: ='Q1'!J2 -> 25 | J3: ='Q1'!K2 -> 25 | ... Q3: ='Q1'!R2 -> 25 | R3: =MIN(D3:Q3) -> 1 | U3: Catherine Cachero | V3: 68 | W3: 59 | X3: =V3/W3 -> 1.1525424 | Y3: =W3/V3 -> 0.86764706
A4: ='Q1'!A2 -> 03.10.2025 | B4: ='Q1'!C2 -> Mel Cajucom | C4: ='Q1'!D2 -> 18 | D4: ='Q1'!E2 -> 25 | E4: ='Q1'!F2 -> 25 | F4: ='Q1'!G2 -> 22 | G4: ='Q1'!H2 -> 25 | H4: ='Q1'!I2 -> 22 | I4: ='Q1'!J2 -> 25 | ... Q4: ='Q1'!R2 -> 25 | R4: =MIN(D4:Q4) -> 1 | U4: Chase Argamosa | V4: 46 | W4: 32 | X4: =V4/W4 -> 1.4375 | Y4: =W4/V4 -> 0.69565217
A5: ='Q1'!A32 -> 03.24.2025 | B5: ='Q1'!B32 -> Irish Ferreras | C5: ='Q1'!D32 -> 31 | D5: ='Q1'!E32 -> 33 | E5: ='Q1'!F32 -> 33 | F5: ='Q1'!G32 -> 30 | G5: ='Q1'!H32 -> 33 | H5: ='Q1'!I32 -> 27 | I5: ='Q1'!J32 -> 11 | J5: ='Q1'!K32 -> 33 | ... Q5: ='Q1'!R32 -> 33 | R5: =MIN(D5:Q5) -> 11 | U5: Donna Caliling | V5: 13 | W5: 14 | X5: =V5/W5 -> 0.92857143 | Y5: =W5/V5 -> 1.0769231
A6: ='Q1'!A32 -> 03.24.2025 | B6: ='Q1'!C32 -> Chase Argamosa | C6: ='Q1'!D32 -> 31 | D6: ='Q1'!E32 -> 33 | E6: ='Q1'!F32 -> 33 | F6: ='Q1'!G32 -> 30 | G6: ='Q1'!H32 -> 33 | H6: ='Q1'!I32 -> 27 | I6: ='Q1'!J32 -> 11 | ... Q6: ='Q1'!R32 -> 33 | R6: =MIN(D6:Q6) -> 11 | U6: Irish Ferreras | V6: 72 | W6: 53 | X6: =V6/W6 -> 1.3584906 | Y6: =W6/V6 -> 0.73611111
A7: ='Q1'!A78 -> 45761 | B7: ='Q1'!B78 -> Vera Hibaya | C7: ='Q1'!D78 -> 18 | D7: ='Q1'!E78 -> 19 | E7: ='Q1'!F78 -> 19 | F7: ='Q1'!G78 -> 18 | G7: ='Q1'!H78 -> 19 | H7: ='Q1'!I78 -> 18 | I7: N/A | J7: ='Q1'!K78 -> 19 | K7: ='Q1'!L78 -> 19 | L7: N/A | M7: N/A | N7: N/A | O7: ='Q1'!P78 -> 19 | P7: N/A | Q7: ='Q1'!R78 -> 19 | R7: =MIN(D7:Q7) -> 18 | U7: Jean LuZada | V7: 57 | W7: 41 | X7: =V7/W7 -> 1.3902439 | Y7: =W7/V7 -> 0.71929825
A8: ='Q1'!A78 -> 45761 | B8: ='Q1'!C78 -> Catherine Cachero | C8: ='Q1'!D78 -> 18 | D8: ='Q1'!E78 -> 19 | E8: ='Q1'!F78 -> 19 | F8: ='Q1'!G78 -> 18 | G8: ='Q1'!H78 -> 19 | H8: ='Q1'!I78 -> 18 | I8: N/A | J8: ='Q1'!K78 -> 19 | K8: ='Q1'!L78 -> 19 | L8: N/A | M8: N/A | N8: N/A | O8: ='Q1'!P78 -> 19 | P8: N/A | Q8: ='Q1'!R78 -> 19 | R8: =MIN(D8:Q8) -> 18 | U8: Jeff Janda | V8: 27 | W8: 34 | X8: =V8/W8 -> 0.79411765 | Y8: =W8/V8 -> 1.2592593
A9: ='Q1'!A99 -> 45768 | B9: ='Q1'!B99 -> Nancy Price | C9: ='Q1'!D99 -> 18 | D9: ='Q1'!E99 -> 19 | E9: ='Q1'!F99 -> 19 | F9: ='Q1'!G99 -> 18 | G9: ='Q1'!H99 -> 19 | H9: ='Q1'!I99 -> 18 | I9: ='Q1'!J99 -> 19 | J9: ='Q1'!K99 -> 19 | ... Q9: ='Q1'!R99 -> 19 | R9: =MIN(D9:Q9) -> 18 | U9: Jennifer Ramirez | V9: 26 | W9: 28 | X9: =V9/W9 -> 0.92857143 | Y9: =W9/V9 -> 1.0769231
A10: ='Q1'!A99 -> 45768 | B10: ='Q1'!C99 -> Kate Saigo | C10: ='Q1'!D99 -> 18 | D10: ='Q1'!E99 -> 19 | E10: ='Q1'!F99 -> 19 | F10: ='Q1'!G99 -> 18 | G10: ='Q1'!H99 -> 19 | H10: ='Q1'!I99 -> 18 | I10: ='Q1'!J99 -> 19 | ... Q10: ='Q1'!R99 -> 19 | R10: =MIN(D10:Q10) -> 18 | U10: Kate Postres | V10: 30 | W10: 30 | X10: =V10/W10 -> 1 | Y10: =W10/V10 -> 1
A11: ='Q1'!A119 -> 45775 | B11: ='Q1'!B119 -> Donna Caliling | C11: ='Q1'!D119 -> 13 | D11: ='Q1'!E119 -> 15 | E11: ='Q1'!F119 -> 15 | F11: ='Q1'!G119 -> 14 | G11: ='Q1'!H119 -> 15 | H11: ='Q1'!I119 -> 14 | I11: ='Q1'!J119 -> 15 | J11: ='Q1'!K119 -> 15 | ... Q11: ='Q1'!R119 -> 15 | R11: =MIN(D11:Q11) -> 14 | U11: Kate Saigo | V11: 41 | W11: 43 | X11: =V11/W11 -> 0.95348837 | Y11: =W11/V11 -> 1.0487805
A12: ='Q1'!A119 -> 45775 | B12: ='Q1'!C119 -> Jeff Janda | C12: ='Q1'!D119 -> 13 | D12: ='Q1'!E119 -> 15 | E12: ='Q1'!F119 -> 15 | F12: ='Q1'!G119 -> 14 | G12: ='Q1'!H119 -> 15 | H12: ='Q1'!I119 -> 14 | I12: ='Q1'!J119 -> 15 | ... Q12: ='Q1'!R119 -> 15 | R12: =MIN(D12:Q12) -> 14 | U12: Kenneth Vera Hibaya | V12: 19 | W12: 0 | X12: =V12/W12 -> #DIV/0! | Y12: =W12/V12 -> 0
A13: ='Q1'!A139 -> 45789 | B13: ='Q1'!B139 -> Viena Lacena | C13: ='Q1'!D139 -> 16 | D13: ='Q1'!E139 -> 18 | E13: ='Q1'!F139 -> 18 | F13: ='Q1'!G139 -> 16 | G13: ='Q1'!H139 -> 18 | H13: ='Q1'!I139 -> 16 | I13: ='Q1'!J139 -> 16 | J13: ='Q1'!K139 -> 18 | ... Q13: ='Q1'!R139 -> 18 | R13: =MIN(D13:Q13) -> 16 | U13: Maria Lourdes Tendenilla | V13: 15 | W13: 16 | X13: =V13/W13 -> 0.9375 | Y13: =W13/V13 -> 1.0666667
A14: ='Q1'!A139 -> 45789 | B14: ='Q1'!C139 -> Kate Postres | C14: ='Q1'!D139 -> 16 | D14: ='Q1'!E139 -> 18 | E14: ='Q1'!F139 -> 18 | F14: ='Q1'!G139 -> 16 | G14: ='Q1'!H139 -> 18 | H14: ='Q1'!I139 -> 16 | I14: ='Q1'!J139 -> 16 | ... Q14: ='Q1'!R139 -> 18 | R14: =MIN(D14:Q14) -> 16 | U14: Maynard Soriano | V14: 44 | W14: 40 | X14: =V14/W14 -> 1.1 | Y14: =W14/V14 -> 0.90909091
A15: ='Q1'!A163 -> 45797 | B15: ='Q1'!B163 -> Chase Argamosa | C15: ='Q1'!D163 -> 11 | D15: ='Q1'!E163 -> 12 | E15: ='Q1'!F163 -> 12 | F15: ='Q1'!G163 -> 11 | G15: ='Q1'!H163 -> 12 | H15: ='Q1'!I163 -> 12 | I15: ='Q1'!J163 -> 11 | J15: ='Q1'!K163 -> 12 | ... Q15: ='Q1'!R163 -> 11 | R15: =MIN(D15:Q15) -> 11 | U15: Mel Cajucom | V15: 48 | W15: 26 | X15: =V15/W15 -> 1.8461538 | Y15: =W15/V15 -> 0.54166667
A16: ='Q1'!A163 -> 45797 | B16: ='Q1'!C163 -> Vhea De Fiesta | C16: ='Q1'!D163 -> 11 | D16: ='Q1'!E163 -> 12 | E16: ='Q1'!F163 -> 12 | F16: ='Q1'!G163 -> 11 | G16: ='Q1'!H163 -> 12 | H16: ='Q1'!I163 -> 12 | I16: ='Q1'!J163 -> 11 | ... Q16: ='Q1'!R163 -> 11 | R16: =MIN(D16:Q16) -> 11 | U16: Nancy Price | V16: 62 | W16: 58 | X16: =V16/W16 -> 1.0689655 | Y16: =W16/V16 -> 0.93548387
A17: ='Q1'!A178 -> 45803 | B17: ='Q1'!B178 -> Jean Luzada | C17: ='Q1'!D178 -> 14 | D17: ='Q1'!E178 -> 16 | E17: ='Q1'!F178 -> 16 | F17: ='Q1'!G178 -> 15 | G17: ='Q1'!H178 -> 16 | H17: ='Q1'!I178 -> 15 | I17: N/A | J17: ='Q1'!K178 -> 16 | K17: ='Q1'!L178 -> 16 | L17: N/A | M17: N/A | N17: N/A | O17: ='Q1'!P178 -> 16 | P17: N/A | Q17: ='Q1'!R178 -> 16 | R17: =MIN(D17:Q17) -> 15 | U17: Sneha Menda | V17: 30 | W17: 25 | X17: =V17/W17 -> 1.2 | Y17: =W17/V17 -> 0.83333333
A18: ='Q1'!A178 -> 45803 | B18: ='Q1'!C178 -> Maynard Soriano | C18: ='Q1'!D178 -> 14 | D18: ='Q1'!E178 -> 16 | E18: ='Q1'!F178 -> 16 | F18: ='Q1'!G178 -> 15 | G18: ='Q1'!H178 -> 16 | H18: ='Q1'!I178 -> 15 | I18: N/A | J18: ='Q1'!K178 -> 16 | K18: ='Q1'!L178 -> 16 | L18: N/A | M18: N/A | N18: N/A | O18: ='Q1'!P178 -> 16 | P18: N/A | Q18: ='Q1'!R178 -> 16 | R18: =MIN(D18:Q18) -> 15 | U18: Vera Hibaya | V18: 63 | W18: 55 | X18: =V18/W18 -> 1.1454545 | Y18: =W18/V18 -> 0.87301587
A19: ='Q1'!A178 -> 45803 | B19: ='Q1'!U178 -> Jennifer Ramirez | C19: ='Q1'!D178 -> 14 | D19: ='Q1'!E178 -> 16 | E19: ='Q1'!F178 -> 16 | F19: ='Q1'!G178 -> 15 | G19: ='Q1'!H178 -> 16 | H19: ='Q1'!I178 -> 15 | I19: N/A | J19: ='Q1'!K178 -> 16 | K19: ='Q1'!L178 -> 16 | L19: N/A | M19: N/A | N19: N/A | O19: ='Q1'!P178 -> 16 | P19: N/A | Q19: ='Q1'!R178 -> 16 | R19: =MIN(D19:Q19) -> 15 | U19: Vhea De Fiesta | V19: 37 | W19: 36 | X19: =V19/W19 -> 1.0277778 | Y19: =W19/V19 -> 0.97297297
A20: ='Q2'!A2 -> 06.09.2025 | B20: ='Q2'!B2 -> Anabelle Pizon | C20: ='Q2'!D2 -> 14 | D20: ='Q2'!E2 -> 15 | E20: ='Q2'!F2 -> 15 | F20: ='Q2'!G2 -> 15 | G20: ='Q2'!H2 -> 15 | H20: ='Q2'!I2 -> 15 | I20: N/A | J20: ='Q2'!K2 -> 15 | K20: ='Q2'!L2 -> 15 | L20: N/A | M20: N/A | N20: N/A | O20: ='Q2'!P2 -> 15 | P20: N/A | Q20: ='Q2'!R2 -> 15 | R20: =MIN(D20:Q20) -> 15 | U20: Viena Lacena | V20: 16 | W20: 16 | X20: =V20/W20 -> 1 | Y20: =W20/V20 -> 1
A21: ='Q2'!A2 -> 06.09.2025 | B21: ='Q2'!C2 -> Irish Ferreras | C21: ='Q2'!D2 -> 14 | D21: ='Q2'!E2 -> 15 | E21: ='Q2'!F2 -> 15 | F21: ='Q2'!G2 -> 15 | G21: ='Q2'!H2 -> 15 | H21: ='Q2'!I2 -> 15 | I21: N/A | J21: ='Q2'!K2 -> 15 | K21: ='Q2'!L2 -> 15 | L21: N/A | M21: N/A | N21: N/A | O21: ='Q2'!P2 -> 15 | P21: N/A | Q21: ='Q2'!R2 -> 15 | R21: =MIN(D21:Q21) -> 15 | U21: (blank) | X21: =V21/W21 -> #DIV/0! | Y21: =W21/V21 -> #DIV/0!
A22: ='Q2'!A22 -> 06.23.2025 | B22: ='Q2'!B22 -> Kate Saigo | C22: ='Q2'!D22 -> 10 | D22: ='Q2'!E22 -> 11 | E22: ='Q2'!F22 -> 11 | F22: ='Q2'!G22 -> 11 | G22: ='Q2'!H22 -> 11 | H22: ='Q2'!I22 -> 11 | I22: ='Q2'!J22 -> 10 | J22: ='Q2'!K22 -> 11 | ... Q22: ='Q2'!R22 -> 11 | R22: =MIN(D22:Q22) -> 10 | U22: Kaylum Jonkers | V22: 14 | W22: 15 | X22: =V22/W22 -> 0.93333333 | Y22: =W22/V22 -> 1.0714286
A23: ='Q2'!A22 -> 06.23.2025 | B23: ='Q2'!C22 -> Jeff Janda | C23: ='Q2'!D22 -> 10 | D23: ='Q2'!E22 -> 11 | E23: ='Q2'!F22 -> 11 | F23: ='Q2'!G22 -> 11 | G23: ='Q2'!H22 -> 11 | H23: ='Q2'!I22 -> 11 | I23: ='Q2'!J22 -> 10 | ... Q23: ='Q2'!R22 -> 11 | R23: =MIN(D23:Q23) -> 10 | U23: Mary Anne Cruz | V23: 23 | W23: 10 | X23: =V23/W23 -> 2.3 | Y23: =W23/V23 -> 0.43478261
A24: ='Q2'!A36 -> 06.23.2025 | B24: ='Q2'!B36 -> Nancy Price | C24: ='Q2'!D36 -> 30 | D24: ='Q2'!E36 -> 37 | E24: ='Q2'!F36 -> 37 | F24: ='Q2'!G36 -> 34 | G24: ='Q2'!H36 -> 36 | H24: ='Q2'!I36 -> 35 | I24: ='Q2'!J36 -> 37 | J24: ='Q2'!K36 -> 36 | ... Q24: ='Q2'!R36 -> 25 | R24: =MIN(D24:Q24) -> 25 | U24: Patrick James Reosia | V24: 19 | W24: 19 | X24: =V24/W24 -> 1 | Y24: =W24/V24 -> 1
A25: ='Q2'!A36 -> 06.23.2025 | B25: ='Q2'!C36 -> Sneha Menda | C25: ='Q2'!D36 -> 30 | D25: ='Q2'!E36 -> 37 | E25: ='Q2'!F36 -> 37 | F25: ='Q2'!G36 -> 34 | G25: ='Q2'!H36 -> 36 | H25: ='Q2'!I36 -> 35 | I25: ='Q2'!J36 -> 37 | ... Q25: ='Q2'!R36 -> 25 | R25: =MIN(D25:Q25) -> 25 | U25: Jarry Calilung | V25: 16 | W25: 16 | X25: =V25/W25 -> 1 | Y25: =W25/V25 -> 1
A26: ='Q2'!A36 -> 06.23.2025 | B26: ='Q2'!U36 -> Mel Cajucom | C26: ='Q2'!D36 -> 30 | D26: ='Q2'!E36 -> 37 | E26: ='Q2'!F36 -> 37 | F26: ='Q2'!G36 -> 34 | G26: ='Q2'!H36 -> 36 | H26: ='Q2'!I36 -> 35 | I26: ='Q2'!J36 -> 37 | J26: ='Q2'!K36 -> 36 | ... Q26: ='Q2'!R36 -> 25 | R26: =MIN(D26:Q26) -> 25 | U26: Anabelle Pizon | V26: 26 | W26: 28 | X26: =V26/W26 -> 0.92857143 | Y26: =W26/V26 -> 1.0769231
A27: ='Q2'!A36 -> 06.23.2025 | B27: ='Q2'!V36 -> Maynard Soriano | C27: ='Q2'!D36 -> 30 | D27: ='Q2'!E36 -> 37 | E27: ='Q2'!F36 -> 37 | F27: ='Q2'!G36 -> 34 | G27: ='Q2'!H36 -> 36 | H27: ='Q2'!I36 -> 35 | I27: ='Q2'!J36 -> 37 | J27: ='Q2'!K36 -> 36 | ... Q27: ='Q2'!R36 -> 25 | R27: =MIN(D27:Q27) -> 25 | U27: Robin Yasona | V27: 13 | W27: 15 | X27: =V27/W27 -> 0.86666667 | Y27: =W27/V27 -> 1.1538462
A28: 06.30.2025 | B28: ='Q2'!B81 -> Vera Hibaya | C28: ='Q2'!D81 -> 31 | D28: ='Q2'!E81 -> 22 | E28: ='Q2'!F81 -> 22 | F28: ='Q2'!G81 -> 22 | G28: ='Q2'!H81 -> 22 | H28: ='Q2'!I81 -> 22 | I28: ='Q2'!J81 -> N/A | J28: ='Q2'!K81 -> 22 | ... Q28: ='Q2'!R81 -> 22 | R28: =MIN(D28:Q28) -> 22 | U28: Maynard Soriano | V28: 13 | W28: 13
A29: 06.30.2025 | B29: Catherine Cachero | C29: ='Q2'!D81 -> 31 | D29: ='Q2'!E81 -> 22 | E29: ='Q2'!F81 -> 22 | F29: ='Q2'!G81 -> 22 | G29: ='Q2'!H81 -> 22 | H29: ='Q2'!I81 -> 22 | I29: ='Q2'!J81 -> N/A | J29: ='Q2'!K81 -> 22 | ... Q29: ='Q2'!R81 -> 22 | R29: =MIN(D29:Q29) -> 22 | U29: Jack Malumbelumbe | V29: 0 | W29: 0
A30: ='Q2'!A98 -> 07.07.2025 | B30: ='Q2'!B98 -> Jean Luzada | C30: ='Q2'!D98 -> 10 | D30: ='Q2'!E98 -> 10 | E30: ='Q2'!F98 -> 10 | F30: ='Q2'!G98 -> 10 | G30: ='Q2'!H98 -> 10 | H30: ='Q2'!I98 -> 9 | I30: ='Q2'!J98 -> N/A | J30: ='Q2'!K98 -> 10 | ... Q30: ='Q2'!R98 -> 10 | R30: =MIN(D30:Q30) -> 9 | U30: Maleka Legodi | V30: 0 | W30: 0
A31: ='Q2'!A98 -> 07.07.2025 | B31: ='Q2'!C98 -> Vhea De Fiesta | C31: 10 | D31: 10 | E31: 10 | F31: 10 | G31: 10 | H31: 9 | I31: N/A | J31: 10 | K31: 10 | L31: N/A | M31: N/A | N31: N/A | O31: 10 | P31: N/A | Q31: 10 | R31: =MIN(D31:Q31) -> 9 | U31: Surprise Mosehla | V31: 0 | W31: 0
A32: 7.22.2025 | B32: ='Q2'!B116 -> Irish Ferreras | C32: ='Q2'!D116 -> 14 | D32: ='Q2'!E116 -> 14 | E32: ='Q2'!F116 -> 14 | F32: ='Q2'!G116 -> 14 | G32: ='Q2'!H116 -> 14 | H32: ='Q2'!I116 -> 15 | I32: ='Q2'!J116 -> N/A | J32: ='Q2'!K116 -> 14 | ... Q32: ='Q2'!R116 -> 14 | R32: =MIN(D32:Q32) -> 14 | U32: Tshepo Nkumelini | V32: 0 | W32: 0
A33: 7.22.2025 | B33: ='Q2'!C116 -> Kate Postres | C33: ='Q2'!D116 -> 14 | D33: ='Q2'!E116 -> 14 | E33: ='Q2'!F116 -> 14 | F33: ='Q2'!G116 -> 14 | G33: ='Q2'!H116 -> 14 | H33: ='Q2'!I116 -> 15 | I33: ='Q2'!J116 -> N/A | ... Q33: ='Q2'!R116 -> 14 | R33: =MIN(D33:Q33) -> 14 | U33: Siyabulele Mvimbi | V33: 0 | W33: 0
A34: 07.28.2025 | B34: ='[1]Class Summary'!$B$11 -> Jean Luzada | C34: ='Q2'!D135 -> 15 | D34: ='Q2'!E135 -> 17 | E34: ='Q2'!F135 -> 17 | F34: ='Q2'!G135 -> 16 | G34: ='Q2'!H135 -> 17 | H34: ='Q2'!I135 -> 16 | I34: ='Q2'!J135 -> 17 | J34: ='Q2'!K135 -> 18 | ... Q34: ='Q2'!R135 -> 18 | R34: =MIN(D34:Q34) -> 16 | U34: Grand Total | V34: 838 | W34: 722
A35: 07.28.2025 | B35: ='[1]Class Summary'!$B$12 -> Maria Lourdes Tendenilla | C35: ='Q2'!D135 -> 15 | D35: ='Q2'!E135 -> 17 | E35: ='Q2'!F135 -> 17 | F35: ='Q2'!G135 -> 16 | G35: ='Q2'!H135 -> 17 | H35: ='Q2'!I135 -> 16 | I35: ='Q2'!J135 -> 17 | J35: ='Q2'!K135 -> 18 | ... Q35: ='Q2'!R135 -> 18 | R35: =MIN(D35:Q35) -> 16
A36: 08.18.2025 | B36: ='Q2'!B154 -> Anabelle Pizon | C36: ='Q2'!D154 -> 12 | D36: ='Q2'!E154 -> 13 | E36: ='Q2'!F154 -> 13 | F36: ='Q2'!G154 -> 13 | G36: ='Q2'!H154 -> 13 | H36: ='Q2'!I154 -> 13 | I36: ='Q2'!J154 -> N/A | J36: ='Q2'!K154 -> 13 | ... Q36: ='Q2'!R154 -> 13 | R36: =MIN(D36:Q36) -> 13
A37: 08.18.2025 | B37: ='Q2'!C154 -> Jennifer Ramirez | C37: ='Q2'!D154 -> 12 | D37: ='Q2'!E154 -> 13 | E37: ='Q2'!F154 -> 13 | F37: ='Q2'!G154 -> 13 | G37: ='Q2'!H154 -> 13 | H37: ='Q2'!I154 -> 13 | I37: ='Q2'!J154 -> N/A | ... Q37: ='Q2'!R154 -> 13 | R37: =MIN(D37:Q37) -> 13
A38: 08.18.2025 | B38: ='Q2'!B169 -> Kate Saigo | C38: ='Q2'!D169 -> 13 | D38: ='Q2'!E169 -> 16 | E38: ='Q2'!F169 -> 16 | F38: ='Q2'!G169 -> 15 | G38: ='Q2'!H169 -> 16 | H38: ='Q2'!I169 -> 15 | I38: ='Q2'!J169 -> 16 | J38: ='Q2'!K169 -> 16 | ... Q38: ='Q2'!R169 -> 16 | R38: =MIN(D38:Q38) -> 15
A39: 08.18.2025 | B39: ='Q2'!C169 -> Robin Yasona | C39: ='Q2'!D169 -> 13 | D39: ='Q2'!E169 -> 16 | E39: ='Q2'!F169 -> 16 | F39: ='Q2'!G169 -> 15 | G39: ='Q2'!H169 -> 16 | H39: ='Q2'!I169 -> 15 | I39: ='Q2'!J169 -> 16 | ... Q39: ='Q2'!R169 -> 16 | R39: =MIN(D39:Q39) -> 15
A40: 08.18.2025 | B40: Nancy Price | C40: ='Q2'!D187 -> 14 | D40: ='Q2'!E187 -> 15 | E40: ='Q2'!F187 -> 15 | F40: ='Q2'!G187 -> 15 | G40: ='Q2'!H187 -> 15 | H40: ='Q2'!I187 -> 15 | I40: ='Q2'!J187 -> N/A | J40: ='Q2'!K187 -> 15 | ... Q40: ='Q2'!R187 -> 15 | R40: =MIN(D40:Q40) -> 15
A41: 08.18.2025 | B41: Vera Hibaya | C41: ='Q2'!D187 -> 14 | D41: ='Q2'!E187 -> 15 | E41: ='Q2'!F187 -> 15 | F41: ='Q2'!G187 -> 15 | G41: ='Q2'!H187 -> 15 | H41: ='Q2'!I187 -> 15 | I41: ='Q2'!J187 -> N/A | J41: ='Q2'!K187 -> 15 | ... Q41: ='Q2'!R187 -> 15 | R41: =MIN(D41:Q41) -> 15
A42: 08.18.2025 | B42: Kaylum Jonkers | C42: ='Q2'!D187 -> 14 | D42: ='Q2'!E187 -> 15 | E42: ='Q2'!F187 -> 15 | F42: ='Q2'!G187 -> 15 | G42: ='Q2'!H187 -> 15 | H42: ='Q2'!I187 -> 15 | I42: ='Q2'!J187 -> N/A | J42: ='Q2'!K187 -> 15 | ... Q42: ='Q2'!R187 -> 15 | R42: =MIN(D42:Q42) -> 15
A43: 08.26.2025 | B43: Jeff Janda | C43: ='Q2'!D203 -> 7 | D43: ='Q2'!E203 -> 10 | E43: ='Q2'!F203 -> 10 | F43: ='Q2'!G203 -> 10 | G43: ='Q2'!H203 -> 10 | H43: ='Q2'!I203 -> 10 | I43: ='Q2'!J203 -> N/A | J43: ='Q2'!K203 -> 10 | ... Q43: ='Q2'!R203 -> 10 | R43: =MIN(D43:Q43) -> 10
A44: 08.26.2025 | B44: Chase Argamosa | C44: ='Q2'!D203 -> 7 | D44: ='Q2'!E203 -> 10 | E44: ='Q2'!F203 -> 10 | F44: ='Q2'!G203 -> 10 | G44: ='Q2'!H203 -> 10 | H44: ='Q2'!I203 -> 10 | I44: ='Q2'!J203 -> N/A | J44: ='Q2'!K203 -> 10 | ... Q44: ='Q2'!R203 -> 10 | R44: =MIN(D44:Q44) -> 10
A45: 08.26.2025 | B45: Mary Anne Cruz | C45: ='Q2'!D203 -> 7 | D45: ='Q2'!E203 -> 10 | E45: ='Q2'!F203 -> 10 | F45: ='Q2'!G203 -> 10 | G45: ='Q2'!H203 -> 10 | H45: ='Q2'!I203 -> 10 | I45: ='Q2'!J203 -> N/A | J45: ='Q2'!K203 -> 10 | ... Q45: ='Q2'!R203 -> 10 | R45: =MIN(D45:Q45) -> 10
A46: 09.11.2025 | B46: ='Q2'!B217 -> Catherine Cachero | C46: ='Q2'!D217 -> 19 | D46: ='Q2'!E217 -> 19 | E46: ='Q2'!F217 -> 19 | F46: ='Q2'!G217 -> 19 | G46: ='Q2'!H217 -> 19 | H46: ='Q2'!I217 -> 19 | I46: ='Q2'!J217 -> N/A | J46: ='Q2'!K217 -> 19 | ... Q46: ='Q2'!R217 -> 19 | R46: =MIN(D46:Q46) -> 19
A47: 09.11.2025 | B47: ='Q2'!C217 -> Patrick James Reosia | C47: ='Q2'!D217 -> 19 | D47: ='Q2'!E217 -> 19 | E47: ='Q2'!F217 -> 19 | F47: ='Q2'!G217 -> 19 | G47: ='Q2'!H217 -> 19 | H47: ='Q2'!I217 -> 19 | I47: ='Q2'!J217 -> N/A | ... Q47: ='Q2'!R217 -> 19 | R47: =MIN(D47:Q47) -> 19
A48: 09.22.2025 | B48: Vhea De Fiesta | C48: ='Q2'!D237 -> 14 | D48: ='Q2'!E237 -> 16 | E48: ='Q2'!F237 -> 16 | F48: ='Q2'!G237 -> 16 | G48: ='Q2'!H237 -> 16 | H48: ='Q2'!I237 -> 16 | I48: ='Q2'!J237 -> N/A | J48: ='Q2'!K237 -> 16 | ... Q48: ='Q2'!R237 -> 16 | R48: =MIN(D48:Q48) -> 16
A49: 09.22.2025 | B49: ='Q2'!C237 -> Jarry Calilung | C49: ='Q2'!D237 -> 14 | D49: ='Q2'!E237 -> 16 | E49: ='Q2'!F237 -> 16 | F49: ='Q2'!G237 -> 16 | G49: ='Q2'!H237 -> 16 | H49: ='Q2'!I237 -> 16 | I49: ='Q2'!J237 -> N/A | ... Q49: ='Q2'!R237 -> 16 | R49: =MIN(D49:Q49) -> 16
A50: 10.06.2025 | B50: ='Q2'!B256 -> Irish Ferreras | C50: ='Q2'!D256 -> 10 | D50: ='Q2'!E256 -> 15 | E50: ='Q2'!F256 -> 14 | F50: ='Q2'!G256 -> 15 | G50: ='Q2'!H256 -> 14 | H50: ='Q2'!I256 -> 14 | I50: ='Q2'!J256 -> 13 | J50: ='Q2'!K256 -> 14 | ... Q50: ='Q2'!R256 -> 15 | R50: =MIN(D50:Q50) -> 13
A51: 10.06.2025 | B51: ='Q2'!C256 -> Maynard Soriano | C51: ='Q2'!D256 -> 10 | D51: ='Q2'!E256 -> 15 | E51: ='Q2'!F256 -> 14 | F51: ='Q2'!G256 -> 15 | G51: ='Q2'!H256 -> 14 | H51: ='Q2'!I256 -> 14 | I51: ='Q2'!J256 -> 13 | ... Q51: ='Q2'!R256 -> 15 | R51: =MIN(D51:Q51) -> 13
A52: 10.13.2025 | B52: ='Q2'!B272 -> Jack Malumbelumbe | C52: ='Q2'!D272 -> 16 | D52: ='Q2'!E272 -> 16 | E52: ='Q2'!F272 -> 16 | F52: ='Q2'!G272 -> 16 | G52: ='Q2'!H272 -> 16 | H52: ='Q2'!I272 -> 16 | I52: ='Q2'!J272 -> 0 | J52: ='Q2'!K272 -> 0 | ... Q52: ='Q2'!R272 -> 16 | R52: =MIN(D52:Q52) -> 0
A53: 10.13.2025 | B53: ='Q2'!C272 -> Maleka Legodi | C53: ='Q2'!D272 -> 16 | D53: ='Q2'!E272 -> 16 | E53: ='Q2'!F272 -> 16 | F53: ='Q2'!G272 -> 16 | G53: ='Q2'!H272 -> 16 | H53: ='Q2'!I272 -> 16 | I53: ='Q2'!J272 -> 0 | ... Q53: ='Q2'!R272 -> 16 | R53: =MIN(D53:Q53) -> 0
A54: 10.13.2025 | B54: Surprise Mosehla | C54: ='Q2'!D289 -> 12 | D54: ='Q2'!E289 -> 15 | E54: ='Q2'!F289 -> 15 | F54: ='Q2'!G289 -> 15 | G54: ='Q2'!H289 -> 15 | H54: ='Q2'!I289 -> 15 | I54: ='Q2'!J289 -> 0 | J54: ='Q2'!K289 -> 0 | ... Q54: ='Q2'!R289 -> 15 | R54: =MIN(D54:Q54) -> 0
A55: 10.13.2025 | B55: Tshepo Nkumelini | C55: ='Q2'!D289 -> 12 | D55: ='Q2'!E289 -> 15 | E55: ='Q2'!F289 -> 15 | F55: ='Q2'!G289 -> 15 | G55: ='Q2'!H289 -> 15 | H55: ='Q2'!I289 -> 15 | I55: ='Q2'!J289 -> 0 | J55: ='Q2'!K289 -> 0 | ... Q55: ='Q2'!R289 -> 15 | R55: =MIN(D55:Q55) -> 0
A56: 10.20.2025 | B56: Kaylum Jonkers | C56: ='Q2'!D305 -> 14 | D56: ='Q2'!E305 -> 16 | E56: ='Q2'!F305 -> 16 | F56: ='Q2'!G305 -> 15 | G56: ='Q2'!H305 -> 16 | H56: ='Q2'!I305 -> 15 | I56: ='Q2'!J305 -> 0 | J56: ='Q2'!K305 -> 0 | ... Q56: ='Q2'!R305 -> 16 | R56: =MIN(D56:Q56) -> 0
A57: 10.20.2025 | B57: Siyabulele Mvimbi | C57: ='Q2'!D305 -> 14 | D57: ='Q2'!E305 -> 16 | E57: ='Q2'!F305 -> 16 | F57: ='Q2'!G305 -> 15 | G57: ='Q2'!H305 -> 16 | H57: ='Q2'!I305 -> 15 | I57: ='Q2'!J305 -> 0 | J57: ='Q2'!K305 -> 0 | ... Q57: ='Q2'!R305 -> 16 | R57: =MIN(D57:Q57) -> 0
A58: 10.20.2025 | B58: ='Q2'!B324 -> Kenneth Vera Hibaya | C58: ='Q2'!D324 -> 19 | D58: ='Q2'!E324 -> 13 | E58: ='Q2'!F324 -> 13 | F58: ='Q2'!G324 -> 13 | G58: ='Q2'!H324 -> 13 | H58: ='Q2'!I324 -> 13 | I58: ='Q2'!J324 -> 0 | J58: ='Q2'!K324 -> 0 | ... Q58: ='Q2'!R324 -> 13 | R58: =MIN(D58:Q58) -> 0
A59: 10.20.2025 | B59: ='Q2'!C324 -> Mary Anne Cruz | C59: ='Q2'!D324 -> 19 | D59: ='Q2'!E324 -> 13 | E59: ='Q2'!F324 -> 13 | F59: ='Q2'!G324 -> 13 | G59: ='Q2'!H324 -> 13 | H59: ='Q2'!I324 -> 13 | I59: ='Q2'!J324 -> 0 | ... Q59: ='Q2'!R324 -> 13 | R59: =MIN(D59:Q59) -> 0

Sheet Q1
A1: Class Start Date | B1: Trainer Name | C1: 0 | D1: Number of Agent Transition to Nesting | E1: Whistleblowing | F1: PCB Compliance Coaching Model | G1: Complaint Management Theory | H1: NTT BPO PCB AML - General | I1: Senior's Fraud | J1: Corporate Policy and Procedure Employee Sign off | K1: NTT BPO CASL | L1: NTT BPO AODA | M1: NTT BPO Health and Safety - Onshore or Offshore version | N1: NTT BPO WHMIS | O1: NTT BPO Violence and Harassment in the Workplace Quiz | P1: NTT BPO Insider Fraud Awareness | Q1: NTT BPO Privacy + Security | R1: NTT BPO Human Rights Code | S1: Notes | T1: Last day in Training
A2: 03.10.2025 | B2: Jean LuZada | C2: Mel Cajucom | D2: =SUM(D3:D31) -> 18 | E2: =COUNTIF(E3:E31, ">79%") -> 25 | F2: =COUNTIF(F3:F31, ">79%") -> 25 | G2: =COUNTIF(G3:G31, ">79%") -> 22 | H2: =COUNTIF(H3:H31, ">79%") -> 25 | I2: =COUNTIF(I3:I31, ">79%") -> 22 | J2: =COUNTIF(J3:J31, ">99.9%") -> 25 | K2: =COUNTIF(K3:K31, ">79%") -> 25 | L2: =COUNTIF(L3:L31, ">79%") -> 25 | M2: =COUNTIF(M3:M31, ">79%") -> 25 | N2: =COUNTIF(N3:N31, ">79%") -> 1 | O2: =COUNTIF(O3:O31, ">79%") -> 1 | P2: =COUNTIF(P3:P31, ">79%") -> 25 | Q2: =COUNTIF(Q3:Q31, ">79%") -> 25 | R2: =COUNTIF(R3:R31, ">79%") -> 25
A3: ='[2]Student Data'!M5 -> 341480 | B3: =[2]Reporting!C4 -> Transition to Production with SMART plan | C3: =[2]Reporting!F4 -> Cristy Abaya | D3: {=--(SUM(COUNTIF(B3,{"*nest*","*grad*","*trans*","*1B*","*1C*"}))>0)} -> 1 | E3: =[2]Performance!Q5 -> 1 | F3: =[2]Performance!R5 -> 1 | G3: =[2]Performance!S5 -> 0.9 | H3: =[2]Performance!T5 -> 1 | I3: =[2]Performance!U5 -> 0.83 | J3: =[2]Performance!H5 -> 1 | K3: =[2]Performance!I5 -> 0.88 | L3: =[2]Performance!J5 -> 0.8 | M3: =[2]Performance!K5 -> 1 | N3: =[2]Performance!L5 -> N/A | O3: =[2]Performance!M5 -> N/A | P3: =[2]Performance!N5 -> 1 | Q3: =[2]Performance!O5 -> 1 | R3: =[2]Performance!P5 -> 0.91
A4: ='[2]Student Data'!M6 -> 341515 | B4: =[2]Reporting!C5 -> Transition to Production with SMART plan | C4: =[2]Reporting!F5 -> Sheryl Villegas | D4: {=--(SUM(COUNTIF(B4,{"*nest*","*grad*","*trans*","*1B*","*1C*"}))>0)} -> 1 | E4: =[2]Performance!Q6 -> 1 | F4: =[2]Performance!R6 -> 1 | G4: =[2]Performance!S6 -> 0.96 | H4: =[2]Performance!T6 -> 1 | I4: =[2]Performance!U6 -> 0.86 | J4: =[2]Performance!H6 -> 1 | K4: =[2]Performance!I6 -> 0.88 | L4: =[2]Performance!J6 -> 1 | M4: =[2]Performance!K6 -> 1 | N4: =[2]Performance!L6 -> N/A | O4: =[2]Performance!M6 -> N/A | P4: =[2]Performance!N6 -> 1 | Q4: =[2]Performance!O6 -> 1 | R4: =[2]Performance!P6 -> 1
A5: ='[2]Student Data'!M7 -> 341511 | B5: =[2]Reporting!C6 -> Resigned-Nesting 1A | C5: =[2]Reporting!F6 -> Nikki Jane Macaraig | D5: {=--(SUM(COUNTIF(B5,{"*nest*","*grad*","*trans*","*1B*","*1C*"}))>0)} -> 1 | E5: =[2]Performance!Q7 -> 1 | F5: =[2]Performance!R7 -> 1 | G5: =[2]Performance!S7 -> n/a | H5: =[2]Performance!T7 -> 0.8 | I5: =[2]Performance!U7 -> n/a | J5: =[2]Performance!H7 -> 1 | K5: =[2]Performance!I7 -> 0.88 | L5: =[2]Performance!J7 -> 1 | M5: =[2]Performance!K7 -> 1 | N5: =[2]Performance!L7 -> N/A | O5: =[2]Performance!M7 -> N/A | P5: =[2]Performance!N7 -> 1 | Q5: =[2]Performance!O7 -> 1 | R5: =[2]Performance!P7 -> 1
A6: ='[2]Student Data'!M8 -> 341492 | B6: =[2]Reporting!C7 -> Resigned Tier 1A | C6: =[2]Reporting!F7 -> Jeny Rose Cadiz | D6: {=--(SUM(COUNTIF(B6,{"*nest*","*grad*","*trans*","*1B*","*1C*"}))>0)} -> 0 | E6: =[2]Performance!Q8 -> 1 | F6: =[2]Performance!R8 -> 1 | G6: =[2]Performance!S8 -> 0.86 | H6: =[2]Performance!T8 -> 1 | I6: =[2]Performance!U8 -> 1 | J6: =[2]Performance!H8 -> 1 | K6: =[2]Performance!I8 -> 1 | L6: =[2]Performance!J8 -> 1 | M6: =[2]Performance!K8 -> 1 | N6: =[2]Performance!L8 -> N/A | O6: =[2]Performance!M8 -> N/A | P6: =[2]Performance!N8 -> 1 | Q6: =[2]Performance!O8 -> 1 | R6: =[2]Performance!P8 -> 1
A7: ='[2]Student Data'!M9 -> 341481 | B7: =[2]Reporting!C8 -> Transition to Production | C7: =[2]Reporting!F8 -> Avelene Bernardo | D7: {=--(SUM(COUNTIF(B7,{"*nest*","*grad*","*trans*","*1B*","*1C*"}))>0)} -> 1 | E7: =[2]Performance!Q9 -> 1 | F7: =[2]Performance!R9 -> 1 | G7: =[2]Performance!S9 -> 1 | H7: =[2]Performance!T9 -> 1 | I7: =[2]Performance!U9 -> 1 | J7: =[2]Performance!H9 -> 1 | K7: =[2]Performance!I9 -> 1 | L7: =[2]Performance!J9 -> 1 | M7: =[2]Performance!K9 -> 1 | N7: =[2]Performance!L9 -> N/A | O7: =[2]Performance!M9 -> N/A | P7: =[2]Performance!N9 -> 1 | Q7: =[2]Performance!O9 -> 1 | R7: =[2]Performance!P9 -> 0.94
A8: ='[2]Student Data'!M10 -> 341520 | B8: =[2]Reporting!C9 -> Transition to Production | C8: =[2]Reporting!F9 -> Christian Rojo | D8: {=--(SUM(COUNTIF(B8,{"*nest*","*grad*","*trans*","*1B*","*1C*"}))>0)} -> 1 | E8: =[2]Performance!Q10 -> 1 | F8: =[2]Performance!R10 -> 1 | G8: =[2]Performance!S10 -> 0.9 | H8: =[2]Performance!T10 -> 1 | I8: =[2]Performance!U10 -> 1 | J8: =[2]Performance!H10 -> 1 | K8: =[2]Performance!I10 -> 1 | L8: =[2]Performance!J10 -> 1 | M8: =[2]Performance!K10 -> 1 | N8: =[2]Performance!L10 -> N/A | O8: =[2]Performance!M10 -> N/A | P8: =[2]Performance!N10 -> 1 | Q8: =[2]Performance!O10 -> 1 | R8: =[2]Performance!P10 -> 1
A9: ='[2]Student Data'!M11 -> 341517 | B9: =[2]Reporting!C10 -> Transition to Production with SMART plan | C9: =[2]Reporting!F10 -> Tyrone Albert Gonzales | D9: {=--(SUM(COUNTIF(B9,{"*nest*","*grad*","*trans*","*1B*","*1C*"}))>0)} -> 1 | E9: =[2]Performance!Q11 -> 1 | F9: =[2]Performance!R11 -> 1 | G9: =[2]Performance!S11 -> 0.88 | H9: =[2]Performance!T11 -> 1 | I9: =[2]Performance!U11 -> 0.86 | J9: =[2]Performance!H11 -> 1 | K9: =[2]Performance!I11 -> 0.88 | L9: =[2]Performance!J11 -> 1 | M9: =[2]Performance!K11 -> 1 | N9: =[2]Performance!L11 -> N/A | O9: =[2]Performance!M11 -> N/A | P9: =[2]Performance!N11 -> 1 | Q9: =[2]Performance!O11 -> 1 | R9: =[2]Performance!P11 -> 0.86
A10: ='[2]Student Data'!M12 -> 0 | B10: =[2]Reporting!C11 -> Moved/Joining Alternate Class/Program | C10: =[2]Reporting!F11 -> Cristel Ann Melgar | D10: {=--(SUM(COUNTIF(B10,{"*nest*","*grad*","*trans*","*1B*","*1C*"}))>0)} -> 0 | E10: =[2]Performance!Q12 -> n/a | F10: =[2]Performance!R12 -> n/a | G10: =[2]Performance!S12 -> n/a | H10: =[2]Performance!T12 -> n/a | I10: =[2]Performance!U12 -> n/a | J10: =[2]Performance!H12 -> n/a | K10: =[2]Performance!I12 -> n/a | L10: =[2]Performance!J12 -> n/a | M10: =[2]Performance!K12 -> n/a | N10: =[2]Performance!L12 -> N/A | O10: =[2]Performance!M12 -> N/A | P10: =[2]Performance!N12 -> n/a | Q10: =[2]Performance!O12 -> n/a | R10: =[2]Performance!P12 -> n/a
A11: ='[2]Student Data'!M13 -> 0 | B11: =[2]Reporting!C12 -> Did not Start | C11: =[2]Reporting!F12 -> Orpha Isabel Percy | D11: {=--(SUM(COUNTIF(B11,{"*nest*","*grad*","*trans*","*1B*","*1C*"}))>0)} -> 0 | E11: =[2]Performance!Q13 -> n/a | F11: =[2]Performance!R13 -> n/a | G11: =[2]Performance!S13 -> n/a | H11: =[2]Performance!T13 -> n/a | I11: =[2]Performance!U13 -> n/a | J11: =[2]Performance!H13 -> n/a | K11: =[2]Performance!I13 -> n/a | L11: =[2]Performance!J13 -> n/a | M11: =[2]Performance!K13 -> n/a | N11: =[2]Performance!L13 -> N/A | O11: =[2]Performance!M13 -> N/A | P11: =[2]Performance!N13 -> n/a | Q11: =[2]Performance!O13 -> n/a | R11: =[2]Performance!P13 -> n/a
A12: ='[2]Student Data'!M14 -> 341482 | B12: =[2]Reporting!C13 -> LOA | C12: =[2]Reporting!F13 -> Elias Mariano Bautista | D12: {=--(SUM(COUNTIF(B12,{"*nest*","*grad*","*trans*","*1B*","*1C*"}))>0)} -> 0 | E12: =[2]Performance!Q14 -> 1 | F12: =[2]Performance!R14 -> 1 | G12: =[2]Performance!S14 -> 1 | H12: =[2]Performance!T14 -> 1 | I12: =[2]Performance!U14 -> 1 | J12: =[2]Performance!H14 -> 1 | K12: =[2]Performance!I14 -> 1 | L12: =[2]Performance!J14 -> 1 | M12: =[2]Performance!K14 -> 1 | N12: =[2]Performance!L14 -> N/A | O12: =[2]Performance!M14 -> N/A | P12: =[2]Performance!N14 -> 1 | Q12: =[2]Performance!O14 -> 1 | R12: =[2]Performance!P14 -> 0.94
A13: ='[2]Student Data'!M15 -> 0 | B13: =[2]Reporting!C14 -> Did not Start | C13: =[2]Reporting!F14 -> Marianne Manicad | D13: {=--(SUM(COUNTIF(B13,{"*nest*","*grad*","*trans*","*1B*","*1C*"}))>0)} -> 0 | E13: =[2]Performance!Q15 -> n/a | F13: =[2]Performance!R15 -> n/a | G13: =[2]Performance!S15 -> n/a | H13: =[2]Performance!T15 -> n/a | I13: =[2]Performance!U15 -> n/a | J13: =[2]Performance!H15 -> n/a | K13: =[2]Performance!I15 -> n/a | L13: =[2]Performance!J15 -> n/a | M13: =[2]Performance!K15 -> n/a | N13: =[2]Performance!L15 -> N/A | O13: =[2]Performance!M15 -> N/A | P13: =[2]Performance!N15 -> n/a | Q13: =[2]Performance!O15 -> n/a | R13: =[2]Performance!P15 -> n/a
A14: ='[2]Student Data'!M16 -> 341489 | B14: =[2]Reporting!C15 -> Transition to Production | C14: =[2]Reporting!F15 -> Jan Christian Soriño | D14: {=--(SUM(COUNTIF(B14,{"*nest*","*grad*","*trans*","*1B*","*1C*"}))>0)} -> 1 | E14: =[2]Performance!Q16 -> 1 | F14: =[2]Performance!R16 -> 1 | G14: =[2]Performance!S16 -> 0.84 | H14: =[2]Performance!T16 -> 1 | I14: =[2]Performance!U16 -> 0.9 | J14: =[2]Performance!H16 -> 1 | K14: =[2]Performance!I16 -> 0.88 | L14: =[2]Performance!J16 -> 1 | M14: =[2]Performance!K16 -> 1 | N14: =[2]Performance!L16 -> N/A | O14: =[2]Performance!M16 -> N/A | P14: =[2]Performance!N16 -> 1 | Q14: =[2]Performance!O16 -> 1 | R14: =[2]Performance!P16 -> 1
... A31: ='[2]Student Data'!M33 -> 341021 | B31: =[2]Reporting!C32 -> Transition to Production | C31: =[2]Reporting!F32 -> Marvelous Dayo | D31: {=--(SUM(COUNTIF(B31,{"*nest*","*grad*","*trans*","*1B*","*1C*"}))>0)} -> 1 | E31: =[2]Performance!Q33 -> 1 | F31: =[2]Performance!R33 -> 1 | G31: =[2]Performance!S33 -> 1 | H31: =[2]Performance!T33 -> 1 | I31: =[2]Performance!U33 -> 0.89 | J31: =[2]Performance!H33 -> 1 | K31: =[2]Performance!I33 -> 1 | L31: =[2]Performance!J33 -> 1 | M31: =[2]Performance!K33 -> 1 | N31: =[2]Performance!L33 -> 1 | O31: =[2]Performance!M33 -> 1 | P31: =[2]Performance!N33 -> 1 | Q31: =[2]Performance!O33 -> 1 | R31: =[2]Performance!P33 -> 0.94
A32: 03.24.2025 | B32: Irish Ferreras | C32: Chase Argamosa | D32: =SUM(D33:D77) -> 31 | E32: =COUNTIF(E33:E77, ">79%") -> 33 | F32: =COUNTIF(F33:F77, ">79%") -> 33 | G32: =COUNTIF(G33:G77, ">79%") -> 30 | H32: =COUNTIF(H33:H77, ">79%") -> 33 | I32: =COUNTIF(I33:I77, ">79%") -> 27 | J32: =COUNTIF(J33:J77, ">99.9%") -> 11 | K32: =COUNTIF(K33:K77, ">79%") -> 33 | L32: =COUNTIF(L33:L77, ">79%") -> 33 | M32: =COUNTIF(M33:M77, ">79%") -> 11 | N32: =COUNTIF(N33:N77, ">79%") -> 11 | O32: =COUNTIF(O33:O77, ">79%") -> 11 | P32: =COUNTIF(P33:P77, ">79%") -> 32 | Q32: =COUNTIF(Q33:Q77, ">79%") -> 11 | R32: =COUNTIF(R33:R77, ">79%") -> 33 | ... T32: =COUNTIF(T33:T77, ">79%") -> 0
A33: ='[3]Student Data'!M5 -> 40439 | B33: =[3]Reporting!C4 -> Transition to Production with SMART plan | C33: =[3]Reporting!F4 -> Julie-Anne (Julie) Brideau | D33: {=--(SUM(COUNTIF(B33,{"*nest*","*grad*","*trans*","*1B*","*1C*"}))>0)} -> 1 | E33: =[3]Performance!Q5 -> 1 | F33: =[3]Performance!R5 -> 1 | G33: =[3]Performance!S5 -> 0.88 | H33: =[3]Performance!T5 -> 0.8 | I33: =[3]Performance!U5 -> 0.85 | J33: =[3]Performance!H5 -> 1 | K33: =[3]Performance!I5 -> 0.88 | L33: =[3]Performance!J5 -> 1 | M33: =[3]Performance!K5 -> 1 | N33: =[3]Performance!L5 -> 0.89 | O33: =[3]Performance!M5 -> 1 | P33: =[3]Performance!N5 -> 1 | Q33: =[3]Performance!O5 -> 0.91 | R33: =[3]Performance!P5 -> 0.82
A34: ='[3]Student Data'!M6 -> 39295 | B34: =[3]Reporting!C5 -> Terminated-Nesting 1B | C34: =[3]Reporting!F5 -> Melanie Caissie | D34: {=--(SUM(COUNTIF(B34,{"*nest*","*grad*","*trans*","*1B*","*1C*"}))>0)} -> 1 | E34: =[3]Performance!Q6 -> 1 | F34: =[3]Performance!R6 -> 1 | G34: =[3]Performance!S6 -> 0.82 | H34: =[3]Performance!T6 -> 0.8 | I34: =[3]Performance!U6 -> 0.9 | J34: =[3]Performance!H6 -> 1 | K34: =[3]Performance!I6 -> 1 | L34: =[3]Performance!J6 -> 0.8 | M34: =[3]Performance!K6 -> 1 | N34: =[3]Performance!L6 -> 0.89 | O34: =[3]Performance!M6 -> 1 | P34: =[3]Performance!N6 -> 1 | Q34: =[3]Performance!O6 -> 0.91 | R34: =[3]Performance!P6 -> 0.84
A35: ='[3]Student Data'!M7 -> 40443 | B35: =[3]Reporting!C6 -> Terminated-Nesting 3 | C35: =[3]Reporting!F6 -> Vanessa Irakoze | D35: {=--(SUM(COUNTIF(B35,{"*nest*","*grad*","*trans*","*1B*","*1C*"}))>0)} -> 1 | E35: =[3]Performance!Q7 -> 1 | F35: =[3]Performance!R7 -> 1 | G35: =[3]Performance!S7 -> 0.8 | H35: =[3]Performance!T7 -> 0.8 | I35: =[3]Performance!U7 -> 0.83 | J35: =[3]Performance!H7 -> 1 | K35: =[3]Performance!I7 -> 1 | L35: =[3]Performance!J7 -> 1 | M35: =[3]Performance!K7 -> 1 | N35: =[3]Performance!L7 -> 1 | O35: =[3]Performance!M7 -> 1 | P35: =[3]Performance!N7 -> 1 | Q35: =[3]Performance!O7 -> 1 | R35: =[3]Performance!P7 -> 0.82
A36: ='[3]Student Data'!M8 -> 40365 | B36: =[3]Reporting!C7 -> Terminated-Nesting 3 | C36: =[3]Reporting!F7 -> Clara-Delicia Itangamahoro | D36: {=--(SUM(COUNTIF(B36,{"*nest*","*grad*","*trans*","*1B*","*1C*"}))>0)} -> 1 | E36: =[3]Performance!Q8 -> 1 | F36: =[3]Performance!R8 -> 1 | G36: =[3]Performance!S8 -> 0.94 | H36: =[3]Performance!T8 -> 0.8 | I36: =[3]Performance!U8 -> 0.9 | J36: =[3]Performance!H8 -> 1 | K36: =[3]Performance!I8 -> 0.88 | L36: =[3]Performance!J8 -> 1 | M36: =[3]Performance!K8 -> 1 | N36: =[3]Performance!L8 -> 0.89 | O36: =[3]Performance!M8 -> 1 | P36: =[3]Performance!N8 -> 1 | Q36: =[3]Performance!O8 -> 0.82 | R36: =[3]Performance!P8 -> 1
A37: ='[3]Student Data'!M9 -> 40438 | B37: =[3]Reporting!C8 -> Terminated-Nesting 3 | C37: =[3]Reporting!F8 -> Marie Carmel Fedorah Joseph | D37: {=--(SUM(COUNTIF(B37,{"*nest*","*grad*","*trans*","*1B*","*1C*"}))>0)} -> 1 | E37: =[3]Performance!Q9 -> 1 | F37: =[3]Performance!R9 -> 1 | G37: =[3]Performance!S9 -> 0.8 | H37: =[3]Performance!T9 -> 1 | I37: =[3]Performance!U9 -> 1 | J37: =[3]Performance!H9 -> 1 | K37: =[3]Performance!I9 -> 1 | L37: =[3]Performance!J9 -> 1 | M37: =[3]Performance!K9 -> 1 | N37: =[3]Performance!L9 -> 1 | O37: =[3]Performance!M9 -> 1 | P37: =[3]Performance!N9 -> 1 | Q37: =[3]Performance!O9 -> 1 | R37: =[3]Performance!P9 -> 0.94
A38: ='[3]Student Data'!M10 -> 40441 | B38: =[3]Reporting!C9 -> Did not Start | C38: =[3]Reporting!F9 -> Loic Kamgang Foyet | D38: {=--(SUM(COUNTIF(B38,{"*nest*","*grad*","*trans*","*1B*","*1C*"}))>0)} -> 0 | E38: =[3]Performance!Q10 -> 0 | F38: =[3]Performance!R10 -> 0 | G38: =[3]Performance!S10 -> 0 | H38: =[3]Performance!T10 -> 0 | I38: =[3]Performance!U10 -> 0 | J38: =[3]Performance!H10 -> 0 | K38: =[3]Performance!I10 -> 0 | L38: =[3]Performance!J10 -> 0 | M38: =[3]Performance!K10 -> 0 | N38: =[3]Performance!L10 -> 0 | O38: =[3]Performance!M10 -> 0 | P38: =[3]Performance!N10 -> 0 | Q38: =[3]Performance!O10 -> 0 | R38: =[3]Performance!P10 -> 0
A39: ='[3]Student Data'!M11 -> 40444 | B39: =[3]Reporting!C10 -> Resigned-Nesting 1B | C39: =[3]Reporting!F10 -> Dakiel Latreille | D39: {=--(SUM(COUNTIF(B39,{"*nest*","*grad*","*trans*","*1B*","*1C*"}))>0)} -> 1 | E39: =[3]Performance!Q11 -> 1 | F39: =[3]Performance!R11 -> 1 | G39: =[3]Performance!S11 -> 0.82 | H39: =[3]Performance!T11 -> 1 | I39: =[3]Performance!U11 -> 0.9 | J39: =[3]Performance!H11 -> 1 | K39: =[3]Performance!I11 -> 1 | L39: =[3]Performance!J11 -> 1 | M39: =[3]Performance!K11 -> 1 | N39: =[3]Performance!L11 -> 0.89 | O39: =[3]Performance!M11 -> 1 | P39: =[3]Performance!N11 -> 1 | Q39: =[3]Performance!O11 -> 0.82 | R39: =[3]Performance!P11 -> 1
A40: ='[3]Student Data'!M12 -> 40436 | B40: =[3]Reporting!C11 -> Resigned-Nesting 1B | C40: =[3]Reporting!F11 -> Jeremy (Jay) Lavoie | D40: {=--(SUM(COUNTIF(B40,{"*nest*","*grad*","*trans*","*1B*","*1C*"}))>0)} -> 1 | E40: =[3]Performance!Q12 -> 1 | F40: =[3]Performance!R12 -> 1 | G40: =[3]Performance!S12 -> 0 | H40: =[3]Performance!T12 -> 0.8 | I40: =[3]Performance!U12 -> 0.87 | J40: =[3]Performance!H12 -> 1 | K40: =[3]Performance!I12 -> 0.88 | L40: =[3]Performance!J12 -> 1 | M40: =[3]Performance!K12 -> 1 | N40: =[3]Performance!L12 -> 1 | O40: =[3]Performance!M12 -> 1 | P40: =[3]Performance!N12 -> 1 | Q40: =[3]Performance!O12 -> 0.82 | R40: =[3]Performance!P12 -> 0.94
A41: ='[3]Student Data'!M13 -> 40437 | B41: =[3]Reporting!C12 -> Terminated Tier 1B | C41: =[3]Reporting!F12 -> Danika Legacy-Aubé | D41: {=--(SUM(COUNTIF(B41,{"*nest*","*grad*","*trans*","*1B*","*1C*"}))>0)} -> 1 | E41: =[3]Performance!Q13 -> 0.8 | F41: =[3]Performance!R13 -> 1 | G41: =[3]Performance!S13 -> 0 | H41: =[3]Performance!T13 -> 1 | I41: =[3]Performance!U13 -> 0 | J41: =[3]Performance!H13 -> 1 | K41: =[3]Performance!I13 -> 1 | L41: =[3]Performance!J13 -> 1 | M41: =[3]Performance!K13 -> 1 | N41: =[3]Performance!L13 -> 1 | O41: =[3]Performance!M13 -> 1 | P41: =[3]Performance!N13 -> 1 | Q41: =[3]Performance!O13 -> 0.82 | R41: =[3]Performance!P13 -> 0.88
A42: ='[3]Student Data'!M14 -> 14313 | B42: =[3]Reporting!C13 -> Transition to Production | C42: =[3]Reporting!F13 -> Jennifer (Jenn) MacLean | D42: {=--(SUM(COUNTIF(B42,{"*nest*","*grad*","*trans*","*1B*","*1C*"}))>0)} -> 1 | E42: =[3]Performance!Q14 -> 1 | F42: =[3]Performance!R14 -> 1 | G42: =[3]Performance!S14 -> 0.84 | H42: =[3]Performance!T14 -> 1 | I42: =[3]Performance!U14 -> 0.93 | J42: =[3]Performance!H14 -> 1 | K42: =[3]Performance!I14 -> 1 | L42: =[3]Performance!J14 -> 1 | M42: =[3]Performance!K14 -> 1 | N42: =[3]Performance!L14 -> 1 | O42: =[3]Performance!M14 -> 1 | P42: =[3]Performance!N14 -> 1 | Q42: =[3]Performance!O14 -> 0.91 | R42: =[3]Performance!P14 -> 0.88
A43: ='[3]Student Data'!M15 -> 40440 | B43: =[3]Reporting!C14 -> Transition to Production | C43: =[3]Reporting!F14 -> Diane Matanye Sofo | D43: {=--(SUM(COUNTIF(B43,{"*nest*","*grad*","*trans*","*1B*","*1C*"}))>0)} -> 1 | E43: =[3]Performance!Q15 -> 1 | F43: =[3]Performance!R15 -> 1 | G43: =[3]Performance!S15 -> 0.8 | H43: =[3]Performance!T15 -> 1 | I43: =[3]Performance!U15 -> 0.92 | J43: =[3]Performance!H15 -> 1 | K43: =[3]Performance!I15 -> 0.88 | L43: =[3]Performance!J15 -> 1 | M43: =[3]Performance!K15 -> 1 | N43: =[3]Performance!L15 -> 1 | O43: =[3]Performance!M15 -> 1 | P43: =[3]Performance!N15 -> 1 | Q43: =[3]Performance!O15 -> 1 | R43: =[3]Performance!P15 -> 0.88
A44: ='[3]Student Data'!M16 -> 37260 | B44: =[3]Reporting!C15 -> Transition to Production | C44: =[3]Reporting!F15 -> Sarah Matondo | D44: {=--(SUM(COUNTIF(B44,{"*nest*","*grad*","*trans*","*1B*","*1C*"}))>0)} -> 1 | E44: =[3]Performance!Q16 -> 1 | F44: =[3]Performance!R16 -> 1 | G44: =[3]Performance!S16 -> 0.9 | H44: =[3]Performance!T16 -> 0.8 | I44: =[3]Performance!U16 -> 0 | J44: =[3]Performance!H16 -> 1 | K44: =[3]Performance!I16 -> 0.88 | L44: =[3]Performance!J16 -> 0.8 | M44: =[3]Performance!K16 -> 1 | N44: =[3]Performance!L16 -> 1 | O44: =[3]Performance!M16 -> 1 | P44: =[3]Performance!N16 -> 1 | Q44: =[3]Performance!O16 -> 0.82 | R44: =[3]Performance!P16 -> 0.97
... A77: ='[3]Student Data'!M49 -> 342041 | B77: =[3]Reporting!C48 -> Transition to Production | C77: =[3]Reporting!F48 -> Kathleen Cleo (KC) Villasanta | D77: {=--(SUM(COUNTIF(B77,{"*nest*","*grad*","*trans*","*1B*","*1C*"}))>0)} -> 1 | E77: =[3]Performance!Q49 -> 0 | F77: =[3]Performance!R49 -> 0 | G77: =[3]Performance!S49 -> 0 | H77: =[3]Performance!T49 -> 0 | I77: =[3]Performance!U49 -> 0 | J77: =[3]Performance!H49 | K77: =[3]Performance!I49 -> 0 | L77: =[3]Performance!J49 -> 0 | M77: =[3]Performance!K49 | N77: =[3]Performance!L49 | O77: =[3]Performance!M49 | P77: =[3]Performance!N49 -> 0 | Q77: =[3]Performance!O49 | R77: =[3]Performance!P49 -> 0
A78: 45761 | B78: Vera Hibaya | C78: Catherine Cachero | D78: =SUM(D79:D98) -> 18 | E78: =COUNTIF(E79:E98, ">79%") -> 19 | F78: =COUNTIF(F79:F98, ">79%") -> 19 | G78: =COUNTIF(G79:G98, ">79%") -> 18 | H78: =COUNTIF(H79:H98, ">79%") -> 19 | I78: =COUNTIF(I79:I98, ">79%") -> 18 | J78: =COUNTIF(J79:J98, ">79%") -> 0 | K78: =COUNTIF(K79:K98, ">79%") -> 19 | L78: =COUNTIF(L79:L98, ">79%") -> 19 | ... R78: =COUNTIF(R79:R98, ">79%") -> 19 | S78: =COUNTIF(S79:S123, ">79%") -> 0 | T78: =COUNTIF(T79:T123, ">79%") -> 0
A79: ='[4]Student Data'!M5 -> 342810 | B79: =[4]Reporting!C4 -> Transition to Production | C79: =[4]Reporting!F4 -> Trixia Anne Abillon | D79: {=--(SUM(COUNTIF(B79,{"*nest*","*grad*","*trans*","*1B*","*1C*"}))>0)} -> 1 | E79: =[4]Performance!Q5 -> 1 | F79: =[4]Performance!R5 -> 1 | G79: =[4]Performance!S5 -> 1 | H79: =[4]Performance!T5 -> 1 | I79: =[4]Performance!U5 -> 0.86 | J79: =[4]Performance!H5 -> N/A | K79: =[4]Performance!I5 -> 1 | L79: =[4]Performance!J5 -> 1 | M79: =[4]Performance!K5 -> N/A | N79: =[4]Performance!L5 -> N/A | O79: =[4]Performance!M5 -> N/A | P79: =[4]Performance!N5 -> 1 | Q79: =[4]Performance!O5 -> N/A | R79: =[4]Performance!P5 -> 1
A80: ='[4]Student Data'!M6 -> 342804 | B80: =[4]Reporting!C5 -> Resigned-Nesting 1B | C80: =[4]Reporting!F5 -> Jose Basinillo | D80: {=--(SUM(COUNTIF(B80,{"*nest*","*grad*","*trans*","*1B*","*1C*"}))>0)} -> 1 | E80: =[4]Performance!Q6 -> 1 | F80: =[4]Performance!R6 -> 1 | G80: =[4]Performance!S6 -> 1 | H80: =[4]Performance!T6 -> 1 | I80: =[4]Performance!U6 -> 0.8 | J80: =[4]Performance!H6 -> N/A | K80: =[4]Performance!I6 -> 0.88 | L80: =[4]Performance!J6 -> 1 | M80: =[4]Performance!K6 -> N/A | N80: =[4]Performance!L6 -> N/A | O80: =[4]Performance!M6 -> N/A | P80: =[4]Performance!N6 -> 1 | Q80: =[4]Performance!O6 -> N/A | R80: =[4]Performance!P6 -> 0.94
A81: ='[4]Student Data'!M7 -> 342800 | B81: =[4]Reporting!C6 -> Moved/Joining Alternate Class/Program | C81: =[4]Reporting!F6 -> Jasper Bautista | D81: {=--(SUM(COUNTIF(B81,{"*nest*","*grad*","*trans*","*1B*","*1C*"}))>0)} -> 0 | E81: =[4]Performance!Q7 -> 1 | F81: =[4]Performance!R7 -> 1 | G81: =[4]Performance!S7 -> TRANSF | H81: =[4]Performance!T7 -> 1 | I81: =[4]Performance!U7 -> TRANSF | J81: =[4]Performance!H7 -> N/A | K81: =[4]Performance!I7 -> 1 | L81: =[4]Performance!J7 -> 1 | M81: =[4]Performance!K7 -> N/A | N81: =[4]Performance!L7 -> N/A | O81: =[4]Performance!M7 -> N/A | P81: =[4]Performance!N7 -> 1 | Q81: =[4]Performance!O7 -> N/A | R81: =[4]Performance!P7 -> 1
A82: ='[4]Student Data'!M8 -> 342809 | B82: =[4]Reporting!C7 -> Transition to Production | C82: =[4]Reporting!F7 -> Ma. Clarisse Cardeno | D82: {=--(SUM(COUNTIF(B82,{"*nest*","*grad*","*trans*","*1B*","*1C*"}))>0)} -> 1 | E82: =[4]Performance!Q8 -> 1 | F82: =[4]Performance!R8 -> 1 | G82: =[4]Performance!S8 -> 0.88 | H82: =[4]Performance!T8 -> 1 | I82: =[4]Performance!U8 -> 0.9 | J82: =[4]Performance!H8 -> N/A | K82: =[4]Performance!I8 -> 1 | L82: =[4]Performance!J8 -> 1 | M82: =[4]Performance!K8 -> N/A | N82: =[4]Performance!L8 -> N/A | O82: =[4]Performance!M8 -> N/A | P82: =[4]Performance!N8 -> 1 | Q82: =[4]Performance!O8 -> N/A | R82: =[4]Performance!P8 -> 1
A83: ='[4]Student Data'!M9 -> 342803 | B83: =[4]Reporting!C8 -> Resigned-Nesting 1A | C83: =[4]Reporting!F8 -> John Paulo Castillo | D83: {=--(SUM(COUNTIF(B83,{"*nest*","*grad*","*trans*","*1B*","*1C*"}))>0)} -> 1 | E83: =[4]Performance!Q9 -> 1 | F83: =[4]Performance!R9 -> 1 | G83: =[4]Performance!S9 -> 0.94 | H83: =[4]Performance!T9 -> 0.8 | I83: =[4]Performance!U9 -> 1 | J83: =[4]Performance!H9 -> N/A | K83: =[4]Performance!I9 -> 1 | L83: =[4]Performance!J9 -> 1 | M83: =[4]Performance!K9 -> N/A | N83: =[4]Performance!L9 -> N/A | O83: =[4]Performance!M9 -> N/A | P83: =[4]Performance!N9 -> 1 | Q83: =[4]Performance!O9 -> N/A | R83: =[4]Performance!P9 -> 1
A84: ='[4]Student Data'!M10 -> 342794 | B84: =[4]Reporting!C9 -> Transition to Production | C84: =[4]Reporting!F9 -> Cathrina Dizon | D84: {=--(SUM(COUNTIF(B84,{"*nest*","*grad*","*trans*","*1B*","*1C*"}))>0)} -> 1 | E84: =[4]Performance!Q10 -> 1 | F84: =[4]Performance!R10 -> 1 | G84: =[4]Performance!S10 -> 0.88 | H84: =[4]Performance!T10 -> 1 | I84: =[4]Performance!U10 -> 0.83 | J84: =[4]Performance!H10 -> N/A | K84: =[4]Performance!I10 -> 1 | L84: =[4]Performance!J10 -> 1 | M84: =[4]Performance!K10 -> N/A | N84: =[4]Performance!L10 -> N/A | O84: =[4]Performance!M10 -> N/A | P84: =[4]Performance!N10 -> 1 | Q84: =[4]Performance!O10 -> N/A | R84: =[4]Performance!P10 -> 0.94
A85: ='[4]Student Data'!M11 -> 342792 | B85: =[4]Reporting!C10 -> Transition to Production | C85: =[4]Reporting!F10 -> Carmae Rose Fabros | D85: {=--(SUM(COUNTIF(B85,{"*nest*","*grad*","*trans*","*1B*","*1C*"}))>0)} -> 1 | E85: =[4]Performance!Q11 -> 1 | F85: =[4]Performance!R11 -> 1 | G85: =[4]Performance!S11 -> 0.94 | H85: =[4]Performance!T11 -> 0.8 | I85: =[4]Performance!U11 -> 1 | J85: =[4]Performance!H11 -> N/A | K85: =[4]Performance!I11 -> 0.88 | L85: =[4]Performance!J11 -> 1 | M85: =[4]Performance!K11 -> N/A | N85: =[4]Performance!L11 -> N/A | O85: =[4]Performance!M11 -> N/A | P85: =[4]Performance!N11 -> 1 | Q85: =[4]Performance!O11 -> N/A | R85: =[4]Performance!P11 -> 0.82
A86: ='[4]Student Data'!M12 -> 342807 | B86: =[4]Reporting!C11 -> Transition to Production | C86: =[4]Reporting!F11 -> Joyce Jimenez | D86: {=--(SUM(COUNTIF(B86,{"*nest*","*grad*","*trans*","*1B*","*1C*"}))>0)} -> 1 | E86: =[4]Performance!Q12 -> 1 | F86: =[4]Performance!R12 -> 1 | G86: =[4]Performance!S12 -> 0.84 | H86: =[4]Performance!T12 -> 1 | I86: =[4]Performance!U12 -> 0.94 | J86: =[4]Performance!H12 -> N/A | K86: =[4]Performance!I12 -> 1 | L86: =[4]Performance!J12 -> 1 | M86: =[4]Performance!K12 -> N/A | N86: =[4]Performance!L12 -> N/A | O86: =[4]Performance!M12 -> N/A | P86: =[4]Performance!N12 -> 1 | Q86: =[4]Performance!O12 -> N/A | R86: =[4]Performance!P12 -> 0.9
A87: ='[4]Student Data'!M13 -> 342796 | B87: =[4]Reporting!C12 -> Transition to Production | C87: =[4]Reporting!F12 -> Carol Joy Macawili-Gatbonton | D87: {=--(SUM(COUNTIF(B87,{"*nest*","*grad*","*trans*","*1B*","*1C*"}))>0)} -> 1 | E87: =[4]Performance!Q13 -> 1 | F87: =[4]Performance!R13 -> 1 | G87: =[4]Performance!S13 -> 1 | H87: =[4]Performance!T13 -> 1 | I87: =[4]Performance!U13 -> 0.81 | J87: =[4]Performance!H13 -> N/A | K87: =[4]Performance!I13 -> 1 | L87: =[4]Performance!J13 -> 1 | M87: =[4]Performance!K13 -> N/A | N87: =[4]Performance!L13 -> N/A | O87: =[4]Performance!M13 -> N/A | P87: =[4]Performance!N13 -> 1 | Q87: =[4]Performance!O13 -> N/A | R87: =[4]Performance!P13 -> 0.94
A88: ='[4]Student Data'!M14 -> 342801 | B88: =[4]Reporting!C13 -> Transition to Production | C88: =[4]Reporting!F13 -> Janah Rose Medina | D88: {=--(SUM(COUNTIF(B88,{"*nest*","*grad*","*trans*","*1B*","*1C*"}))>0)} -> 1 | E88: =[4]Performance!Q14 -> 1 | F88: =[4]Performance!R14 -> 1 | G88: =[4]Performance!S14 -> 0.82 | H88: =[4]Performance!T14 -> 1 | I88: =[4]Performance!U14 -> 0.88 | J88: =[4]Performance!H14 -> N/A | K88: =[4]Performance!I14 -> 1 | L88: =[4]Performance!J14 -> 1 | M88: =[4]Performance!K14 -> N/A | N88: =[4]Performance!L14 -> N/A | O88: =[4]Performance!M14 -> N/A | P88: =[4]Performance!N14 -> 1 | Q88: =[4]Performance!O14 -> N/A | R88: =[4]Performance!P14 -> 1
A89: ='[4]Student Data'!M15 -> 342808 | B89: =[4]Reporting!C14 -> Resigned-Nesting 3 | C89: =[4]Reporting!F14 -> Kaye Najito | D89: {=--(SUM(COUNTIF(B89,{"*nest*","*grad*","*trans*","*1B*","*1C*"}))>0)} -> 1 | E89: =[4]Performance!Q15 -> 1 | F89: =[4]Performance!R15 -> 1 | G89: =[4]Performance!S15 -> 0.9 | H89: =[4]Performance!T15 -> 1 | I89: =[4]Performance!U15 -> 0.86 | J89: =[4]Performance!H15 -> N/A | K89: =[4]Performance!I15 -> 1 | L89: =[4]Performance!J15 -> 1 | M89: =[4]Performance!K15 -> N/A | N89: =[4]Performance!L15 -> N/A | O89: =[4]Performance!M15 -> N/A | P89: =[4]Performance!N15 -> 1 | Q89: =[4]Performance!O15 -> N/A | R89: =[4]Performance!P15 -> 1
A90: ='[4]Student Data'!M16 -> 342805 | B90: =[4]Reporting!C15 -> Transition to Production | C90: =[4]Reporting!F15 -> John Carlo Nipa | D90: {=--(SUM(COUNTIF(B90,{"*nest*","*grad*","*trans*","*1B*","*1C*"}))>0)} -> 1 | E90: =[4]Performance!Q16 -> 1 | F90: =[4]Performance!R16 -> 1 | G90: =[4]Performance!S16 -> 1 | H90: =[4]Performance!T16 -> 1 | I90: =[4]Performance!U16 -> 0.81 | J90: =[4]Performance!H16 -> N/A | K90: =[4]Performance!I16 -> 1 | L90: =[4]Performance!J16 -> 1 | M90: =[4]Performance!K16 -> N/A | N90: =[4]Performance!L16 -> N/A | O90: =[4]Performance!M16 -> N/A | P90: =[4]Performance!N16 -> 1 | Q90: =[4]Performance!O16 -> N/A | R90: =[4]Performance!P16 -> 0.94
... A98: ='[4]Student Data'!M24 -> 341019 | B98: =[4]Reporting!C23 -> Resigned-Nesting 3 | C98: =[4]Reporting!F23 -> Leramel Cage Ramirez | D98: {=--(SUM(COUNTIF(B98,{"*nest*","*grad*","*trans*","*1B*","*1C*"}))>0)} -> 1 | E98: =[4]Performance!Q24 -> 1 | F98: =[4]Performance!R24 -> 1 | G98: =[4]Performance!S24 -> 1 | H98: =[4]Performance!T24 -> 0.82 | I98: =[4]Performance!U24 -> 0.9 | J98: =[4]Performance!H24 -> N/A | K98: =[4]Performance!I24 -> 1 | L98: =[4]Performance!J24 -> 0.88 | M98: =[4]Performance!K24 -> N/A | N98: =[4]Performance!L24 -> N/A | O98: =[4]Performance!M24 -> N/A | P98: =[4]Performance!N24 -> 1 | Q98: =[4]Performance!O24 -> N/A | R98: =[4]Performance!P24 -> 0.88
A99: 45768 | B99: Nancy Price | C99: Kate Saigo | D99: =SUM(D100:D118) -> 18 | E99: =COUNTIF(E100:E118, ">79%") -> 19 | F99: =COUNTIF(F100:F118, ">79%") -> 19 | G99: =COUNTIF(G100:G118, ">79%") -> 18 | H99: =COUNTIF(H100:H118, ">79%") -> 19 | I99: =COUNTIF(I100:I118, ">79%") -> 18 | J99: =COUNTIF(J100:J118, ">79%") -> 19 | K99: =COUNTIF(K100:K118, ">79%") -> 19 | L99: =COUNTIF(L100:L118, ">79%") -> 19 | ... R99: =COUNTIF(R100:R118, ">79%") -> 19 | S99: =COUNTIF(S100:S144, ">79%") -> 0
A100: ='[5]Student Data'!M5 -> 40379 | B100: =[5]Reporting!C4 -> Transition to Production | C100: =[5]Reporting!F4 -> Lesly (Lex) Proidel | D100: {=--(SUM(COUNTIF(B100,{"*nest*","*grad*","*trans*","*1B*","*1C*"}))>0)} -> 1 | E100: =[5]Performance!Q5 -> 1 | F100: =[5]Performance!R5 -> 1 | G100: =[5]Performance!S5 -> 1 | H100: =[5]Performance!T5 -> 1 | I100: =[5]Performance!U5 -> 0.89 | J100: =[5]Performance!H5 -> 1 | K100: =[5]Performance!I5 -> 0.88 | L100: =[5]Performance!J5 -> 0.8 | M100: =[5]Performance!K5 -> 1 | N100: =[5]Performance!L5 -> 1 | O100: =[5]Performance!M5 -> 1 | P100: =[5]Performance!N5 -> 1 | Q100: =[5]Performance!O5 -> 1 | R100: =[5]Performance!P5 -> 0.94
A101: ='[5]Student Data'!M6 -> 40529 | B101: =[5]Reporting!C5 -> Resigned-Nesting 3 | C101: =[5]Reporting!F5 -> Zineb Kassem-Baraka | D101: {=--(SUM(COUNTIF(B101,{"*nest*","*grad*","*trans*","*1B*","*1C*"}))>0)} -> 1 | E101: =[5]Performance!Q6 -> 1 | F101: =[5]Performance!R6 -> 1 | G101: =[5]Performance!S6 -> 0.83 | H101: =[5]Performance!T6 -> 1 | I101: =[5]Performance!U6 -> 0.9 | J101: =[5]Performance!H6 -> 1 | K101: =[5]Performance!I6 -> 1 | L101: =[5]Performance!J6 -> 1 | M101: =[5]Performance!K6 -> 1 | N101: =[5]Performance!L6 -> 1 | O101: =[5]Performance!M6 -> 1 | P101: =[5]Performance!N6 -> 1 | Q101: =[5]Performance!O6 -> 0.91 | R101: =[5]Performance!P6 -> 0.82
A102: ='[5]Student Data'!M7 -> 40530 | B102: =[5]Reporting!C6 -> Resigned-Nesting 1A | C102: =[5]Reporting!F6 -> Kamanzi (Guillet) Guillet | D102: {=--(SUM(COUNTIF(B102,{"*nest*","*grad*","*trans*","*1B*","*1C*"}))>0)} -> 1 | E102: =[5]Performance!Q7 -> 1 | F102: =[5]Performance!R7 -> 1 | G102: =[5]Performance!S7 -> 0.88 | H102: =[5]Performance!T7 -> 1 | I102: =[5]Performance!U7 -> 0.92 | J102: =[5]Performance!H7 -> 1 | K102: =[5]Performance!I7 -> 0.88 | L102: =[5]Performance!J7 -> 1 | M102: =[5]Performance!K7 -> 1 | N102: =[5]Performance!L7 -> 0.89 | O102: =[5]Performance!M7 -> 1 | P102: =[5]Performance!N7 -> 1 | Q102: =[5]Performance!O7 -> 0.87 | R102: =[5]Performance!P7 -> 0.94
A103: ='[5]Student Data'!M8 -> 40531 | B103: =[5]Reporting!C7 -> Transition to Production with SMART plan | C103: =[5]Reporting!F7 -> Ilka Ingabire Bukuru | D103: {=--(SUM(COUNTIF(B103,{"*nest*","*grad*","*trans*","*1B*","*1C*"}))>0)} -> 1 | E103: =[5]Performance!Q8 -> 1 | F103: =[5]Performance!R8 -> 1 | G103: =[5]Performance!S8 -> 0.9 | H103: =[5]Performance!T8 -> 0.8 | I103: =[5]Performance!U8 -> 0.9 | J103: =[5]Performance!H8 -> 1 | K103: =[5]Performance!I8 -> 0.89 | L103: =[5]Performance!J8 -> 1 | M103: =[5]Performance!K8 -> 1 | N103: =[5]Performance!L8 -> 0.89 | O103: =[5]Performance!M8 -> 1 | P103: =[5]Performance!N8 -> 1 | Q103: =[5]Performance!O8 -> 0.87 | R103: =[5]Performance!P8 -> 0.82
A104: ='[5]Student Data'!M9 -> 40532 | B104: =[5]Reporting!C8 -> Terminated-Nesting 3 | C104: =[5]Reporting!F8 -> Bélise Mujeneza | D104: {=--(SUM(COUNTIF(B104,{"*nest*","*grad*","*trans*","*1B*","*1C*"}))>0)} -> 1 | E104: =[5]Performance!Q9 -> 1 | F104: =[5]Performance!R9 -> 1 | G104: =[5]Performance!S9 -> 0.81 | H104: =[5]Performance!T9 -> 0.8 | I104: =[5]Performance!U9 -> 1 | J104: =[5]Performance!H9 -> 1 | K104: =[5]Performance!I9 -> 1 | L104: =[5]Performance!J9 -> 0.94 | M104: =[5]Performance!K9 -> 1 | N104: =[5]Performance!L9 -> 1 | O104: =[5]Performance!M9 -> 1 | P104: =[5]Performance!N9 -> 0.94 | Q104: =[5]Performance!O9 -> 1 | R104: =[5]Performance!P9 -> 0.82
A105: ='[5]Student Data'!M10 -> 40533 | B105: =[5]Reporting!C9 -> Transition to Production with SMART plan | C105: =[5]Reporting!F9 -> Gisele Umuhoza Karuranga | D105: {=--(SUM(COUNTIF(B105,{"*nest*","*grad*","*trans*","*1B*","*1C*"}))>0)} -> 1 | E105: =[5]Performance!Q10 -> 1 | F105: =[5]Performance!R10 -> 1 | G105: =[5]Performance!S10 -> 1 | H105: =[5]Performance!T10 -> 1 | I105: =[5]Performance!U10 -> 0.88 | J105: =[5]Performance!H10 -> 1 | K105: =[5]Performance!I10 -> 0.89 | L105: =[5]Performance!J10 -> 0.8 | M105: =[5]Performance!K10 -> 1 | N105: =[5]Performance!L10 -> 1 | O105: =[5]Performance!M10 -> 1 | P105: =[5]Performance!N10 -> 1 | Q105: =[5]Performance!O10 -> 0.91 | R105: =[5]Performance!P10 -> 1
A106: ='[5]Student Data'!M11 -> 40534 | B106: =[5]Reporting!C10 -> Transition to Production | C106: =[5]Reporting!F10 -> Romuald (Romy) Kouka Bounzimbou | D106: {=--(SUM(COUNTIF(B106,{"*nest*","*grad*","*trans*","*1B*","*1C*"}))>0)} -> 1 | E106: =[5]Performance!Q11 -> 1 | F106: =[5]Performance!R11 -> 1 | G106: =[5]Performance!S11 -> 0.82 | H106: =[5]Performance!T11 -> 0.8 | I106: =[5]Performance!U11 -> 0.84 | J106: =[5]Performance!H11 -> 1 | K106: =[5]Performance!I11 -> 0.88 | L106: =[5]Performance!J11 -> 1 | M106: =[5]Performance!K11 -> 1 | N106: =[5]Performance!L11 -> 0.88 | O106: =[5]Performance!M11 -> 1 | P106: =[5]Performance!N11 -> 1 | Q106: =[5]Performance!O11 -> 1 | R106: =[5]Performance!P11 -> 0.85
A107: ='[5]Student Data'!M12 -> 40535 | B107: =[5]Reporting!C11 -> Transition to Production with SMART plan | C107: =[5]Reporting!F11 -> Stephanie Musau | D107: {=--(SUM(COUNTIF(B107,{"*nest*","*grad*","*trans*","*1B*","*1C*"}))>0)} -> 1 | E107: =[5]Performance!Q12 -> 1 | F107: =[5]Performance!R12 -> 1 | G107: =[5]Performance!S12 -> 0.86 | H107: =[5]Performance!T12 -> 0.8 | I107: =[5]Performance!U12 -> 0.83 | J107: =[5]Performance!H12 -> 1 | K107: =[5]Performance!I12 -> 1 | L107: =[5]Performance!J12 -> 1 | M107: =[5]Performance!K12 -> 1 | N107: =[5]Performance!L12 -> 1 | O107: =[5]Performance!M12 -> 1 | P107: =[5]Performance!N12 -> 1 | Q107: =[5]Performance!O12 -> 0.82 | R107: =[5]Performance!P12 -> 0.86
A108: ='[5]Student Data'!M13 -> 40536 | B108: =[5]Reporting!C12 -> Transition to Production with SMART plan | C108: =[5]Reporting!F12 -> Sophie Gilroy | D108: {=--(SUM(COUNTIF(B108,{"*nest*","*grad*","*trans*","*1B*","*1C*"}))>0)} -> 1 | E108: =[5]Performance!Q13 -> 1 | F108: =[5]Performance!R13 -> 1 | G108: =[5]Performance!S13 -> 0.92 | H108: =[5]Performance!T13 -> 1 | I108: =[5]Performance!U13 -> 0.98 | J108: =[5]Performance!H13 -> 1 | K108: =[5]Performance!I13 -> 1 | L108: =[5]Performance!J13 -> 1 | M108: =[5]Performance!K13 -> 0.93 | N108: =[5]Performance!L13 -> 1 | O108: =[5]Performance!M13 -> 1 | P108: =[5]Performance!N13 -> 0.89 | Q108: =[5]Performance!O13 -> 1 | R108: =[5]Performance!P13 -> 0.94
A109: ='[5]Student Data'!M14 -> 40537 | B109: =[5]Reporting!C13 -> Transition to Production | C109: =[5]Reporting!F13 -> Rama Tendeng | D109: {=--(SUM(COUNTIF(B109,{"*nest*","*grad*","*trans*","*1B*","*1C*"}))>0)} -> 1 | E109: =[5]Performance!Q14 -> 1 | F109: =[5]Performance!R14 -> 1 | G109: =[5]Performance!S14 -> 0.88 | H109: =[5]Performance!T14 -> 1 | I109: =[5]Performance!U14 -> 0.83 | J109: =[5]Performance!H14 -> 1 | K109: =[5]Performance!I14 -> 0.88 | L109: =[5]Performance!J14 -> 1 | M109: =[5]Performance!K14 -> 1 | N109: =[5]Performance!L14 -> 1 | O109: =[5]Performance!M14 -> 1 | P109: =[5]Performance!N14 -> 1 | Q109: =[5]Performance!O14 -> 1 | R109: =[5]Performance!P14 -> 0.82
A110: ='[5]Student Data'!M15 -> 40538 | B110: =[5]Reporting!C14 -> Transition to Production with SMART plan | C110: =[5]Reporting!F14 -> Ismaila (Barry) Barry | D110: {=--(SUM(COUNTIF(B110,{"*nest*","*grad*","*trans*","*1B*","*1C*"}))>0)} -> 1 | E110: =[5]Performance!Q15 -> 1 | F110: =[5]Performance!R15 -> 1 | G110: =[5]Performance!S15 -> 0.94 | H110: =[5]Performance!T15 -> 0.8 | I110: =[5]Performance!U15 -> 0.92 | J110: =[5]Performance!H15 -> 1 | K110: =[5]Performance!I15 -> 0.89 | L110: =[5]Performance!J15 -> 1 | M110: =[5]Performance!K15 -> 1 | N110: =[5]Performance!L15 -> 1 | O110: =[5]Performance!M15 -> 1 | P110: =[5]Performance!N15 -> 1 | Q110: =[5]Performance!O15 -> 0.96 | R110: =[5]Performance!P15 -> 0.89
A111: ='[5]Student Data'!M16 -> 40539 | B111: =[5]Reporting!C15 -> Transition to Production with SMART plan | C111: =[5]Reporting!F15 -> Chloé Gautreau | D111: {=--(SUM(COUNTIF(B111,{"*nest*","*grad*","*trans*","*1B*","*1C*"}))>0)} -> 1 | E111: =[5]Performance!Q16 -> 1 | F111: =[5]Performance!R16 -> 1 | G111: =[5]Performance!S16 -> 0.94 | H111: =[5]Performance!T16 -> 1 | I111: =[5]Performance!U16 -> 0.82 | J111: =[5]Performance!H16 -> 1 | K111: =[5]Performance!I16 -> 0.88 | L111: =[5]Performance!J16 -> 1 | M111: =[5]Performance!K16 -> 1 | N111: =[5]Performance!L16 -> 0.89 | O111: =[5]Performance!M16 -> 1 | P111: =[5]Performance!N16 -> 1 | Q111: =[5]Performance!O16 -> 0.87 | R111: =[5]Performance!P16 -> 0.94
... A118: ='[5]Student Data'!M23 -> 35971 | B118: =[5]Reporting!C22 -> Transition to Production | C118: =[5]Reporting!F22 -> Jyoti Redhu | D118: {=--(SUM(COUNTIF(B118,{"*nest*","*grad*","*trans*","*1B*","*1C*"}))>0)} -> 1 | E118: =[5]Performance!Q23 -> 1 | F118: =[5]Performance!R23 -> 1 | G118: =[5]Performance!S23 -> 0.96 | H118: =[5]Performance!T23 -> 1 | I118: =[5]Performance!U23 -> 0.8 | J118: =[5]Performance!H23 -> 1 | K118: =[5]Performance!I23 -> 1 | L118: =[5]Performance!J23 -> 0.8 | M118: =[5]Performance!K23 -> 1 | N118: =[5]Performance!L23 -> 0.89 | O118: =[5]Performance!M23 -> 1 | P118: =[5]Performance!N23 -> 1 | Q118: =[5]Performance!O23 -> 0.96 | R118: =[5]Performance!P23 -> 1
A119: 45775 | B119: Donna Caliling | C119: Jeff Janda | D119: =SUM(D120:D138) -> 13 | E119: =COUNTIF(E120:E138, ">79%") -> 15 | F119: =COUNTIF(F120:F138, ">79%") -> 15 | G119: =COUNTIF(G120:G138, ">79%") -> 14 | H119: =COUNTIF(H120:H138, ">79%") -> 15 | I119: =COUNTIF(I120:I138, ">79%") -> 14 | J119: =COUNTIF(J120:J138, ">79%") -> 15 | K119: =COUNTIF(K120:K138, ">79%") -> 15 | L119: =COUNTIF(L120:L138, ">79%") -> 15 | ... R119: =COUNTIF(R120:R138, ">79%") -> 15 | S119: =COUNTIF(S120:S164, ">79%") -> 0
A120: ='[6]Student Data'!M5 -> 402483 | B120: =[6]Reporting!C4 -> Transition to Production | C120: =[6]Reporting!F4 -> Danica Joy Abella | D120: {=--(SUM(COUNTIF(B120,{"*nest*","*grad*","*trans*","*1B*","*1C*"}))>0)} -> 1 | E120: =[6]Performance!Q5 -> 1 | F120: =[6]Performance!R5 -> 1 | G120: =[6]Performance!S5 -> 0.92 | H120: =[6]Performance!T5 -> 1 | I120: =[6]Performance!U5 -> 0.88 | J120: =[6]Performance!H5 -> 1 | K120: =[6]Performance!I5 -> 1 | L120: =[6]Performance!J5 -> 1 | M120: =[6]Performance!K5 -> 1 | N120: =[6]Performance!L5 -> 1 | O120: =[6]Performance!M5 -> 1 | P120: =[6]Performance!N5 -> 1 | Q120: =[6]Performance!O5 -> 1 | R120: =[6]Performance!P5 -> 1
A121: ='[6]Student Data'!M6 -> 402486 | B121: =[6]Reporting!C5 -> Transition to Production | C121: =[6]Reporting!F5 -> Antonette Abendaño | D121: {=--(SUM(COUNTIF(B121,{"*nest*","*grad*","*trans*","*1B*","*1C*"}))>0)} -> 1 | E121: =[6]Performance!Q6 -> 1 | F121: =[6]Performance!R6 -> 1 | G121: =[6]Performance!S6 -> 1 | H121: =[6]Performance!T6 -> 1 | I121: =[6]Performance!U6 -> 0.9 | J121: =[6]Performance!H6 -> 1 | K121: =[6]Performance!I6 -> 1 | L121: =[6]Performance!J6 -> 1 | M121: =[6]Performance!K6 -> 1 | N121: =[6]Performance!L6 -> 1 | O121: =[6]Performance!M6 -> 1 | P121: =[6]Performance!N6 -> 1 | Q121: =[6]Performance!O6 -> 1 | R121: =[6]Performance!P6 -> 1
A122: ='[6]Student Data'!M7 -> 402491 | B122: =[6]Reporting!C6 -> Transition to Production | C122: =[6]Reporting!F6 -> Clint Aldrin Aborde | D122: {=--(SUM(COUNTIF(B122,{"*nest*","*grad*","*trans*","*1B*","*1C*"}))>0)} -> 1 | E122: =[6]Performance!Q7 -> 1 | F122: =[6]Performance!R7 -> 1 | G122: =[6]Performance!S7 -> 0.86 | H122: =[6]Performance!T7 -> 1 | I122: =[6]Performance!U7 -> 1 | J122: =[6]Performance!H7 -> 1 | K122: =[6]Performance!I7 -> 1 | L122: =[6]Performance!J7 -> 1 | M122: =[6]Performance!K7 -> 1 | N122: =[6]Performance!L7 -> 0.89 | O122: =[6]Performance!M7 -> 1 | P122: =[6]Performance!N7 -> 1 | Q122: =[6]Performance!O7 -> 1 | R122: =[6]Performance!P7 -> 1
A123: ='[6]Student Data'!M8 -> 402485 | B123: =[6]Reporting!C7 -> Transition to Production | C123: =[6]Reporting!F7 -> Christian Vincent Balboa | D123: {=--(SUM(COUNTIF(B123,{"*nest*","*grad*","*trans*","*1B*","*1C*"}))>0)} -> 1 | E123: =[6]Performance!Q8 -> 1 | F123: =[6]Performance!R8 -> 1 | G123: =[6]Performance!S8 -> 0.94 | H123: =[6]Performance!T8 -> 0.8 | I123: =[6]Performance!U8 -> 1 | J123: =[6]Performance!H8 -> 1 | K123: =[6]Performance!I8 -> 1 | L123: =[6]Performance!J8 -> 1 | M123: =[6]Performance!K8 -> 1 | N123: =[6]Performance!L8 -> 1 | O123: =[6]Performance!M8 -> 1 | P123: =[6]Performance!N8 -> 1 | Q123: =[6]Performance!O8 -> 1 | R123: =[6]Performance!P8 -> 1
A124: ='[6]Student Data'!M9 -> 402482 | B124: =[6]Reporting!C8 -> Terminated-Nesting 3 | C124: =[6]Reporting!F8 -> Charlene Barrientos | D124: {=--(SUM(COUNTIF(B124,{"*nest*","*grad*","*trans*","*1B*","*1C*"}))>0)} -> 1 | E124: =[6]Performance!Q9 -> 1 | F124: =[6]Performance!R9 -> 1 | G124: =[6]Performance!S9 -> 0.94 | H124: =[6]Performance!T9 -> 1 | I124: =[6]Performance!U9 -> 1 | J124: =[6]Performance!H9 -> 1 | K124: =[6]Performance!I9 -> 0.88 | L124: =[6]Performance!J9 -> 1 | M124: =[6]Performance!K9 -> 1 | N124: =[6]Performance!L9 -> 0.89 | O124: =[6]Performance!M9 -> 1 | P124: =[6]Performance!N9 -> 1 | Q124: =[6]Performance!O9 -> 1 | R124: =[6]Performance!P9 -> 0.94
A125: ='[6]Student Data'!M10 -> 402493 | B125: =[6]Reporting!C9 -> Did not Start | C125: =[6]Reporting!F9 -> Jerby Catamio | D125: {=--(SUM(COUNTIF(B125,{"*nest*","*grad*","*trans*","*1B*","*1C*"}))>0)} -> 0 | E125: =[6]Performance!Q10 -> 0 | F125: =[6]Performance!R10 -> 0 | G125: =[6]Performance!S10 -> 0 | H125: =[6]Performance!T10 -> 0 | I125: =[6]Performance!U10 -> 0 | J125: =[6]Performance!H10 -> 0 | K125: =[6]Performance!I10 -> 0 | L125: =[6]Performance!J10 -> 0 | M125: =[6]Performance!K10 -> 0 | N125: =[6]Performance!L10 -> 0 | O125: =[6]Performance!M10 -> 0 | P125: =[6]Performance!N10 -> 0 | Q125: =[6]Performance!O10 -> 0 | R125: =[6]Performance!P10 -> 0
A126: ='[6]Student Data'!M11 -> 402494 | B126: =[6]Reporting!C10 -> Transition to Production | C126: =[6]Reporting!F10 -> Edrian Franco | D126: {=--(SUM(COUNTIF(B126,{"*nest*","*grad*","*trans*","*1B*","*1C*"}))>0)} -> 1 | E126: =[6]Performance!Q11 -> 1 | F126: =[6]Performance!R11 -> 1 | G126: =[6]Performance!S11 -> 0.95 | H126: =[6]Performance!T11 -> 0.8 | I126: =[6]Performance!U11 -> 0.83 | J126: =[6]Performance!H11 -> 1 | K126: =[6]Performance!I11 -> 0.88 | L126: =[6]Performance!J11 -> 1 | M126: =[6]Performance!K11 -> 1 | N126: =[6]Performance!L11 -> 1 | O126: =[6]Performance!M11 -> 1 | P126: =[6]Performance!N11 -> 1 | Q126: =[6]Performance!O11 -> 1 | R126: =[6]Performance!P11 -> 0.88
A127: ='[6]Student Data'!M12 -> 402495 | B127: =[6]Reporting!C11 -> Did not Start | C127: =[6]Reporting!F11 -> Jenielyn Garcia | D127: {=--(SUM(COUNTIF(B127,{"*nest*","*grad*","*trans*","*1B*","*1C*"}))>0)} -> 0 | E127: =[6]Performance!Q12 -> 0 | F127: =[6]Performance!R12 -> 0 | G127: =[6]Performance!S12 -> 0 | H127: =[6]Performance!T12 -> 0 | I127: =[6]Performance!U12 -> 0 | J127: =[6]Performance!H12 -> 0 | K127: =[6]Performance!I12 -> 0 | L127: =[6]Performance!J12 -> 0 | M127: =[6]Performance!K12 -> 0 | N127: =[6]Performance!L12 -> 0 | O127: =[6]Performance!M12 -> 0 | P127: =[6]Performance!N12 -> 0 | Q127: =[6]Performance!O12 -> 0 | R127: =[6]Performance!P12 -> 0
A128: ='[6]Student Data'!M13 -> 402489 | B128: =[6]Reporting!C12 -> Transition to Production | C128: =[6]Reporting!F12 -> Mark John Inovero | D128: {=--(SUM(COUNTIF(B128,{"*nest*","*grad*","*trans*","*1B*","*1C*"}))>0)} -> 1 | E128: =[6]Performance!Q13 -> 1 | F128: =[6]Performance!R13 -> 1 | G128: =[6]Performance!S13 -> 0.86 | H128: =[6]Performance!T13 -> 0.8 | I128: =[6]Performance!U13 -> 0.98 | J128: =[6]Performance!H13 -> 1 | K128: =[6]Performance!I13 -> 1 | L128: =[6]Performance!J13 -> 0.8 | M128: =[6]Performance!K13 -> 1 | N128: =[6]Performance!L13 -> 1 | O128: =[6]Performance!M13 -> 1 | P128: =[6]Performance!N13 -> 1 | Q128: =[6]Performance!O13 -> 0.82 | R128: =[6]Performance!P13 -> 1
A129: ='[6]Student Data'!M14 -> 402496 | B129: =[6]Reporting!C13 -> Resigned Tier 1A | C129: =[6]Reporting!F13 -> Carmichael Lomibao | D129: {=--(SUM(COUNTIF(B129,{"*nest*","*grad*","*trans*","*1B*","*1C*"}))>0)} -> 0 | E129: =[6]Performance!Q14 -> 1 | F129: =[6]Performance!R14 -> 1 | G129: =[6]Performance!S14 -> NLE | H129: =[6]Performance!T14 -> 1 | I129: =[6]Performance!U14 -> NLE | J129: =[6]Performance!H14 -> 1 | K129: =[6]Performance!I14 -> 1 | L129: =[6]Performance!J14 -> 1 | M129: =[6]Performance!K14 -> 1 | N129: =[6]Performance!L14 -> 0.89 | O129: =[6]Performance!M14 -> 1 | P129: =[6]Performance!N14 -> 1 | Q129: =[6]Performance!O14 -> 0.91 | R129: =[6]Performance!P14 -> 1
A130: ='[6]Student Data'!M15 -> 402497 | B130: =[6]Reporting!C14 -> Terminated Tier 1B | C130: =[6]Reporting!F14 -> Aldwin Lozada | D130: {=--(SUM(COUNTIF(B130,{"*nest*","*grad*","*trans*","*1B*","*1C*"}))>0)} -> 1 | E130: =[6]Performance!Q15 -> 1 | F130: =[6]Performance!R15 -> 1 | G130: =[6]Performance!S15 -> 0.8 | H130: =[6]Performance!T15 -> 1 | I130: =[6]Performance!U15 -> 0.9 | J130: =[6]Performance!H15 -> 1 | K130: =[6]Performance!I15 -> 1 | L130: =[6]Performance!J15 -> 1 | M130: =[6]Performance!K15 -> 1 | N130: =[6]Performance!L15 -> 0.89 | O130: =[6]Performance!M15 -> 1 | P130: =[6]Performance!N15 -> 1 | Q130: =[6]Performance!O15 -> 0.91 | R130: =[6]Performance!P15 -> 0.82
A131: ='[6]Student Data'!M16 -> 402499 | B131: =[6]Reporting!C15 -> Transition to Production | C131: =[6]Reporting!F15 -> Charine Maghanoy | D131: {=--(SUM(COUNTIF(B131,{"*nest*","*grad*","*trans*","*1B*","*1C*"}))>0)} -> 1 | E131: =[6]Performance!Q16 -> 1 | F131: =[6]Performance!R16 -> 1 | G131: =[6]Performance!S16 -> 0.92 | H131: =[6]Performance!T16 -> 1 | I131: =[6]Performance!U16 -> 0.83 | J131: =[6]Performance!H16 -> 1 | K131: =[6]Performance!I16 -> 1 | L131: =[6]Performance!J16 -> 1 | M131: =[6]Performance!K16 -> 1 | N131: =[6]Performance!L16 -> 0.89 | O131: =[6]Performance!M16 -> 1 | P131: =[6]Performance!N16 -> 1 | Q131: =[6]Performance!O16 -> 0.96 | R131: =[6]Performance!P16 -> 0.94
... A138: ='[6]Student Data'!M23 -> 402498 | B138: =[6]Reporting!C22 -> Did not Start | C138: =[6]Reporting!F22 -> Patrick Aristotle Trajano | D138: {=--(SUM(COUNTIF(B138,{"*nest*","*grad*","*trans*","*1B*","*1C*"}))>0)} -> 0 | E138: =[6]Performance!Q23 -> 0 | F138: =[6]Performance!R23 -> 0 | G138: =[6]Performance!S23 -> 0 | H138: =[6]Performance!T23 -> 0 | I138: =[6]Performance!U23 -> 0 | J138: =[6]Performance!H23 -> 0 | K138: =[6]Performance!I23 -> 0 | L138: =[6]Performance!J23 -> 0 | M138: =[6]Performance!K23 -> 0 | N138: =[6]Performance!L23 -> 0 | O138: =[6]Performance!M23 -> 0 | P138: =[6]Performance!N23 -> 0 | Q138: =[6]Performance!O23 -> 0 | R138: =[6]Performance!P23 -> 0
A139: 45789 | B139: Viena Lacena | C139: Kate Postres | D139: =SUM(D140:D162) -> 16 | E139: =COUNTIF(E140:E162, ">79%") -> 18 | F139: =COUNTIF(F140:F162, ">79%") -> 18 | G139: =COUNTIF(G140:G162, ">79%") -> 16 | H139: =COUNTIF(H140:H162, ">79%") -> 18 | I139: =COUNTIF(I140:I162, ">79%") -> 16 | J139: =COUNTIF(J140:J162, ">79%") -> 16 | K139: =COUNTIF(K140:K162, ">79%") -> 18 | L139: =COUNTIF(L140:L162, ">79%") -> 18 | ... S139: =COUNTIF(S140:S162, ">79%") -> 0 | T139: ='[7]Class Summary'!$B$6 -> 45806
A140: ='[7]Student Data'!M5 -> 313832 | B140: =[7]Reporting!C4 -> Did not Start | C140: =[7]Reporting!F4 -> Jerome Acol | D140: {=--(SUM(COUNTIF(B140,{"*nest*","*grad*","*trans*","*1B*","*1C*"}))>0)} -> 0 | E140: =[7]Performance!Q5 -> 0 | F140: =[7]Performance!R5 -> 0 | G140: =[7]Performance!S5 -> 0 | H140: =[7]Performance!T5 -> 0 | I140: =[7]Performance!U5 -> 0 | J140: =[7]Performance!H5 -> 0 | K140: =[7]Performance!I5 -> 0 | L140: =[7]Performance!J5 -> 0 | M140: =[7]Performance!K5 -> 0 | N140: =[7]Performance!L5 -> 0 | O140: =[7]Performance!M5 -> 0 | P140: =[7]Performance!N5 -> 0 | Q140: =[7]Performance!O5 -> 0 | R140: =[7]Performance!P5 -> 0
A141: ='[7]Student Data'!M6 -> 343801 | B141: =[7]Reporting!C5 -> Did not Start | C141: =[7]Reporting!F5 -> Joe-Mher Regonaos | D141: {=--(SUM(COUNTIF(B141,{"*nest*","*grad*","*trans*","*1B*","*1C*"}))>0)} -> 0 | E141: =[7]Performance!Q6 -> 1 | F141: =[7]Performance!R6 -> 1 | G141: =[7]Performance!S6 -> 0.94 | H141: =[7]Performance!T6 -> 0.8 | I141: =[7]Performance!U6 -> 0.93 | J141: =[7]Performance!H6 -> 1 | K141: =[7]Performance!I6 -> 1 | L141: =[7]Performance!J6 -> 1 | M141: =[7]Performance!K6 -> 1 | N141: =[7]Performance!L6 -> 1 | O141: =[7]Performance!M6 -> 1 | P141: =[7]Performance!N6 -> 1 | Q141: =[7]Performance!O6 -> 1 | R141: =[7]Performance!P6 -> 1
A142: ='[7]Student Data'!M7 -> 343796 | B142: =[7]Reporting!C6 -> Did not Start | C142: =[7]Reporting!F6 -> Alvin Dave Solayo | D142: {=--(SUM(COUNTIF(B142,{"*nest*","*grad*","*trans*","*1B*","*1C*"}))>0)} -> 0 | E142: =[7]Performance!Q7 -> 1 | F142: =[7]Performance!R7 -> 1 | G142: =[7]Performance!S7 -> 0.94 | H142: =[7]Performance!T7 -> 0.8 | I142: =[7]Performance!U7 -> 1 | J142: =[7]Performance!H7 -> 1 | K142: =[7]Performance!I7 -> 0.88 | L142: =[7]Performance!J7 -> 1 | M142: =[7]Performance!K7 -> 1 | N142: =[7]Performance!L7 -> 1 | O142: =[7]Performance!M7 -> 1 | P142: =[7]Performance!N7 -> 1 | Q142: =[7]Performance!O7 -> 1 | R142: =[7]Performance!P7 -> 0.94
A143: ='[7]Student Data'!M8 -> 343810 | B143: =[7]Reporting!C7 -> Moved/Joining Alternate Class/Program | C143: =[7]Reporting!F7 -> Tanya Mae (Tang) Bersales | D143: {=--(SUM(COUNTIF(B143,{"*nest*","*grad*","*trans*","*1B*","*1C*"}))>0)} -> 0 | E143: =[7]Performance!Q8 -> 1 | F143: =[7]Performance!R8 -> 1 | G143: =[7]Performance!S8 -> 1 | H143: =[7]Performance!T8 -> 0.8 | I143: =[7]Performance!U8 -> 0.88 | J143: =[7]Performance!H8 -> 1 | K143: =[7]Performance!I8 -> 1 | L143: =[7]Performance!J8 -> 1 | M143: =[7]Performance!K8 -> 1 | N143: =[7]Performance!L8 -> 1 | O143: =[7]Performance!M8 -> 1 | P143: =[7]Performance!N8 -> 1 | Q143: =[7]Performance!O8 -> 1 | R143: =[7]Performance!P8 -> 1
A144: ='[7]Student Data'!M9 -> 343809 | B144: =[7]Reporting!C8 -> Moved/Joining Alternate Class/Program | C144: =[7]Reporting!F8 -> Renz Martin Dionisio | D144: {=--(SUM(COUNTIF(B144,{"*nest*","*grad*","*trans*","*1B*","*1C*"}))>0)} -> 0 | E144: =[7]Performance!Q9 -> 1 | F144: =[7]Performance!R9 -> 1 | G144: =[7]Performance!S9 -> 1 | H144: =[7]Performance!T9 -> 1 | I144: =[7]Performance!U9 -> 0.87 | J144: =[7]Performance!H9 -> 1 | K144: =[7]Performance!I9 -> 0.88 | L144: =[7]Performance!J9 -> 0.8 | M144: =[7]Performance!K9 -> 1 | N144: =[7]Performance!L9 -> 1 | O144: =[7]Performance!M9 -> 1 | P144: =[7]Performance!N9 -> 1 | Q144: =[7]Performance!O9 -> 1 | R144: =[7]Performance!P9 -> 0.82
A145: ='[7]Student Data'!M10 -> 343803 | B145: =[7]Reporting!C9 -> Moved/Joining Alternate Class/Program | C145: =[7]Reporting!F9 -> Matthew Lagaran | D145: {=--(SUM(COUNTIF(B145,{"*nest*","*grad*","*trans*","*1B*","*1C*"}))>0)} -> 0 | E145: =[7]Performance!Q10 -> 1 | F145: =[7]Performance!R10 -> 1 | G145: =[7]Performance!S10 -> 1 | H145: =[7]Performance!T10 -> 0.8 | I145: =[7]Performance!U10 -> 0.98 | J145: =[7]Performance!H10 -> 1 | K145: =[7]Performance!I10 -> 1 | L145: =[7]Performance!J10 -> 1 | M145: =[7]Performance!K10 -> 1 | N145: =[7]Performance!L10 -> 1 | O145: =[7]Performance!M10 -> 1 | P145: =[7]Performance!N10 -> 1 | Q145: =[7]Performance!O10 -> 1 | R145: =[7]Performance!P10 -> 1
A146: ='[7]Student Data'!M11 -> 343805 | B146: =[7]Reporting!C10 -> Moved/Joining Alternate Class/Program | C146: =[7]Reporting!F10 -> Paula Jean Yuen-De | D146: {=--(SUM(COUNTIF(B146,{"*nest*","*grad*","*trans*","*1B*","*1C*"}))>0)} -> 0 | E146: =[7]Performance!Q11 -> 1 | F146: =[7]Performance!R11 -> 1 | G146: =[7]Performance!S11 -> 0.88 | H146: =[7]Performance!T11 -> 0.8 | I146: =[7]Performance!U11 -> 1 | J146: =[7]Performance!H11 -> 1 | K146: =[7]Performance!I11 -> 1 | L146: =[7]Performance!J11 -> 1 | M146: =[7]Performance!K11 -> 1 | N146: =[7]Performance!L11 -> 1 | O146: =[7]Performance!M11 -> 1 | P146: =[7]Performance!N11 -> 1 | Q146: =[7]Performance!O11 -> 1 | R146: =[7]Performance!P11 -> 1
A147: ='[7]Student Data'!M12 -> 317631 | B147: =[7]Reporting!C11 -> Resigned-Nesting 3 | C147: =[7]Reporting!F11 -> Mark Vicent (Vince) Joseph | D147: {=--(SUM(COUNTIF(B147,{"*nest*","*grad*","*trans*","*1B*","*1C*"}))>0)} -> 1 | E147: =[7]Performance!Q12 -> 0 | F147: =[7]Performance!R12 -> 0 | G147: =[7]Performance!S12 -> 0 | H147: =[7]Performance!T12 -> 0 | I147: =[7]Performance!U12 -> 0 | J147: =[7]Performance!H12 -> 0 | K147: =[7]Performance!I12 -> 0 | L147: =[7]Performance!J12 -> 0 | M147: =[7]Performance!K12 -> 0 | N147: =[7]Performance!L12 -> 0 | O147: =[7]Performance!M12 -> 0 | P147: =[7]Performance!N12 -> 0 | Q147: =[7]Performance!O12 -> 0 | R147: =[7]Performance!P12 -> 0
A148: ='[7]Student Data'!M13 -> 343811 | B148: =[7]Reporting!C12 -> Terminated-Nesting 1A | C148: =[7]Reporting!F12 -> John Roe Marc Mantilla | D148: {=--(SUM(COUNTIF(B148,{"*nest*","*grad*","*trans*","*1B*","*1C*"}))>0)} -> 1 | E148: =[7]Performance!Q13 -> 1 | F148: =[7]Performance!R13 -> 1 | G148: =[7]Performance!S13 -> 0.92 | H148: =[7]Performance!T13 -> 0.8 | I148: =[7]Performance!U13 -> 0.84 | J148: =[7]Performance!H13 -> 1 | K148: =[7]Performance!I13 -> 0.88 | L148: =[7]Performance!J13 -> 1 | M148: =[7]Performance!K13 -> 1 | N148: =[7]Performance!L13 -> 1 | O148: =[7]Performance!M13 -> 1 | P148: =[7]Performance!N13 -> 1 | Q148: =[7]Performance!O13 -> 1 | R148: =[7]Performance!P13 -> 0.98
A149: ='[7]Student Data'!M14 -> 343786 | B149: =[7]Reporting!C13 -> Terminated-Nesting 1A | C149: =[7]Reporting!F13 -> Erenz Florenz Santos | D149: {=--(SUM(COUNTIF(B149,{"*nest*","*grad*","*trans*","*1B*","*1C*"}))>0)} -> 1 | E149: =[7]Performance!Q14 -> 1 | F149: =[7]Performance!R14 -> 1 | G149: =[7]Performance!S14 -> 0 | H149: =[7]Performance!T14 -> 0.8 | I149: =[7]Performance!U14 -> 0 | J149: =[7]Performance!H14 -> 0 | K149: =[7]Performance!I14 -> 0.88 | L149: =[7]Performance!J14 -> 1 | M149: =[7]Performance!K14 -> 1 | N149: =[7]Performance!L14 -> 1 | O149: =[7]Performance!M14 -> 1 | P149: =[7]Performance!N14 -> 1 | Q149: =[7]Performance!O14 -> 1 | R149: =[7]Performance!P14 -> 0.94
A150: ='[7]Student Data'!M15 -> 343808 | B150: =[7]Reporting!C14 -> Terminated-Nesting 1B | C150: =[7]Reporting!F14 -> Alyza Noe Mae Tating | D150: {=--(SUM(COUNTIF(B150,{"*nest*","*grad*","*trans*","*1B*","*1C*"}))>0)} -> 1 | E150: =[7]Performance!Q15 -> 1 | F150: =[7]Performance!R15 -> 1 | G150: =[7]Performance!S15 -> 0.84 | H150: =[7]Performance!T15 -> 1 | I150: =[7]Performance!U15 -> 1 | J150: =[7]Performance!H15 -> 1 | K150: =[7]Performance!I15 -> 1 | L150: =[7]Performance!J15 -> 1 | M150: =[7]Performance!K15 -> 1 | N150: =[7]Performance!L15 -> 1 | O150: =[7]Performance!M15 -> 1 | P150: =[7]Performance!N15 -> 1 | Q150: =[7]Performance!O15 -> 1 | R150: =[7]Performance!P15 -> 1
A151: ='[7]Student Data'!M16 -> 343800 | B151: =[7]Reporting!C15 -> Terminated-Nesting 3 | C151: =[7]Reporting!F15 -> Ma. Cielo (Mc) Dinong | D151: {=--(SUM(COUNTIF(B151,{"*nest*","*grad*","*trans*","*1B*","*1C*"}))>0)} -> 1 | E151: =[7]Performance!Q16 -> 1 | F151: =[7]Performance!R16 -> 1 | G151: =[7]Performance!S16 -> 0.88 | H151: =[7]Performance!T16 -> 0.8 | I151: =[7]Performance!U16 -> 0.9 | J151: =[7]Performance!H16 -> 1 | K151: =[7]Performance!I16 -> 0.88 | L151: =[7]Performance!J16 -> 1 | M151: =[7]Performance!K16 -> 1 | N151: =[7]Performance!L16 -> 1 | O151: =[7]Performance!M16 -> 1 | P151: =[7]Performance!N16 -> 1 | Q151: =[7]Performance!O16 -> 1 | R151: =[7]Performance!P16 -> 1
... A162: ='[7]Student Data'!M27 -> 342800 | B162: =[7]Reporting!C26 -> Transition to Production | C162: =[7]Reporting!F26 -> Jasper Bautista | D162: {=--(SUM(COUNTIF(B162,{"*nest*","*grad*","*trans*","*1B*","*1C*"}))>0)} -> 1 | E162: =[7]Performance!Q27 -> 1 | F162: =[7]Performance!R27 -> 1 | G162: =[7]Performance!S27 -> 1 | H162: =[7]Performance!T27 -> 1 | I162: =[7]Performance!U27 -> 1 | J162: =[7]Performance!H27 -> 1 | K162: =[7]Performance!I27 -> 1 | L162: =[7]Performance!J27 -> 1 | M162: =[7]Performance!K27 -> 1 | N162: =[7]Performance!L27 -> 1 | O162: =[7]Performance!M27 -> 1 | P162: =[7]Performance!N27 -> 1 | Q162: =[7]Performance!O27 -> 1 | R162: =[7]Performance!P27 -> 0.98
A163: 45797 | B163: Chase Argamosa | C163: Vhea De Fiesta | D163: =SUM(D164:D177) -> 11 | E163: =COUNTIF(E164:E177, ">79%") -> 12 | F163: =COUNTIF(F164:F177, ">79%") -> 12 | G163: =COUNTIF(G164:G177, ">79%") -> 11 | H163: =COUNTIF(H164:H177, ">79%") -> 12 | I163: =COUNTIF(I164:I177, ">79%") -> 12 | J163: =COUNTIF(J164:J177, ">79%") -> 11 | K163: =COUNTIF(K164:K177, ">79%") -> 12 | L163: =COUNTIF(L164:L177, ">79%") -> 12 | ... R163: =COUNTIF(R164:R177, ">79%") -> 11 | S163: =COUNTIF(S164:S208, ">79%") -> 0 | T163: ='[8]Class Summary'!$B$6 -> 45813
A164: ='[8]Student Data'!M5 -> 40650 | B164: =[8]Reporting!C4 -> Transition to Production with SMART plan | C164: =[8]Reporting!F4 -> Elhadj (Bo-bo) Diallo | D164: {=--(SUM(COUNTIF(B164,{"*nest*","*grad*","*trans*","*1B*","*1C*"}))>0)} -> 1 | E164: =[8]Performance!Q5 -> 1 | F164: =[8]Performance!R5 -> 1 | G164: =[8]Performance!S5 -> 0.94 | H164: =[8]Performance!T5 -> 1 | I164: =[8]Performance!U5 -> 0.8 | J164: =[8]Performance!H5 -> 1 | K164: =[8]Performance!I5 -> 0.88 | L164: =[8]Performance!J5 -> 1 | M164: =[8]Performance!K5 -> 1 | N164: =[8]Performance!L5 -> 1 | O164: =[8]Performance!M5 -> 1 | P164: =[8]Performance!N5 -> 1 | Q164: =[8]Performance!O5 -> 0.81 | R164: =[8]Performance!P5 -> 0.94
A165: ='[8]Student Data'!M6 -> 40651 | B165: =[8]Reporting!C5 -> Transition to Production with SMART plan | C165: =[8]Reporting!F5 -> Hary Dzita Koussock | D165: {=--(SUM(COUNTIF(B165,{"*nest*","*grad*","*trans*","*1B*","*1C*"}))>0)} -> 1 | E165: =[8]Performance!Q6 -> 1 | F165: =[8]Performance!R6 -> 1 | G165: =[8]Performance!S6 -> 0.94 | H165: =[8]Performance!T6 -> 0.8 | I165: =[8]Performance!U6 -> 0.89 | J165: =[8]Performance!H6 -> 1 | K165: =[8]Performance!I6 -> 0.88 | L165: =[8]Performance!J6 -> 0.8 | M165: =[8]Performance!K6 -> 1 | N165: =[8]Performance!L6 -> 1 | O165: =[8]Performance!M6 -> 1 | P165: =[8]Performance!N6 -> 1 | Q165: =[8]Performance!O6 -> 1 | R165: =[8]Performance!P6 -> 0.94
A166: ='[8]Student Data'!M7 -> 40641 | B166: =[8]Reporting!C6 -> Transition to Production with SMART plan | C166: =[8]Reporting!F6 -> Aliyaah Gatoto | D166: {=--(SUM(COUNTIF(B166,{"*nest*","*grad*","*trans*","*1B*","*1C*"}))>0)} -> 1 | E166: =[8]Performance!Q7 -> 1 | F166: =[8]Performance!R7 -> 1 | G166: =[8]Performance!S7 -> 0.84 | H166: =[8]Performance!T7 -> 0.8 | I166: =[8]Performance!U7 -> 1 | J166: =[8]Performance!H7 -> 1 | K166: =[8]Performance!I7 -> 0.88 | L166: =[8]Performance!J7 -> 1 | M166: =[8]Performance!K7 -> 1 | N166: =[8]Performance!L7 -> 0.89 | O166: =[8]Performance!M7 -> 1 | P166: =[8]Performance!N7 -> 1 | Q166: =[8]Performance!O7 -> 0.96 | R166: =[8]Performance!P7 -> 0.92
A167: ='[8]Student Data'!M8 -> 40645 | B167: =[8]Reporting!C7 -> Terminated-Nesting 3 | C167: =[8]Reporting!F7 -> Raissa Izere Umwali | D167: {=--(SUM(COUNTIF(B167,{"*nest*","*grad*","*trans*","*1B*","*1C*"}))>0)} -> 1 | E167: =[8]Performance!Q8 -> 1 | F167: =[8]Performance!R8 -> 1 | G167: =[8]Performance!S8 -> 0.86 | H167: =[8]Performance!T8 -> 1 | I167: =[8]Performance!U8 -> 0.82 | J167: =[8]Performance!H8 -> 1 | K167: =[8]Performance!I8 -> 0.88 | L167: =[8]Performance!J8 -> 1 | M167: =[8]Performance!K8 -> 1 | N167: =[8]Performance!L8 -> 1 | O167: =[8]Performance!M8 -> 1 | P167: =[8]Performance!N8 -> 1 | Q167: =[8]Performance!O8 -> 0.91 | R167: =[8]Performance!P8 -> 0.88
A168: ='[8]Student Data'!M9 -> 40647 | B168: =[8]Reporting!C8 -> Transition to Production with SMART plan | C168: =[8]Reporting!F8 -> Roda Kirenga | D168: {=--(SUM(COUNTIF(B168,{"*nest*","*grad*","*trans*","*1B*","*1C*"}))>0)} -> 1 | E168: =[8]Performance!Q9 -> 1 | F168: =[8]Performance!R9 -> 1 | G168: =[8]Performance!S9 -> 0.94 | H168: =[8]Performance!T9 -> 0.8 | I168: =[8]Performance!U9 -> 0.81 | J168: =[8]Performance!H9 -> 1 | K168: =[8]Performance!I9 -> 1 | L168: =[8]Performance!J9 -> 1 | M168: =[8]Performance!K9 -> 1 | N168: =[8]Performance!L9 -> 1 | O168: =[8]Performance!M9 -> 1 | P168: =[8]Performance!N9 -> 1 | Q168: =[8]Performance!O9 -> 0.87 | R168: =[8]Performance!P9 -> 1
A169: ='[8]Student Data'!M10 -> 40642 | B169: =[8]Reporting!C9 -> Resigned-Nesting 3 | C169: =[8]Reporting!F9 -> Jessica (Jessie) Leaker | D169: {=--(SUM(COUNTIF(B169,{"*nest*","*grad*","*trans*","*1B*","*1C*"}))>0)} -> 1 | E169: =[8]Performance!Q10 -> 1 | F169: =[8]Performance!R10 -> 1 | G169: =[8]Performance!S10 -> 0.9 | H169: =[8]Performance!T10 -> 0.8 | I169: =[8]Performance!U10 -> 1 | J169: =[8]Performance!H10 -> 1 | K169: =[8]Performance!I10 -> 1 | L169: =[8]Performance!J10 -> 1 | M169: =[8]Performance!K10 -> 1 | N169: =[8]Performance!L10 -> 1 | O169: =[8]Performance!M10 -> 1 | P169: =[8]Performance!N10 -> 1 | Q169: =[8]Performance!O10 -> 0.82 | R169: =[8]Performance!P10 -> 1
A170: ='[8]Student Data'!M11 -> 40643 | B170: =[8]Reporting!C10 -> Moved/Joining Alternate Class/Program | C170: =[8]Reporting!F10 -> Christiane (Chris) Lalonde | D170: {=--(SUM(COUNTIF(B170,{"*nest*","*grad*","*trans*","*1B*","*1C*"}))>0)} -> 0 | E170: =[8]Performance!Q11 -> 1 | F170: =[8]Performance!R11 -> 1 | G170: =[8]Performance!S11 -> 0.84 | H170: =[8]Performance!T11 -> 0.8 | I170: =[8]Performance!U11 -> 0.81 | J170: =[8]Performance!H11 -> 1 | K170: =[8]Performance!I11 -> 1 | L170: =[8]Performance!J11 -> 0.8 | M170: =[8]Performance!K11 -> 1 | N170: =[8]Performance!L11 -> 0.89 | O170: =[8]Performance!M11 -> 1 | P170: =[8]Performance!N11 -> 1 | Q170: =[8]Performance!O11 -> 0.96 | R170: =[8]Performance!P11 -> 0.92
A171: ='[8]Student Data'!M12 -> 40648 | B171: =[8]Reporting!C11 -> Terminated-Nesting 3 | C171: =[8]Reporting!F11 -> Safwene Mefteh | D171: {=--(SUM(COUNTIF(B171,{"*nest*","*grad*","*trans*","*1B*","*1C*"}))>0)} -> 1 | E171: =[8]Performance!Q12 -> 1 | F171: =[8]Performance!R12 -> 1 | G171: =[8]Performance!S12 -> 0.94 | H171: =[8]Performance!T12 -> 1 | I171: =[8]Performance!U12 -> 0.92 | J171: =[8]Performance!H12 -> 1 | K171: =[8]Performance!I12 -> 0.88 | L171: =[8]Performance!J12 -> 1 | M171: =[8]Performance!K12 -> 1 | N171: =[8]Performance!L12 -> 1 | O171: =[8]Performance!M12 -> 1 | P171: =[8]Performance!N12 -> 1 | Q171: =[8]Performance!O12 -> 0.96 | R171: =[8]Performance!P12 -> 1
A172: ='[8]Student Data'!M13 -> 40652 | B172: =[8]Reporting!C12 -> Transition to Production with SMART plan | C172: =[8]Reporting!F12 -> Youssra (You-you) Mesbahi | D172: {=--(SUM(COUNTIF(B172,{"*nest*","*grad*","*trans*","*1B*","*1C*"}))>0)} -> 1 | E172: =[8]Performance!Q13 -> 1 | F172: =[8]Performance!R13 -> 1 | G172: =[8]Performance!S13 -> 0.88 | H172: =[8]Performance!T13 -> 1 | I172: =[8]Performance!U13 -> 0.83 | J172: =[8]Performance!H13 -> 1 | K172: =[8]Performance!I13 -> 0.88 | L172: =[8]Performance!J13 -> 1 | M172: =[8]Performance!K13 -> 1 | N172: =[8]Performance!L13 -> 1 | O172: =[8]Performance!M13 -> 1 | P172: =[8]Performance!N13 -> 1 | Q172: =[8]Performance!O13 -> 0.91 | R172: =[8]Performance!P13 -> 1
A173: ='[8]Student Data'!M14 -> 40654 | B173: =[8]Reporting!C13 -> Did not Start | C173: =[8]Reporting!F13 -> Arsene Mugisha | D173: {=--(SUM(COUNTIF(B173,{"*nest*","*grad*","*trans*","*1B*","*1C*"}))>0)} -> 0 | E173: =[8]Performance!Q14 -> N/A | F173: =[8]Performance!R14 -> N/A | G173: =[8]Performance!S14 -> N/A | H173: =[8]Performance!T14 -> N/A | I173: =[8]Performance!U14 -> N/A | J173: =[8]Performance!H14 -> N/A | K173: =[8]Performance!I14 -> N/A | L173: =[8]Performance!J14 -> N/A | M173: =[8]Performance!K14 -> N/A | N173: =[8]Performance!L14 -> N/A | O173: =[8]Performance!M14 -> N/A | P173: =[8]Performance!N14 -> N/A | Q173: =[8]Performance!O14 -> N/A | R173: =[8]Performance!P14 -> N/A
A174: ='[8]Student Data'!M15 -> 40644 | B174: =[8]Reporting!C14 -> Resigned-Nesting 3 | C174: =[8]Reporting!F14 -> Chesca Alima Ondo Koka | D174: {=--(SUM(COUNTIF(B174,{"*nest*","*grad*","*trans*","*1B*","*1C*"}))>0)} -> 1 | E174: =[8]Performance!Q15 -> 1 | F174: =[8]Performance!R15 -> 1 | G174: =[8]Performance!S15 -> 1 | H174: =[8]Performance!T15 -> 1 | I174: =[8]Performance!U15 -> 0.83 | J174: =[8]Performance!H15 -> 1 | K174: =[8]Performance!I15 -> 0.89 | L174: =[8]Performance!J15 -> 0.82 | M174: =[8]Performance!K15 -> 1 | N174: =[8]Performance!L15 -> 1 | O174: =[8]Performance!M15 -> 1 | P174: =[8]Performance!N15 -> 1 | Q174: =[8]Performance!O15 -> 1 | R174: =[8]Performance!P15 -> 0.82
A175: ='[8]Student Data'!M16 -> 40649 | B175: =[8]Reporting!C15 -> Did not Start | C175: =[8]Reporting!F15 -> Paul Rioux | D175: {=--(SUM(COUNTIF(B175,{"*nest*","*grad*","*trans*","*1B*","*1C*"}))>0)} -> 0 | E175: =[8]Performance!Q16 -> N/A | F175: =[8]Performance!R16 -> N/A | G175: =[8]Performance!S16 -> N/A | H175: =[8]Performance!T16 -> N/A | I175: =[8]Performance!U16 -> N/A | J175: =[8]Performance!H16 -> N/A | K175: =[8]Performance!I16 -> N/A | L175: =[8]Performance!J16 -> N/A | M175: =[8]Performance!K16 -> N/A | N175: =[8]Performance!L16 -> N/A | O175: =[8]Performance!M16 -> N/A | P175: =[8]Performance!N16 -> N/A | Q175: =[8]Performance!O16 -> N/A | R175: =[8]Performance!P16 -> N/A
... A177: ='[8]Student Data'!M18 -> 40653 | B177: =[8]Reporting!C17 -> Terminated-Nesting 3 | C177: =[8]Reporting!F17 -> Franky Junior (Franky) Teudji Koumetio | D177: {=--(SUM(COUNTIF(B177,{"*nest*","*grad*","*trans*","*1B*","*1C*"}))>0)} -> 1 | E177: =[8]Performance!Q18 -> 1 | F177: =[8]Performance!R18 -> 1 | G177: =[8]Performance!S18 -> 0.96 | H177: =[8]Performance!T18 -> 1 | I177: =[8]Performance!U18 -> 0.95 | J177: =[8]Performance!H18 -> 1 | K177: =[8]Performance!I18 -> 0.88 | L177: =[8]Performance!J18 -> 0.8 | M177: =[8]Performance!K18 -> 1 | N177: =[8]Performance!L18 -> 1 | O177: =[8]Performance!M18 -> 1 | P177: =[8]Performance!N18 -> 1 | Q177: =[8]Performance!O18 -> 1 | R177: =[8]Performance!P18 -> 0.94
A178: 45803 | B178: Jean Luzada | C178: Maynard Soriano | D178: =SUM(D179:D197) -> 14 | E178: =COUNTIF(E179:E197, ">79%") -> 16 | F178: =COUNTIF(F179:F197, ">79%") -> 16 | G178: =COUNTIF(G179:G197, ">79%") -> 15 | H178: =COUNTIF(H179:H197, ">79%") -> 16 | I178: =COUNTIF(I179:I197, ">79%") -> 15 | J178: =COUNTIF(J179:J197, ">79%") -> 0 | K178: =COUNTIF(K179:K197, ">79%") -> 16 | L178: =COUNTIF(L179:L197, ">79%") -> 16 | ... R178: =COUNTIF(R179:R197, ">79%") -> 16 | S178: =COUNTIF(S179:S223, ">79%") -> 0 | T178: ='[9]Class Summary'!$B$6 -> 45819 | U178: Jennifer Ramirez
...

Sheet Q2
A1: Class Start Date | B1: Trainer Name | D1: Number of Agent Transition to Nesting | E1: Whistleblowing | F1: PCB Compliance Coaching Model | G1: Complaint Management Theory | H1: NTT BPO PCB AML - General | I1: Senior's Fraud | J1: Corporate Policy and Procedure Employee Sign off | K1: NTT BPO CASL | L1: NTT BPO AODA | M1: NTT BPO Health and Safety - Onshore or Offshore version | N1: NTT BPO WHMIS | O1: NTT BPO Violence and Harassment in the Workplace Quiz | P1: NTT BPO Insider Fraud Awareness | Q1: NTT BPO Privacy + Security | R1: NTT BPO Human Rights Code | S1: Notes | T1: Last day in Training
A2: 06.09.2025 | B2: Anabelle Pizon | C2: Irish Ferreras | D2: =SUM(D3:D21) -> 14 | E2: =COUNTIF(E3:E21, ">79%") -> 15 | F2: =COUNTIF(F3:F21, ">79%") -> 15 | G2: =COUNTIF(G3:G21, ">79%") -> 15 | H2: =COUNTIF(H3:H21, ">79%") -> 15 | I2: =COUNTIF(I3:I21, ">79%") -> 15 | J2: =COUNTIF(J3:J21, ">79%") -> 0 | K2: =COUNTIF(K3:K21, ">79%") -> 15 | L2: =COUNTIF(L3:L21, ">79%") -> 15 | ... R2: =COUNTIF(R3:R21, ">79%") -> 15 | T2: ='[10]Class Summary'!$B$6 -> 45833
A3: ='[10]Student Data'!M5 -> 0 | B3: =[10]Reporting!C4 -> Did not Start | C3: =[10]Reporting!F4 -> Ann Christine Felomina Becerro | D3: {=--(SUM(COUNTIF(B3,{"*nest*","*grad*","*trans*","*1B*","*1C*"}))>0)} -> 0 | E3: =[10]Performance!Q5 -> 0 | F3: =[10]Performance!R5 -> 0 | G3: =[10]Performance!S5 -> 0 | H3: =[10]Performance!T5 -> 0 | I3: =[10]Performance!U5 -> 0 | J3: =[10]Performance!H5 -> 0 | K3: =[10]Performance!I5 -> 0 | L3: =[10]Performance!J5 -> 0 | M3: =[10]Performance!K5 -> 0 | N3: =[10]Performance!L5 -> 0 | O3: =[10]Performance!M5 -> 0 | P3: =[10]Performance!N5 -> 0 | Q3: =[10]Performance!O5 -> 0 | R3: =[10]Performance!P5 -> 0
A4: ='[10]Student Data'!M6 -> 344970 | B4: =[10]Reporting!C5 -> Transition to Production | C4: =[10]Reporting!F5 -> Allyza Cabiad | D4: {=--(SUM(COUNTIF(B4,{"*nest*","*grad*","*trans*","*1B*","*1C*"}))>0)} -> 1 | E4: =[10]Performance!Q6 -> 1 | F4: =[10]Performance!R6 -> 1 | G4: =[10]Performance!S6 -> 0.94 | H4: =[10]Performance!T6 -> 1 | I4: =[10]Performance!U6 -> 0.88 | J4: =[10]Performance!H6 -> NTT | K4: =[10]Performance!I6 -> 0.88 | L4: =[10]Performance!J6 -> 1 | M4: =[10]Performance!K6 -> NTT | N4: =[10]Performance!L6 -> NTT | O4: =[10]Performance!M6 -> N/A | P4: =[10]Performance!N6 -> 1 | Q4: =[10]Performance!O6 -> NTT | R4: =[10]Performance!P6 -> 1
A5: ='[10]Student Data'!M7 -> 0 | B5: =[10]Reporting!C6 -> Did not Start | C5: =[10]Reporting!F6 -> Myla May Delos Santos | D5: {=--(SUM(COUNTIF(B5,{"*nest*","*grad*","*trans*","*1B*","*1C*"}))>0)} -> 0 | E5: =[10]Performance!Q7 -> 0 | F5: =[10]Performance!R7 -> 0 | G5: =[10]Performance!S7 -> 0 | H5: =[10]Performance!T7 -> 0 | I5: =[10]Performance!U7 -> 0 | J5: =[10]Performance!H7 -> 0 | K5: =[10]Performance!I7 -> 0 | L5: =[10]Performance!J7 -> 0 | M5: =[10]Performance!K7 -> 0 | N5: =[10]Performance!L7 -> 0 | O5: =[10]Performance!M7 -> 0 | P5: =[10]Performance!N7 -> 0 | Q5: =[10]Performance!O7 -> 0 | R5: =[10]Performance!P7 -> 0
A6: ='[10]Student Data'!M8 -> 0 | B6: =[10]Reporting!C7 -> Did not Start | C6: =[10]Reporting!F7 -> Junmel Estiller | D6: {=--(SUM(COUNTIF(B6,{"*nest*","*grad*","*trans*","*1B*","*1C*"}))>0)} -> 0 | E6: =[10]Performance!Q8 -> 0 | F6: =[10]Performance!R8 -> 0 | G6: =[10]Performance!S8 -> 0 | H6: =[10]Performance!T8 -> 0 | I6: =[10]Performance!U8 -> 0 | J6: =[10]Performance!H8 -> 0 | K6: =[10]Performance!I8 -> 0 | L6: =[10]Performance!J8 -> 0 | M6: =[10]Performance!K8 -> 0 | N6: =[10]Performance!L8 -> 0 | O6: =[10]Performance!M8 -> 0 | P6: =[10]Performance!N8 -> 0 | Q6: =[10]Performance!O8 -> 0 | R6: =[10]Performance!P8 -> 0
A7: ='[10]Student Data'!M9 -> 344969 | B7: =[10]Reporting!C8 -> Resigned Tier 1B | C7: =[10]Reporting!F8 -> Jenifer Jainar | D7: {=--(SUM(COUNTIF(B7,{"*nest*","*grad*","*trans*","*1B*","*1C*"}))>0)} -> 1 | E7: =[10]Performance!Q9 -> 1 | F7: =[10]Performance!R9 -> 1 | G7: =[10]Performance!S9 -> 1 | H7: =[10]Performance!T9 -> 1 | I7: =[10]Performance!U9 -> 1 | J7: =[10]Performance!H9 -> NTT | K7: =[10]Performance!I9 -> 0.88 | L7: =[10]Performance!J9 -> 0.8 | M7: =[10]Performance!K9 -> NTT | N7: =[10]Performance!L9 -> NTT | O7: =[10]Performance!M9 -> N/A | P7: =[10]Performance!N9 -> 1 | Q7: =[10]Performance!O9 -> NTT | R7: =[10]Performance!P9 -> 0.94
A8: ='[10]Student Data'!M10 -> 344955 | B8: =[10]Reporting!C9 -> Transition to Production | C8: =[10]Reporting!F9 -> Guia Ericka Javier | D8: {=--(SUM(COUNTIF(B8,{"*nest*","*grad*","*trans*","*1B*","*1C*"}))>0)} -> 1 | E8: =[10]Performance!Q10 -> 1 | F8: =[10]Performance!R10 -> 1 | G8: =[10]Performance!S10 -> 1 | H8: =[10]Performance!T10 -> 0.8 | I8: =[10]Performance!U10 -> 0.88 | J8: =[10]Performance!H10 -> NTT | K8: =[10]Performance!I10 -> 1 | L8: =[10]Performance!J10 -> 0.8 | M8: =[10]Performance!K10 -> NTT | N8: =[10]Performance!L10 -> NTT | O8: =[10]Performance!M10 -> N/A | P8: =[10]Performance!N10 -> 1 | Q8: =[10]Performance!O10 -> NTT | R8: =[10]Performance!P10 -> 0.94
A9: ='[10]Student Data'!M11 -> 344967 | B9: =[10]Reporting!C10 -> Terminated-Nesting 3 | C9: =[10]Reporting!F10 -> Michelle Jayme | D9: {=--(SUM(COUNTIF(B9,{"*nest*","*grad*","*trans*","*1B*","*1C*"}))>0)} -> 1 | E9: =[10]Performance!Q11 -> 1 | F9: =[10]Performance!R11 -> 1 | G9: =[10]Performance!S11 -> 0.86 | H9: =[10]Performance!T11 -> 1 | I9: =[10]Performance!U11 -> 0.84 | J9: =[10]Performance!H11 -> NTT | K9: =[10]Performance!I11 -> 1 | L9: =[10]Performance!J11 -> 1 | M9: =[10]Performance!K11 -> NTT | N9: =[10]Performance!L11 -> NTT | O9: =[10]Performance!M11 -> N/A | P9: =[10]Performance!N11 -> 1 | Q9: =[10]Performance!O11 -> NTT | R9: =[10]Performance!P11 -> 0.94
A10: ='[10]Student Data'!M12 -> 344960 | B10: =[10]Reporting!C11 -> Resigned Tier 1B | C10: =[10]Reporting!F11 -> Diana Jane Juliano | D10: {=--(SUM(COUNTIF(B10,{"*nest*","*grad*","*trans*","*1B*","*1C*"}))>0)} -> 1 | E10: =[10]Performance!Q12 -> 1 | F10: =[10]Performance!R12 -> 1 | G10: =[10]Performance!S12 -> 0.83 | H10: =[10]Performance!T12 -> 1 | I10: =[10]Performance!U12 -> 0.85 | J10: =[10]Performance!H12 -> NTT | K10: =[10]Performance!I12 -> 0.88 | L10: =[10]Performance!J12 -> 1 | M10: =[10]Performance!K12 -> NTT | N10: =[10]Performance!L12 -> NTT | O10: =[10]Performance!M12 -> N/A | P10: =[10]Performance!N12 -> 1 | Q10: =[10]Performance!O12 -> NTT | R10: =[10]Performance!P12 -> 1
A11: ='[10]Student Data'!M13 -> 344966 | B11: =[10]Reporting!C12 -> Moved/Joining Alternate Class/Program | C11: =[10]Reporting!F12 -> Karen Joy Lambating | D11: {=--(SUM(COUNTIF(B11,{"*nest*","*grad*","*trans*","*1B*","*1C*"}))>0)} -> 0 | E11: =[10]Performance!Q13 -> 1 | F11: =[10]Performance!R13 -> 1 | G11: =[10]Performance!S13 -> 0.93 | H11: =[10]Performance!T13 -> 0.8 | I11: =[10]Performance!U13 -> 0.95 | J11: =[10]Performance!H13 -> NTT | K11: =[10]Performance!I13 -> 0.88 | L11: =[10]Performance!J13 -> 1 | M11: =[10]Performance!K13 -> NTT | N11: =[10]Performance!L13 -> NTT | O11: =[10]Performance!M13 -> N/A | P11: =[10]Performance!N13 -> 1 | Q11: =[10]Performance!O13 -> NTT | R11: =[10]Performance!P13 -> 0.94
A12: ='[10]Student Data'!M14 -> 344957 | B12: =[10]Reporting!C13 -> Transition to Production | C12: =[10]Reporting!F13 -> Jeremie Luchavez | D12: {=--(SUM(COUNTIF(B12,{"*nest*","*grad*","*trans*","*1B*","*1C*"}))>0)} -> 1 | E12: =[10]Performance!Q14 -> 1 | F12: =[10]Performance!R14 -> 1 | G12: =[10]Performance!S14 -> 0.9 | H12: =[10]Performance!T14 -> 1 | I12: =[10]Performance!U14 -> 0.9 | J12: =[10]Performance!H14 -> NTT | K12: =[10]Performance!I14 -> 1 | L12: =[10]Performance!J14 -> 0.8 | M12: =[10]Performance!K14 -> NTT | N12: =[10]Performance!L14 -> NTT | O12: =[10]Performance!M14 -> N/A | P12: =[10]Performance!N14 -> 1 | Q12: =[10]Performance!O14 -> NTT | R12: =[10]Performance!P14 -> 0.97
A13: ='[10]Student Data'!M15 -> 344965 | B13: =[10]Reporting!C14 -> Transition to Production | C13: =[10]Reporting!F14 -> Zechariah (Zach) Magusara | D13: {=--(SUM(COUNTIF(B13,{"*nest*","*grad*","*trans*","*1B*","*1C*"}))>0)} -> 1 | E13: =[10]Performance!Q15 -> 1 | F13: =[10]Performance!R15 -> 1 | G13: =[10]Performance!S15 -> 0.86 | H13: =[10]Performance!T15 -> 0.8 | I13: =[10]Performance!U15 -> 0.84 | J13: =[10]Performance!H15 -> NTT | K13: =[10]Performance!I15 -> 0.88 | L13: =[10]Performance!J15 -> 1 | M13: =[10]Performance!K15 -> NTT | N13: =[10]Performance!L15 -> NTT | O13: =[10]Performance!M15 -> N/A | P13: =[10]Performance!N15 -> 1 | Q13: =[10]Performance!O15 -> NTT | R13: =[10]Performance!P15 -> 0.98
A14: ='[10]Student Data'!M16 -> 344956 | B14: =[10]Reporting!C15 -> Transition to Production | C14: =[10]Reporting!F15 -> Justine Monedero | D14: {=--(SUM(COUNTIF(B14,{"*nest*","*grad*","*trans*","*1B*","*1C*"}))>0)} -> 1 | E14: =[10]Performance!Q16 -> 1 | F14: =[10]Performance!R16 -> 1 | G14: =[10]Performance!S16 -> 0.81 | H14: =[10]Performance!T16 -> 0.8 | I14: =[10]Performance!U16 -> 0.88 | J14: =[10]Performance!H16 -> NTT | K14: =[10]Performance!I16 -> 0.88 | L14: =[10]Performance!J16 -> 1 | M14: =[10]Performance!K16 -> NTT | N14: =[10]Performance!L16 -> NTT | O14: =[10]Performance!M16 -> N/A | P14: =[10]Performance!N16 -> 1 | Q14: =[10]Performance!O16 -> NTT | R14: =[10]Performance!P16 -> 0.82
... A21: ='[10]Student Data'!M23 -> 344961 | B21: =[10]Reporting!C22 -> Resigned-Nesting 1B | C21: =[10]Reporting!F22 -> Janna Rosalia Talabong | D21: {=--(SUM(COUNTIF(B21,{"*nest*","*grad*","*trans*","*1B*","*1C*"}))>0)} -> 1 | E21: =[10]Performance!Q23 -> 1 | F21: =[10]Performance!R23 -> 1 | G21: =[10]Performance!S23 -> 0.92 | H21: =[10]Performance!T23 -> 1 | I21: =[10]Performance!U23 -> 0.9 | J21: =[10]Performance!H23 -> NTT | K21: =[10]Performance!I23 -> 1 | L21: =[10]Performance!J23 -> 1 | M21: =[10]Performance!K23 -> NTT | N21: =[10]Performance!L23 -> NTT | O21: =[10]Performance!M23 -> N/A | P21: =[10]Performance!N23 -> 1 | Q21: =[10]Performance!O23 -> NTT | R21: =[10]Performance!P23 -> 0.82
A22: 06.23.2025 | B22: Kate Saigo | C22: Jeff Janda | D22: =SUM(D23:D35) -> 10 | E22: =COUNTIF(E23:E35, ">79%") -> 11 | F22: =COUNTIF(F23:F35, ">79%") -> 11 | G22: =COUNTIF(G23:G35, ">79%") -> 11 | H22: =COUNTIF(H23:H35, ">79%") -> 11 | I22: =COUNTIF(I23:I35, ">79%") -> 11 | J22: =COUNTIF(J23:J35, ">79%") -> 10 | K22: =COUNTIF(K23:K35, ">79%") -> 11 | L22: =COUNTIF(L23:L35, ">79%") -> 11 | ... R22: =COUNTIF(R23:R35, ">79%") -> 11 | T22: ='[11]Class Summary'!$B$6 -> 45847
A23: ='[12]Student Data'!M5 -> 345520 | B23: =[12]Reporting!C4 -> Resigned Tier 1A | C23: =[11]Reporting!F4 -> Anna Liza Valenzuela | D23: {=--(SUM(COUNTIF(B23,{"*nest*","*grad*","*trans*","*1B*","*1C*"}))>0)} -> 0 | E23: =[12]Performance!P5 -> 0 | F23: =[12]Performance!Q5 -> 0 | G23: =[12]Performance!R5 -> 0 | H23: =[12]Performance!S5 -> 0 | I23: =[12]Performance!T5 -> 0 | J23: =[12]Performance!H5 -> 0 | K23: =[12]Performance!I5 -> 0 | L23: =[12]Performance!J5 -> 0 | M23: =[12]Performance!K5 -> 0 | N23: =[12]Performance!L5 -> 0 | O23: =[12]Performance!M5 -> 0 | P23: =[12]Performance!N5 -> 0 | Q23: =[12]Performance!O5 -> 0 | R23: =[12]Performance!P5 -> 0
A24: ='[12]Student Data'!M6 -> 345568 | B24: =[12]Reporting!C5 -> Transition to Production | C24: =[11]Reporting!F5 -> Arvin Nareto De Leon | D24: {=--(SUM(COUNTIF(B24,{"*nest*","*grad*","*trans*","*1B*","*1C*"}))>0)} -> 1 | E24: =[12]Performance!P6 -> 1 | F24: =[12]Performance!Q6 -> 1 | G24: =[12]Performance!R6 -> 1 | H24: =[12]Performance!S6 -> 0.88 | I24: =[12]Performance!T6 -> 1 | J24: =[12]Performance!H6 -> 1 | K24: =[12]Performance!I6 -> 0.88 | L24: =[12]Performance!J6 -> 1 | M24: =[12]Performance!K6 -> 1 | N24: =[12]Performance!L6 -> 1 | O24: =[12]Performance!M6 -> 1 | P24: =[12]Performance!N6 -> 1 | Q24: =[12]Performance!O6 -> 1 | R24: =[12]Performance!P6 -> 1
A25: ='[12]Student Data'!M7 -> 345526 | B25: =[12]Reporting!C6 -> Transition to Production | C25: =[11]Reporting!F6 -> Asnor Alden | D25: {=--(SUM(COUNTIF(B25,{"*nest*","*grad*","*trans*","*1B*","*1C*"}))>0)} -> 1 | E25: =[12]Performance!P7 -> 1 | F25: =[12]Performance!Q7 -> 1 | G25: =[12]Performance!R7 -> 1 | H25: =[12]Performance!S7 -> 1 | I25: =[12]Performance!T7 -> 1 | J25: =[12]Performance!H7 -> 1 | K25: =[12]Performance!I7 -> 0.88 | L25: =[12]Performance!J7 -> 1 | M25: =[12]Performance!K7 -> 1 | N25: =[12]Performance!L7 -> 1 | O25: =[12]Performance!M7 -> 1 | P25: =[12]Performance!N7 -> 1 | Q25: =[12]Performance!O7 -> 1 | R25: =[12]Performance!P7 -> 1
A26: ='[12]Student Data'!M8 -> 345532 | B26: =[12]Reporting!C7 -> Transition to Production | C26: =[11]Reporting!F7 -> Edilito Nartea Jr. | D26: {=--(SUM(COUNTIF(B26,{"*nest*","*grad*","*trans*","*1B*","*1C*"}))>0)} -> 1 | E26: =[12]Performance!P8 -> 0.82 | F26: =[12]Performance!Q8 -> 1 | G26: =[12]Performance!R8 -> 1 | H26: =[12]Performance!S8 -> 0.88 | I26: =[12]Performance!T8 -> 1 | J26: =[12]Performance!H8 -> 1 | K26: =[12]Performance!I8 -> 0.88 | L26: =[12]Performance!J8 -> 1 | M26: =[12]Performance!K8 -> 1 | N26: =[12]Performance!L8 -> 1 | O26: =[12]Performance!M8 -> 1 | P26: =[12]Performance!N8 -> 1 | Q26: =[12]Performance!O8 -> 1 | R26: =[12]Performance!P8 -> 0.82
A27: ='[12]Student Data'!M9 -> 0 | B27: =[12]Reporting!C8 -> Did not Start | C27: =[11]Reporting!F8 -> Jemwell Morante | D27: {=--(SUM(COUNTIF(B27,{"*nest*","*grad*","*trans*","*1B*","*1C*"}))>0)} -> 0 | E27: =[12]Performance!P9 -> 0 | F27: =[12]Performance!Q9 -> 0 | G27: =[12]Performance!R9 -> 0 | H27: =[12]Performance!S9 -> 0 | I27: =[12]Performance!T9 -> 0 | J27: =[12]Performance!H9 -> 0 | K27: =[12]Performance!I9 -> 0 | L27: =[12]Performance!J9 -> 0 | M27: =[12]Performance!K9 -> 0 | N27: =[12]Performance!L9 -> 0 | O27: =[12]Performance!M9 -> 0 | P27: =[12]Performance!N9 -> 0 | Q27: =[12]Performance!O9 -> 0 | R27: =[12]Performance!P9 -> 0
A28: ='[12]Student Data'!M10 -> 345530 | B28: =[12]Reporting!C9 -> Transition to Production | C28: =[11]Reporting!F9 -> Joros Rian | D28: {=--(SUM(COUNTIF(B28,{"*nest*","*grad*","*trans*","*1B*","*1C*"}))>0)} -> 1 | E28: =[12]Performance!P10 -> 1 | F28: =[12]Performance!Q10 -> 1 | G28: =[12]Performance!R10 -> 1 | H28: =[12]Performance!S10 -> 0.96 | I28: =[12]Performance!T10 -> 0.8 | J28: =[12]Performance!H10 -> 1 | K28: =[12]Performance!I10 -> 0.88 | L28: =[12]Performance!J10 -> 0.8 | M28: =[12]Performance!K10 -> 1 | N28: =[12]Performance!L10 -> 1 | O28: =[12]Performance!M10 -> 1 | P28: =[12]Performance!N10 -> 1 | Q28: =[12]Performance!O10 -> 1 | R28: =[12]Performance!P10 -> 1
A29: ='[12]Student Data'!M11 -> 345556 | B29: =[12]Reporting!C10 -> Resigned Tier 1A | C29: =[11]Reporting!F10 -> Myla May Delos Santos | D29: {=--(SUM(COUNTIF(B29,{"*nest*","*grad*","*trans*","*1B*","*1C*"}))>0)} -> 0 | E29: =[12]Performance!P11 -> 1 | F29: =[12]Performance!Q11 -> 1 | G29: =[12]Performance!R11 -> 1 | H29: =[12]Performance!S11 -> 0.86 | I29: =[12]Performance!T11 -> 1 | J29: =[12]Performance!H11 -> 0 | K29: =[12]Performance!I11 -> 0.88 | L29: =[12]Performance!J11 -> 0.8 | M29: =[12]Performance!K11 -> 0 | N29: =[12]Performance!L11 -> 0 | O29: =[12]Performance!M11 -> 0 | P29: =[12]Performance!N11 -> 1 | Q29: =[12]Performance!O11 -> 1 | R29: =[12]Performance!P11 -> 1
A30: ='[12]Student Data'!M12 -> 345540 | B30: =[12]Reporting!C11 -> Transition to Production | C30: =[11]Reporting!F11 -> Nicole Sto. Domingo | D30: {=--(SUM(COUNTIF(B30,{"*nest*","*grad*","*trans*","*1B*","*1C*"}))>0)} -> 1 | E30: =[12]Performance!P12 -> 0.82 | F30: =[12]Performance!Q12 -> 1 | G30: =[12]Performance!R12 -> 1 | H30: =[12]Performance!S12 -> 0.94 | I30: =[12]Performance!T12 -> 1 | J30: =[12]Performance!H12 -> 1 | K30: =[12]Performance!I12 -> 1 | L30: =[12]Performance!J12 -> 1 | M30: =[12]Performance!K12 -> 1 | N30: =[12]Performance!L12 -> 1 | O30: =[12]Performance!M12 -> 1 | P30: =[12]Performance!N12 -> 1 | Q30: =[12]Performance!O12 -> 1 | R30: =[12]Performance!P12 -> 0.82
A31: ='[12]Student Data'!M13 -> 345542 | B31: =[12]Reporting!C12 -> Transition to Production | C31: =[11]Reporting!F12 -> Rey Jumar Ty | D31: {=--(SUM(COUNTIF(B31,{"*nest*","*grad*","*trans*","*1B*","*1C*"}))>0)} -> 1 | E31: =[12]Performance!P13 -> 0.88 | F31: =[12]Performance!Q13 -> 1 | G31: =[12]Performance!R13 -> 1 | H31: =[12]Performance!S13 -> 0.84 | I31: =[12]Performance!T13 -> 1 | J31: =[12]Performance!H13 -> 1 | K31: =[12]Performance!I13 -> 0.88 | L31: =[12]Performance!J13 -> 1 | M31: =[12]Performance!K13 -> 1 | N31: =[12]Performance!L13 -> 1 | O31: =[12]Performance!M13 -> 1 | P31: =[12]Performance!N13 -> 1 | Q31: =[12]Performance!O13 -> 1 | R31: =[12]Performance!P13 -> 0.88
A32: ='[12]Student Data'!M14 -> 345548 | B32: =[12]Reporting!C13 -> Transition to Production | C32: =[11]Reporting!F13 -> Russile Jepollo | D32: {=--(SUM(COUNTIF(B32,{"*nest*","*grad*","*trans*","*1B*","*1C*"}))>0)} -> 1 | E32: =[12]Performance!P14 -> 0.82 | F32: =[12]Performance!Q14 -> 1 | G32: =[12]Performance!R14 -> 1 | H32: =[12]Performance!S14 -> 0.94 | I32: =[12]Performance!T14 -> 1 | J32: =[12]Performance!H14 -> 1 | K32: =[12]Performance!I14 -> 0.88 | L32: =[12]Performance!J14 -> 1 | M32: =[12]Performance!K14 -> 1 | N32: =[12]Performance!L14 -> 1 | O32: =[12]Performance!M14 -> 1 | P32: =[12]Performance!N14 -> 1 | Q32: =[12]Performance!O14 -> 1 | R32: =[12]Performance!P14 -> 0.82
A33: ='[12]Student Data'!M15 -> 345554 | B33: =[12]Reporting!C14 -> Transition to Production | C33: =[11]Reporting!F14 -> Valerie Perez | D33: {=--(SUM(COUNTIF(B33,{"*nest*","*grad*","*trans*","*1B*","*1C*"}))>0)} -> 1 | E33: =[12]Performance!P15 -> 1 | F33: =[12]Performance!Q15 -> 1 | G33: =[12]Performance!R15 -> 1 | H33: =[12]Performance!S15 -> 1 | I33: =[12]Performance!T15 -> 0.8 | J33: =[12]Performance!H15 -> 1 | K33: =[12]Performance!I15 -> 0.88 | L33: =[12]Performance!J15 -> 1 | M33: =[12]Performance!K15 -> 1 | N33: =[12]Performance!L15 -> 1 | O33: =[12]Performance!M15 -> 1 | P33: =[12]Performance!N15 -> 1 | Q33: =[12]Performance!O15 -> 1 | R33: =[12]Performance!P15 -> 1
A34: ='[12]Student Data'!M16 -> 345543 | B34: =[12]Reporting!C15 -> Transition to Production | C34: =[11]Reporting!F15 -> Victor Fabro | D34: {=--(SUM(COUNTIF(B34,{"*nest*","*grad*","*trans*","*1B*","*1C*"}))>0)} -> 1 | E34: =[12]Performance!P16 -> 1 | F34: =[12]Performance!Q16 -> 1 | G34: =[12]Performance!R16 -> 1 | H34: =[12]Performance!S16 -> 0.82 | I34: =[12]Performance!T16 -> 1 | J34: =[12]Performance!H16 -> 1 | K34: =[12]Performance!I16 -> 1 | L34: =[12]Performance!J16 -> 1 | M34: =[12]Performance!K16 -> 1 | N34: =[12]Performance!L16 -> 1 | O34: =[12]Performance!M16 -> 1 | P34: =[12]Performance!N16 -> 1 | Q34: =[12]Performance!O16 -> 1 | R34: =[12]Performance!P16 -> 1
A35: ='[12]Student Data'!M17 -> 345549 | B35: =[12]Reporting!C16 -> Terminated-Nesting 1B | C35: =[11]Reporting!F16 -> Zenarth Solicito | D35: {=--(SUM(COUNTIF(B35,{"*nest*","*grad*","*trans*","*1B*","*1C*"}))>0)} -> 1 | E35: =[12]Performance!P17 -> 1 | F35: =[12]Performance!Q17 -> 1 | G35: =[12]Performance!R17 -> 1 | H35: =[12]Performance!S17 -> 0.86 | I35: =[12]Performance!T17 -> 1 | J35: =[12]Performance!H17 -> 1 | K35: =[12]Performance!I17 -> 0.88 | L35: =[12]Performance!J17 -> 1 | M35: =[12]Performance!K17 -> 1 | N35: =[12]Performance!L17 -> 1 | O35: =[12]Performance!M17 -> 1 | P35: =[12]Performance!N17 -> 1 | Q35: =[12]Performance!O17 -> 1 | R35: =[12]Performance!P17 -> 1
A36: 06.23.2025 | B36: Nancy Price | C36: Sneha Menda | D36: =SUM(D37:D80) -> 30 | E36: =COUNTIF(E37:E80, ">79%") -> 37 | F36: =COUNTIF(F37:F80, ">79%") -> 37 | G36: =COUNTIF(G37:G80, ">79%") -> 34 | H36: =COUNTIF(H37:H80, ">79%") -> 36 | I36: =COUNTIF(I37:I80, ">79%") -> 35 | J36: =COUNTIF(J37:J80, ">79%") -> 37 | K36: =COUNTIF(K37:K80, ">79%") -> 36 | L36: =COUNTIF(L37:L80, ">79%") -> 37 | ... R36: =COUNTIF(R37:R80, ">79%") -> 25 | T36: ='[13]Class Summary'!$B$6 -> 45848 | U36: Mel Cajucom | V36: Maynard Soriano
A37: ='[13]Student Data'!M5 -> 35555 | B37: =[13]Reporting!C4 -> Transition to Production with SMART plan | C37: =[13]Reporting!F4 -> Saleha Khatoon | D37: {=--(SUM(COUNTIF(B37,{"*nest*","*grad*","*trans*","*1B*","*1C*"}))>0)} -> 1 | E37: =[13]Performance!Q5 -> 1 | F37: =[13]Performance!R5 -> 1 | G37: =[13]Performance!S5 -> 0.86 | H37: =[13]Performance!T5 -> 0.8 | I37: =[13]Performance!U5 -> 0.8 | J37: =[13]Performance!H5 -> 1 | K37: =[13]Performance!I5 -> 0.88 | L37: =[13]Performance!J5 -> 0.8 | M37: =[13]Performance!K5 -> 1 | N37: =[13]Performance!L5 -> 1 | O37: =[13]Performance!M5 -> 1 | P37: =[13]Performance!N5 -> 1 | Q37: =[13]Performance!O5 -> 0.9 | R37: =[13]Performance!P19 -> 1
A38: ='[13]Student Data'!M6 -> 22692 | B38: =[13]Reporting!C5 -> Transition to Production with SMART plan | C38: =[13]Reporting!F5 -> Prema Oza | D38: {=--(SUM(COUNTIF(B38,{"*nest*","*grad*","*trans*","*1B*","*1C*"}))>0)} -> 1 | E38: =[13]Performance!Q6 -> 1 | F38: =[13]Performance!R6 -> 1 | G38: =[13]Performance!S6 -> 0.9 | H38: =[13]Performance!T6 -> 0.8 | I38: =[13]Performance!U6 -> 0.88 | J38: =[13]Performance!H6 -> 1 | K38: =[13]Performance!I6 -> 1 | L38: =[13]Performance!J6 -> 1 | M38: =[13]Performance!K6 -> 1 | N38: =[13]Performance!L6 -> 0.89 | O38: =[13]Performance!M6 -> 1 | P38: =[13]Performance!N6 -> 1 | Q38: =[13]Performance!O6 -> 82`% | R38: =[13]Performance!P20 -> 0.94
A39: ='[13]Student Data'!M7 -> 24120 | B39: =[13]Reporting!C6 -> Transition to Production | C39: =[13]Reporting!F6 -> Julian Nakasule | D39: {=--(SUM(COUNTIF(B39,{"*nest*","*grad*","*trans*","*1B*","*1C*"}))>0)} -> 1 | E39: =[13]Performance!Q7 -> 1 | F39: =[13]Performance!R7 -> 1 | G39: =[13]Performance!S7 -> 0.92 | H39: =[13]Performance!T7 -> 1 | I39: =[13]Performance!U7 -> 0.9 | J39: =[13]Performance!H7 -> 1 | K39: =[13]Performance!I7 -> 0.88 | L39: =[13]Performance!J7 -> 1 | M39: =[13]Performance!K7 -> 1 | N39: =[13]Performance!L7 -> 1 | O39: =[13]Performance!M7 -> 1 | P39: =[13]Performance!N7 -> 1 | Q39: =[13]Performance!O7 -> 0.91 | R39: =[13]Performance!P21 -> N/A
A40: ='[13]Student Data'!M8 -> 37901 | B40: =[13]Reporting!C7 -> Transition to Production | C40: =[13]Reporting!F7 -> Amal Ibrahim | D40: {=--(SUM(COUNTIF(B40,{"*nest*","*grad*","*trans*","*1B*","*1C*"}))>0)} -> 1 | E40: =[13]Performance!Q8 -> 1 | F40: =[13]Performance!R8 -> 1 | G40: =[13]Performance!S8 -> 0.98 | H40: =[13]Performance!T8 -> 0.8 | I40: =[13]Performance!U8 -> 1 | J40: =[13]Performance!H8 -> 1 | K40: =[13]Performance!I8 -> 0.88 | L40: =[13]Performance!J8 -> 1 | M40: =[13]Performance!K8 -> 1 | N40: =[13]Performance!L8 -> 0.89 | O40: =[13]Performance!M8 -> 1 | P40: =[13]Performance!N8 -> 1 | Q40: =[13]Performance!O8 -> 1 | R40: =[13]Performance!P22 -> 0.94
A41: ='[13]Student Data'!M9 -> 33351 | B41: =[13]Reporting!C8 -> Resigned-Nesting 1B | C41: =[13]Reporting!F8 -> Gale Good | D41: {=--(SUM(COUNTIF(B41,{"*nest*","*grad*","*trans*","*1B*","*1C*"}))>0)} -> 1 | E41: =[13]Performance!Q9 -> 1 | F41: =[13]Performance!R9 -> 1 | G41: =[13]Performance!S9 -> 0.8 | H41: =[13]Performance!T9 -> 0.8 | I41: =[13]Performance!U9 -> 0.83 | J41: =[13]Performance!H9 -> 1 | K41: =[13]Performance!I9 -> 0.88 | L41: =[13]Performance!J9 -> 1 | M41: =[13]Performance!K9 -> 1 | N41: =[13]Performance!L9 -> 0.89 | O41: =[13]Performance!M9 -> 1 | P41: =[13]Performance!N9 -> 1 | Q41: =[13]Performance!O9 -> 1 | R41: =[13]Performance!P23 -> 0.91
A42: ='[13]Student Data'!M10 -> 21375 | B42: =[13]Reporting!C9 -> Transition to Production | C42: =[13]Reporting!F9 -> Habib Moussaoui | D42: {=--(SUM(COUNTIF(B42,{"*nest*","*grad*","*trans*","*1B*","*1C*"}))>0)} -> 1 | E42: =[13]Performance!Q10 -> 1 | F42: =[13]Performance!R10 -> 1 | G42: =[13]Performance!S10 -> 0.86 | H42: =[13]Performance!T10 -> 1 | I42: =[13]Performance!U10 -> 0.88 | J42: =[13]Performance!H10 -> 1 | K42: =[13]Performance!I10 -> 0.88 | L42: =[13]Performance!J10 -> 0.8 | M42: =[13]Performance!K10 -> 1 | N42: =[13]Performance!L10 -> 1 | O42: =[13]Performance!M10 -> 1 | P42: =[13]Performance!N10 -> 1 | Q42: =[13]Performance!O10 -> 0.91 | R42: =[13]Performance!P24 -> 0.88
A43: ='[13]Student Data'!M11 -> 37786 | B43: =[13]Reporting!C10 -> LOA | C43: =[13]Reporting!F10 -> Ablan Nadège N'guessan | D43: {=--(SUM(COUNTIF(B43,{"*nest*","*grad*","*trans*","*1B*","*1C*"}))>0)} -> 0 | E43: =[13]Performance!Q11 -> 1 | F43: =[13]Performance!R11 -> 1 | G43: =[13]Performance!S11 -> 1 | H43: =[13]Performance!T11 -> 1 | I43: =[13]Performance!U11 -> 1 | J43: =[13]Performance!H11 -> 1 | K43: =[13]Performance!I11 -> 0.88 | L43: =[13]Performance!J11 -> 1 | M43: =[13]Performance!K11 -> 1 | N43: =[13]Performance!L11 -> 1 | O43: =[13]Performance!M11 -> 1 | P43: =[13]Performance!N11 -> 1 | Q43: =[13]Performance!O11 -> 0.87 | R43: =[13]Performance!P25 -> 1
A44: ='[13]Student Data'!M12 -> 21893 | B44: =[13]Reporting!C11 -> Missed too much time - pending HR | C44: =[13]Reporting!F11 -> Jean Bosco Beiz Niyibizi | D44: {=--(SUM(COUNTIF(B44,{"*nest*","*grad*","*trans*","*1B*","*1C*"}))>0)} -> 0 | E44: =[13]Performance!Q12 -> 1 | F44: =[13]Performance!R12 -> 1 | G44: =[13]Performance!S12 -> 0.86 | H44: =[13]Performance!T12 -> 0.8 | I44: =[13]Performance!U12 -> 0.99 | J44: =[13]Performance!H12 -> 1 | K44: =[13]Performance!I12 -> 1 | L44: =[13]Performance!J12 -> 1 | M44: =[13]Performance!K12 -> 1 | N44: =[13]Performance!L12 -> 1 | O44: =[13]Performance!M12 -> 1 | P44: =[13]Performance!N12 -> 1 | Q44: =[13]Performance!O12 -> 0.96 | R44: =[13]Performance!P26 -> 0.88
A45: ='[13]Student Data'!M13 -> 39755 | B45: =[13]Reporting!C12 -> Transition to Production | C45: =[13]Reporting!F12 -> Kevin Ndizeye | D45: {=--(SUM(COUNTIF(B45,{"*nest*","*grad*","*trans*","*1B*","*1C*"}))>0)} -> 1 | E45: =[13]Performance!Q13 -> 1 | F45: =[13]Performance!R13 -> 1 | G45: =[13]Performance!S13 -> 0.96 | H45: =[13]Performance!T13 -> 1 | I45: =[13]Performance!U13 -> 0.84 | J45: =[13]Performance!H13 -> 1 | K45: =[13]Performance!I13 -> 0.88 | L45: =[13]Performance!J13 -> 0.8 | M45: =[13]Performance!K13 -> 1 | N45: =[13]Performance!L13 -> 0.89 | O45: =[13]Performance!M13 -> 1 | P45: =[13]Performance!N13 -> 1 | Q45: =[13]Performance!O13 -> 0.91 | R45: =[13]Performance!P27 -> 0.88
A46: ='[13]Student Data'!M14 -> 32307 | B46: =[13]Reporting!C13 -> LOA | C46: =[13]Reporting!F13 -> Lakesha Smith | D46: {=--(SUM(COUNTIF(B46,{"*nest*","*grad*","*trans*","*1B*","*1C*"}))>0)} -> 0 | E46: =[13]Performance!Q14 -> 1 | F46: =[13]Performance!R14 -> 1 | G46: =[13]Performance!S14 -> N/A | H46: =[13]Performance!T14 -> 0.8 | I46: =[13]Performance!U14 -> N/A | J46: =[13]Performance!H14 -> 1 | K46: =[13]Performance!I14 -> 1 | L46: =[13]Performance!J14 -> 1 | M46: =[13]Performance!K14 -> 1 | N46: =[13]Performance!L14 -> 1 | O46: =[13]Performance!M14 -> 1 | P46: =[13]Performance!N14 -> 1 | Q46: =[13]Performance!O14 -> 0.91 | R46: =[13]Performance!P28 -> 0.94
A47: ='[13]Student Data'!M15 -> 39762 | B47: =[13]Reporting!C14 -> Transition to Production | C47: =[13]Reporting!F14 -> Mahi Sharma | D47: {=--(SUM(COUNTIF(B47,{"*nest*","*grad*","*trans*","*1B*","*1C*"}))>0)} -> 1 | E47: =[13]Performance!Q15 -> 1 | F47: =[13]Performance!R15 -> 1 | G47: =[13]Performance!S15 -> 0.94 | H47: =[13]Performance!T15 -> 0.8 | I47: =[13]Performance!U15 -> 0.86 | J47: =[13]Performance!H15 -> 1 | K47: =[13]Performance!I15 -> 0.88 | L47: =[13]Performance!J15 -> 1 | M47: =[13]Performance!K15 -> 1 | N47: =[13]Performance!L15 -> 1 | O47: =[13]Performance!M15 -> 1 | P47: =[13]Performance!N15 -> 1 | Q47: =[13]Performance!O15 -> 0.82 | R47: =[13]Performance!P29 -> 1
A48: ='[13]Student Data'!M16 -> 602515 | B48: =[13]Reporting!C15 -> Did not Start | C48: =[13]Reporting!F15 -> Mei (Laura) Yuan | D48: {=--(SUM(COUNTIF(B48,{"*nest*","*grad*","*trans*","*1B*","*1C*"}))>0)} -> 0 | E48: =[13]Performance!Q16 -> N/A | F48: =[13]Performance!R16 -> N/A | G48: =[13]Performance!S16 -> N/A | H48: =[13]Performance!T16 -> N/A | I48: =[13]Performance!U16 -> N/A | J48: =[13]Performance!H16 -> N/A | K48: =[13]Performance!I16 -> N/A | L48: =[13]Performance!J16 -> N/A | M48: =[13]Performance!K16 -> N/A | N48: =[13]Performance!L16 -> N/A | O48: =[13]Performance!M16 -> N/A | P48: =[13]Performance!N16 -> N/A | Q48: =[13]Performance!O16 -> N/A | R48: =[13]Performance!P30 -> 0.88
... A80: ='[13]Student Data'!M48 -> 40684 | B80: =[13]Reporting!C47 -> Did not Start | C80: =[13]Reporting!F47 -> Elodith Madjo Tsata | D80: {=--(SUM(COUNTIF(B80,{"*nest*","*grad*","*trans*","*1B*","*1C*"}))>0)} -> 0 | E80: =[13]Performance!Q48 -> N/A | F80: =[13]Performance!R48 -> N/A | G80: =[13]Performance!S48 -> N/A | H80: =[13]Performance!T48 -> N/A | I80: =[13]Performance!U48 -> N/A | J80: =[13]Performance!H48 -> N/A | K80: =[13]Performance!I48 -> N/A | L80: =[13]Performance!J48 -> N/A | M80: =[13]Performance!K48 -> N/A | N80: =[13]Performance!L48 -> N/A | O80: =[13]Performance!M48 -> N/A | P80: =[13]Performance!N48 -> N/A | Q80: =[13]Performance!O48 -> N/A | R80: =[13]Performance!P62 -> 0
A81: 06.30.2025 | B81: Vera Hibaya | C81: Catherine Cachero | D81: =SUM(D82:D110) -> 31 | E81: =COUNTIF(E82:E110, ">79%") -> 22 | F81: =COUNTIF(F82:F110, ">79%") -> 22 | G81: =COUNTIF(G82:G110, ">79%") -> 22 | H81: =COUNTIF(H82:H110, ">79%") -> 22 | I81: =COUNTIF(I82:I110, ">79%") -> 22 | J81: N/A | K81: =COUNTIF(K82:K110, ">79%") -> 22 | L81: =COUNTIF(L82:L110, ">79%") -> 22 | M81: N/A | N81: N/A | O81: N/A | P81: =COUNTIF(P82:P110, ">79%") -> 22 | Q81: N/A | R81: =COUNTIF(R82:R110, ">79%") -> 22 | T81: ='[13]Class Summary'!$B$6 -> 45848
A82: ='[14]Student Data'!M5 -> 345786 | B82: =[14]Performance!D5 -> Transition to Production | C82: =[14]Reporting!F4 -> Vee Alyssa Maquinto | D82: {=--(SUM(COUNTIF(B82,{"*nest*","*grad*","*trans*","*1B*","*1C*"}))>0)} -> 1 | E82: =[14]Performance!Q5 -> 1 | F82: =[14]Performance!R5 -> 1 | G82: =[14]Performance!S5 -> 0.81 | H82: =[14]Performance!T5 -> 1 | I82: =[14]Performance!U5 -> 0.93 | J82: =[14]Performance!H5 -> N/A | K82: =[14]Performance!I5 -> 1 | L82: =[14]Performance!J5 -> 1 | M82: =[14]Performance!K5 -> N/A | N82: =[14]Performance!L5 -> N/A | O82: =[14]Performance!M5 -> N/A | P82: =[14]Performance!N5 -> 1 | Q82: =[14]Performance!O5 -> N/A | R82: =[14]Performance!P5 -> 0.94
A83: ='[14]Student Data'!M6 -> 345779 | B83: =[14]Performance!D6 -> Transition to Production with SMART plan | C83: =[14]Reporting!F5 -> Jojie Andrea Almazan | D83: {=--(SUM(COUNTIF(B83,{"*nest*","*grad*","*trans*","*1B*","*1C*"}))>0)} -> 1 | E83: =[14]Performance!Q6 -> 1 | F83: =[14]Performance!R6 -> 1 | G83: =[14]Performance!S6 -> 0.8 | H83: =[14]Performance!T6 -> 1 | I83: =[14]Performance!U6 -> 1 | J83: =[14]Performance!H6 -> N/A | K83: =[14]Performance!I6 -> 1 | L83: =[14]Performance!J6 -> 1 | M83: =[14]Performance!K6 -> N/A | N83: =[14]Performance!L6 -> N/A | O83: =[14]Performance!M6 -> N/A | P83: =[14]Performance!N6 -> 1 | Q83: =[14]Performance!O6 -> N/A | R83: =[14]Performance!P6 -> 1
A84: ='[14]Student Data'!M7 -> 345777 | B84: =[14]Performance!D7 -> Transition to Production with SMART plan | C84: =[14]Reporting!F6 -> Icon John Matrix Aqui | D84: {=--(SUM(COUNTIF(B84,{"*nest*","*grad*","*trans*","*1B*","*1C*"}))>0)} -> 1 | E84: =[14]Performance!Q7 -> 1 | F84: =[14]Performance!R7 -> 1 | G84: =[14]Performance!S7 -> 0.93 | H84: =[14]Performance!T7 -> 1 | I84: =[14]Performance!U7 -> 0.8 | J84: =[14]Performance!H7 -> N/A | K84: =[14]Performance!I7 -> 1 | L84: =[14]Performance!J7 -> 0.8 | M84: =[14]Performance!K7 -> N/A | N84: =[14]Performance!L7 -> N/A | O84: =[14]Performance!M7 -> N/A | P84: =[14]Performance!N7 -> 1 | Q84: =[14]Performance!O7 -> N/A | R84: =[14]Performance!P7 -> 0.88
A85: ='[14]Student Data'!M8 -> 345787 | B85: =[14]Performance!D8 -> Transition to Production | C85: =[14]Reporting!F7 -> Kenneth Balote | D85: {=--(SUM(COUNTIF(B85,{"*nest*","*grad*","*trans*","*1B*","*1C*"}))>0)} -> 1 | E85: =[14]Performance!Q8 -> 1 | F85: =[14]Performance!R8 -> 1 | G85: =[14]Performance!S8 -> 0.94 | H85: =[14]Performance!T8 -> 1 | I85: =[14]Performance!U8 -> 0.94 | J85: =[14]Performance!H8 -> N/A | K85: =[14]Performance!I8 -> 0.88 | L85: =[14]Performance!J8 -> 0.8 | M85: =[14]Performance!K8 -> N/A | N85: =[14]Performance!L8 -> N/A | O85: =[14]Performance!M8 -> N/A | P85: =[14]Performance!N8 -> 1 | Q85: =[14]Performance!O8 -> N/A | R85: =[14]Performance!P8 -> 1
A86: ='[14]Student Data'!M9 -> 345778 | B86: =[14]Performance!D9 -> Terminated-Nesting 3 | C86: =[14]Reporting!F8 -> Jayson Caldoza | D86: {=--(SUM(COUNTIF(B86,{"*nest*","*grad*","*trans*","*1B*","*1C*"}))>0)} -> 1 | E86: =[14]Performance!Q9 -> 1 | F86: =[14]Performance!R9 -> 1 | G86: =[14]Performance!S9 -> 0.94 | H86: =[14]Performance!T9 -> 1 | I86: =[14]Performance!U9 -> 0.96 | J86: =[14]Performance!H9 -> N/A | K86: =[14]Performance!I9 -> 0.88 | L86: =[14]Performance!J9 -> 1 | M86: =[14]Performance!K9 -> N/A | N86: =[14]Performance!L9 -> N/A | O86: =[14]Performance!M9 -> N/A | P86: =[14]Performance!N9 -> 1 | Q86: =[14]Performance!O9 -> N/A | R86: =[14]Performance!P9 -> 0.98
A87: ='[14]Student Data'!M10 -> 0 | B87: =[14]Performance!D10 -> Did not Start | C87: =[14]Reporting!F9 -> Rose Ann Calimag | D87: {=--(SUM(COUNTIF(B87,{"*nest*","*grad*","*trans*","*1B*","*1C*"}))>0)} -> 0 | E87: =[14]Performance!Q10 -> DNS | F87: =[14]Performance!R10 -> DNS | G87: =[14]Performance!S10 -> DNS | H87: =[14]Performance!T10 -> DNS | I87: =[14]Performance!U10 -> DNS | J87: =[14]Performance!H10 -> DNS | K87: =[14]Performance!I10 -> DNS | L87: =[14]Performance!J10 -> DNS | M87: =[14]Performance!K10 -> DNS | N87: =[14]Performance!L10 -> DNS | O87: =[14]Performance!M10 -> DNS | P87: =[14]Performance!N10 -> DNS | Q87: =[14]Performance!O10 -> DNS | R87: =[14]Performance!P10 -> DNS
A88: ='[14]Student Data'!M11 -> 345775 | B88: =[14]Performance!D11 -> Transition to Production with SMART plan | C88: =[14]Reporting!F10 -> Katherine Ann Dacanay | D88: {=--(SUM(COUNTIF(B88,{"*nest*","*grad*","*trans*","*1B*","*1C*"}))>0)} -> 1 | E88: =[14]Performance!Q11 -> 1 | F88: =[14]Performance!R11 -> 1 | G88: =[14]Performance!S11 -> 0.94 | H88: =[14]Performance!T11 -> 0.8 | I88: =[14]Performance!U11 -> 0.8 | J88: =[14]Performance!H11 -> N/A | K88: =[14]Performance!I11 -> 1 | L88: =[14]Performance!J11 -> 1 | M88: =[14]Performance!K11 -> N/A | N88: =[14]Performance!L11 -> N/A | O88: =[14]Performance!M11 -> N/A | P88: =[14]Performance!N11 -> 1 | Q88: =[14]Performance!O11 -> N/A | R88: =[14]Performance!P11 -> 0.82
A89: ='[14]Student Data'!M12 -> 345771 | B89: =[14]Performance!D12 -> Terminated-Nesting 3 | C89: =[14]Reporting!F11 -> Fernan Kenjohn Dizon | D89: {=--(SUM(COUNTIF(B89,{"*nest*","*grad*","*trans*","*1B*","*1C*"}))>0)} -> 1 | E89: =[14]Performance!Q12 -> 1 | F89: =[14]Performance!R12 -> 1 | G89: =[14]Performance!S12 -> 0.86 | H89: =[14]Performance!T12 -> 1 | I89: =[14]Performance!U12 -> 0.83 | J89: =[14]Performance!H12 -> N/A | K89: =[14]Performance!I12 -> 1 | L89: =[14]Performance!J12 -> 0.8 | M89: =[14]Performance!K12 -> N/A | N89: =[14]Performance!L12 -> N/A | O89: =[14]Performance!M12 -> N/A | P89: =[14]Performance!N12 -> 1 | Q89: =[14]Performance!O12 -> N/A | R89: =[14]Performance!P12 -> 1
A90: ='[14]Student Data'!M13 -> 345773 | B90: =[14]Performance!D13 -> Transition to Production with SMART plan | C90: =[14]Reporting!F12 -> Chelubai Shimea (Cielo) Gabriel | D90: {=--(SUM(COUNTIF(B90,{"*nest*","*grad*","*trans*","*1B*","*1C*"}))>0)} -> 1 | E90: =[14]Performance!Q13 -> 1 | F90: =[14]Performance!R13 -> 1 | G90: =[14]Performance!S13 -> 0.88 | H90: =[14]Performance!T13 -> 0.8 | I90: =[14]Performance!U13 -> 0.98 | J90: =[14]Performance!H13 -> N/A | K90: =[14]Performance!I13 -> 0.88 | L90: =[14]Performance!J13 -> 1 | M90: =[14]Performance!K13 -> N/A | N90: =[14]Performance!L13 -> N/A | O90: =[14]Performance!M13 -> N/A | P90: =[14]Performance!N13 -> 1 | Q90: =[14]Performance!O13 -> N/A | R90: =[14]Performance!P13 -> 0.94
A91: ='[14]Student Data'!M14 -> 345782 | B91: =[14]Performance!D14 -> Resigned-Nesting 3 | C91: =[14]Reporting!F13 -> Jone Lovendino | D91: {=--(SUM(COUNTIF(B91,{"*nest*","*grad*","*trans*","*1B*","*1C*"}))>0)} -> 1 | E91: =[14]Performance!Q14 -> 1 | F91: =[14]Performance!R14 -> 1 | G91: =[14]Performance!S14 -> 0.86 | H91: =[14]Performance!T14 -> 0.8 | I91: =[14]Performance!U14 -> 0.85 | J91: =[14]Performance!H14 -> N/A | K91: =[14]Performance!I14 -> 1 | L91: =[14]Performance!J14 -> 1 | M91: =[14]Performance!K14 -> N/A | N91: =[14]Performance!L14 -> N/A | O91: =[14]Performance!M14 -> N/A | P91: =[14]Performance!N14 -> 1 | Q91: =[14]Performance!O14 -> N/A | R91: =[14]Performance!P14 -> 0.84
A92: ='[14]Student Data'!M15 -> 345780 | B92: =[14]Performance!D15 -> Terminated-Nesting 3 | C92: =[14]Reporting!F14 -> Pamela Rabino | D92: {=--(SUM(COUNTIF(B92,{"*nest*","*grad*","*trans*","*1B*","*1C*"}))>0)} -> 1 | E92: =[14]Performance!Q15 -> 1 | F92: =[14]Performance!R15 -> 1 | G92: =[14]Performance!S15 -> 0.86 | H92: =[14]Performance!T15 -> 1 | I92: =[14]Performance!U15 -> 0.93 | J92: =[14]Performance!H15 -> N/A | K92: =[14]Performance!I15 -> 0.88 | L92: =[14]Performance!J15 -> 0.8 | M92: =[14]Performance!K15 -> N/A | N92: =[14]Performance!L15 -> N/A | O92: =[14]Performance!M15 -> N/A | P92: =[14]Performance!N15 -> 1 | Q92: =[14]Performance!O15 -> N/A | R92: =[14]Performance!P15 -> 1
A93: ='[14]Student Data'!M16 -> 345776 | B93: =[14]Performance!D16 -> Resigned-Nesting 3 | C93: =[14]Reporting!F15 -> Nathanael Roda | D93: {=--(SUM(COUNTIF(B93,{"*nest*","*grad*","*trans*","*1B*","*1C*"}))>0)} -> 1 | E93: =[14]Performance!Q16 -> 1 | F93: =[14]Performance!R16 -> 1 | G93: =[14]Performance!S16 -> 1 | H93: =[14]Performance!T16 -> 1 | I93: =[14]Performance!U16 -> 0.98 | J93: =[14]Performance!H16 -> N/A | K93: =[14]Performance!I16 -> 0.88 | L93: =[14]Performance!J16 -> 0.8 | M93: =[14]Performance!K16 -> N/A | N93: =[14]Performance!L16 -> N/A | O93: =[14]Performance!M16 -> N/A | P93: =[14]Performance!N16 -> 1 | Q93: =[14]Performance!O16 -> N/A | R93: =[14]Performance!P16 -> 0.88
... A97: ='[14]Student Data'!M20 -> 345769 | B97: =[14]Performance!D20 -> Resigned-Nesting 1B | C97: =[14]Reporting!F19 -> Ariel Villarmente | D97: {=--(SUM(COUNTIF(B97,{"*nest*","*grad*","*trans*","*1B*","*1C*"}))>0)} -> 1 | E97: =[14]Performance!Q20 -> 1 | F97: =[14]Performance!R20 -> 1 | G97: =[14]Performance!S20 -> 0.88 | H97: =[14]Performance!T20 -> 1 | I97: =[14]Performance!U20 -> 1 | J97: =[14]Performance!H20 -> N/A | K97: =[14]Performance!I20 -> 0.88 | L97: =[14]Performance!J20 -> 1 | M97: =[14]Performance!K20 -> N/A | N97: =[14]Performance!L20 -> N/A | O97: =[14]Performance!M20 -> N/A | P97: =[14]Performance!N20 -> 1 | Q97: =[14]Performance!O20 -> N/A | R97: =[14]Performance!P20 -> 0.94
A98: 07.07.2025 | B98: Jean Luzada | C98: Vhea De Fiesta | D98: =SUM(D99:D115) -> 10 | E98: =COUNTIF(E99:E115, ">79%") -> 10 | F98: =COUNTIF(F99:F115, ">79%") -> 10 | G98: =COUNTIF(G99:G115, ">79%") -> 10 | H98: =COUNTIF(H99:H115, ">79%") -> 10 | I98: =COUNTIF(I99:I115, ">79%") -> 9 | J98: N/A | K98: =COUNTIF(K99:K115, ">79%") -> 10 | L98: =COUNTIF(L99:L115, ">79%") -> 10 | M98: N/A | N98: N/A | O98: N/A | P98: =COUNTIF(P99:P115, ">79%") -> 10 | Q98: N/A | R98: =COUNTIF(R99:R115, ">79%") -> 10
A99: ='[15]Student Data'!M5 -> 0 | B99: =[15]Reporting!C4 -> Did not Start | C99: =[15]Reporting!F4 -> Jasmine Sharon Adanza | D99: {=--(SUM(COUNTIF(B99,{"*nest*","*grad*","*trans*","*1B*","*1C*"}))>0)} -> 0 | E99: =[15]Performance!Q5 -> N/A | F99: =[15]Performance!R5 -> N/A | G99: =[15]Performance!S5 -> N/A | H99: =[15]Performance!T5 -> N/A | I99: =[15]Performance!U5 -> N/A | J99: =[15]Performance!H5 -> N/A | K99: =[15]Performance!I5 -> N/A | L99: =[15]Performance!J5 -> N/A | M99: =[15]Performance!K5 -> N/A | N99: =[15]Performance!L5 -> N/A | O99: =[15]Performance!M5 -> N/A | P99: =[15]Performance!N5 -> N/A | Q99: =[15]Performance!O5 -> N/A | R99: =[15]Performance!P5 -> N/A
A100: ='[15]Student Data'!M6 -> 346038 | B100: =[15]Reporting!C5 -> Tier 1B | C100: =[15]Reporting!F5 -> Jullia Alegre | D100: {=--(SUM(COUNTIF(B100,{"*nest*","*grad*","*trans*","*1B*","*1C*"}))>0)} -> 1 | E100: =[15]Performance!Q6 -> 1 | F100: =[15]Performance!R6 -> 1 | G100: =[15]Performance!S6 -> 0.92 | H100: =[15]Performance!T6 -> 0.8 | I100: =[15]Performance!U6 -> 0.98 | J100: =[15]Performance!H6 -> Manila Data | K100: =[15]Performance!I6 -> 0.88 | L100: =[15]Performance!J6 -> 1 | M100: =[15]Performance!K6 -> Manila Data | N100: =[15]Performance!L6 -> Manila Data | O100: =[15]Performance!M6 -> Manila Data | P100: =[15]Performance!N6 -> 1 | Q100: =[15]Performance!O6 -> Manila Data | R100: =[15]Performance!P6 -> 1
A101: ='[15]Student Data'!M7 -> 0 | B101: =[15]Reporting!C6 -> Did not Start | C101: =[15]Reporting!F6 -> Roman Nicko Buday | D101: {=--(SUM(COUNTIF(B101,{"*nest*","*grad*","*trans*","*1B*","*1C*"}))>0)} -> 0 | E101: =[15]Performance!Q7 -> N/A | F101: =[15]Performance!R7 -> N/A | G101: =[15]Performance!S7 -> N/A | H101: =[15]Performance!T7 -> N/A | I101: =[15]Performance!U7 -> N/A | J101: =[15]Performance!H7 -> N/A | K101: =[15]Performance!I7 -> N/A | L101: =[15]Performance!J7 -> N/A | M101: =[15]Performance!K7 -> N/A | N101: =[15]Performance!L7 -> N/A | O101: =[15]Performance!M7 -> N/A | P101: =[15]Performance!N7 -> N/A | Q101: =[15]Performance!O7 -> N/A | R101: =[15]Performance!P7 -> N/A
A102: ='[15]Student Data'!M8 -> 346072 | B102: =[15]Reporting!C7 -> Tier 1B | C102: =[15]Reporting!F7 -> Christian Sen Canales | D102: {=--(SUM(COUNTIF(B102,{"*nest*","*grad*","*trans*","*1B*","*1C*"}))>0)} -> 1 | E102: =[15]Performance!Q8 -> 1 | F102: =[15]Performance!R8 -> 1 | G102: =[15]Performance!S8 -> 0.84 | H102: =[15]Performance!T8 -> 0.8 | I102: =[15]Performance!U8 -> 1 | J102: =[15]Performance!H8 -> Manila Data | K102: =[15]Performance!I8 -> 1 | L102: =[15]Performance!J8 -> 1 | M102: =[15]Performance!K8 -> Manila Data | N102: =[15]Performance!L8 -> Manila Data | O102: =[15]Performance!M8 -> Manila Data | P102: =[15]Performance!N8 -> 1 | Q102: =[15]Performance!O8 -> Manila Data | R102: =[15]Performance!P8 -> 1
A103: ='[15]Student Data'!M9 -> 0 | B103: =[15]Reporting!C8 -> Did not Start | C103: =[15]Reporting!F8 -> Catherine Del Rosario | D103: {=--(SUM(COUNTIF(B103,{"*nest*","*grad*","*trans*","*1B*","*1C*"}))>0)} -> 0 | E103: =[15]Performance!Q9 -> N/A | F103: =[15]Performance!R9 -> N/A | G103: =[15]Performance!S9 -> N/A | H103: =[15]Performance!T9 -> N/A | I103: =[15]Performance!U9 -> N/A | J103: =[15]Performance!H9 -> N/A | K103: =[15]Performance!I9 -> N/A | L103: =[15]Performance!J9 -> N/A | M103: =[15]Performance!K9 -> N/A | N103: =[15]Performance!L9 -> N/A | O103: =[15]Performance!M9 -> N/A | P103: =[15]Performance!N9 -> N/A | Q103: =[15]Performance!O9 -> N/A | R103: =[15]Performance!P9 -> N/A
A104: ='[15]Student Data'!M10 -> 0 | B104: =[15]Reporting!C9 -> Did not Start | C104: =[15]Reporting!F9 -> May Labante | D104: {=--(SUM(COUNTIF(B104,{"*nest*","*grad*","*trans*","*1B*","*1C*"}))>0)} -> 0 | E104: =[15]Performance!Q10 -> N/A | F104: =[15]Performance!R10 -> N/A | G104: =[15]Performance!S10 -> N/A | H104: =[15]Performance!T10 -> N/A | I104: =[15]Performance!U10 -> N/A | J104: =[15]Performance!H10 -> N/A | K104: =[15]Performance!I10 -> N/A | L104: =[15]Performance!J10 -> N/A | M104: =[15]Performance!K10 -> N/A | N104: =[15]Performance!L10 -> N/A | O104: =[15]Performance!M10 -> N/A | P104: =[15]Performance!N10 -> N/A | Q104: =[15]Performance!O10 -> N/A | R104: =[15]Performance!P10 -> N/A
A105: ='[15]Student Data'!M11 -> 346123 | B105: =[15]Reporting!C10 -> Tier 1B | C105: =[15]Reporting!F10 -> Eric Mallanao Jr. | D105: {=--(SUM(COUNTIF(B105,{"*nest*","*grad*","*trans*","*1B*","*1C*"}))>0)} -> 1 | E105: =[15]Performance!Q11 -> 1 | F105: =[15]Performance!R11 -> 1 | G105: =[15]Performance!S11 -> 0.82 | H105: =[15]Performance!T11 -> 0.8 | I105: =[15]Performance!U11 -> 0.85 | J105: =[15]Performance!H11 -> Manila Data | K105: =[15]Performance!I11 -> 1 | L105: =[15]Performance!J11 -> 1 | M105: =[15]Performance!K11 -> Manila Data | N105: =[15]Performance!L11 -> Manila Data | O105: =[15]Performance!M11 -> Manila Data | P105: =[15]Performance!N11 -> 1 | Q105: =[15]Performance!O11 -> Manila Data | R105: =[15]Performance!P11 -> 1
A106: ='[15]Student Data'!M12 -> 346064 | B106: =[15]Reporting!C11 -> Tier 1B | C106: =[15]Reporting!F11 -> Rein Juvette Miclat | D106: {=--(SUM(COUNTIF(B106,{"*nest*","*grad*","*trans*","*1B*","*1C*"}))>0)} -> 1 | E106: =[15]Performance!Q12 -> 1 | F106: =[15]Performance!R12 -> 1 | G106: =[15]Performance!S12 -> 0.88 | H106: =[15]Performance!T12 -> 1 | I106: =[15]Performance!U12 -> 0.8 | J106: =[15]Performance!H12 -> Manila Data | K106: =[15]Performance!I12 -> 1 | L106: =[15]Performance!J12 -> 1 | M106: =[15]Performance!K12 -> Manila Data | N106: =[15]Performance!L12 -> Manila Data | O106: =[15]Performance!M12 -> Manila Data | P106: =[15]Performance!N12 -> 1 | Q106: =[15]Performance!O12 -> Manila Data | R106: =[15]Performance!P12 -> 1
A107: ='[15]Student Data'!M13 -> 0 | B107: =[15]Reporting!C12 -> Did not Start | C107: =[15]Reporting!F12 -> Alessandra Nola | D107: {=--(SUM(COUNTIF(B107,{"*nest*","*grad*","*trans*","*1B*","*1C*"}))>0)} -> 0 | E107: =[15]Performance!Q13 -> N/A | F107: =[15]Performance!R13 -> N/A | G107: =[15]Performance!S13 -> N/A | H107: =[15]Performance!T13 -> N/A | I107: =[15]Performance!U13 -> N/A | J107: =[15]Performance!H13 -> N/A | K107: =[15]Performance!I13 -> N/A | L107: =[15]Performance!J13 -> N/A | M107: =[15]Performance!K13 -> N/A | N107: =[15]Performance!L13 -> N/A | O107: =[15]Performance!M13 -> N/A | P107: =[15]Performance!N13 -> N/A | Q107: =[15]Performance!O13 -> N/A | R107: =[15]Performance!P13 -> N/A
A108: ='[15]Student Data'!M14 -> 346067 | B108: =[15]Reporting!C13 -> Tier 1B | C108: =[15]Reporting!F13 -> Sophia Parane | D108: {=--(SUM(COUNTIF(B108,{"*nest*","*grad*","*trans*","*1B*","*1C*"}))>0)} -> 1 | E108: =[15]Performance!Q14 -> 1 | F108: =[15]Performance!R14 -> 1 | G108: =[15]Performance!S14 -> 0.94 | H108: =[15]Performance!T14 -> 1 | I108: =[15]Performance!U14 -> 1 | J108: =[15]Performance!H14 -> Manila Data | K108: =[15]Performance!I14 -> 0.88 | L108: =[15]Performance!J14 -> 1 | M108: =[15]Performance!K14 -> Manila Data | N108: =[15]Performance!L14 -> Manila Data | O108: =[15]Performance!M14 -> Manila Data | P108: =[15]Performance!N14 -> 1 | Q108: =[15]Performance!O14 -> Manila Data | R108: =[15]Performance!P14 -> 0.94
A109: ='[15]Student Data'!M15 -> 0 | B109: =[15]Reporting!C14 -> Did not Start | C109: =[15]Reporting!F14 -> Jo-Anne May Ramos | D109: {=--(SUM(COUNTIF(B109,{"*nest*","*grad*","*trans*","*1B*","*1C*"}))>0)} -> 0 | E109: =[15]Performance!Q15 -> N/A | F109: =[15]Performance!R15 -> N/A | G109: =[15]Performance!S15 -> N/A | H109: =[15]Performance!T15 -> N/A | I109: =[15]Performance!U15 -> N/A | J109: =[15]Performance!H15 -> N/A | K109: =[15]Performance!I15 -> N/A | L109: =[15]Performance!J15 -> N/A | M109: =[15]Performance!K15 -> N/A | N109: =[15]Performance!L15 -> N/A | O109: =[15]Performance!M15 -> N/A | P109: =[15]Performance!N15 -> N/A | Q109: =[15]Performance!O15 -> N/A | R109: =[15]Performance!P15 -> N/A
A110: ='[15]Student Data'!M16 -> 346040 | B110: =[15]Reporting!C15 -> Tier 1B | C110: =[15]Reporting!F15 -> April John Rioja | D110: {=--(SUM(COUNTIF(B110,{"*nest*","*grad*","*trans*","*1B*","*1C*"}))>0)} -> 1 | E110: =[15]Performance!Q16 -> 1 | F110: =[15]Performance!R16 -> 1 | G110: =[15]Performance!S16 -> 0.81 | H110: =[15]Performance!T16 -> 0.8 | I110: =[15]Performance!U16 -> 0.93 | J110: =[15]Performance!H16 -> Manila Data | K110: =[15]Performance!I16 -> 1 | L110: =[15]Performance!J16 -> 1 | M110: =[15]Performance!K16 -> Manila Data | N110: =[15]Performance!L16 -> Manila Data | O110: =[15]Performance!M16 -> Manila Data | P110: =[15]Performance!N16 -> 1 | Q110: =[15]Performance!O16 -> Manila Data | R110: =[15]Performance!P16 -> 1
... A115: ='[15]Student Data'!M21 -> 402514 | B115: =[15]Reporting!C20 -> Tier 1B | C115: =[15]Reporting!F20 -> Juan Miguel Cruz | D115: {=--(SUM(COUNTIF(B115,{"*nest*","*grad*","*trans*","*1B*","*1C*"}))>0)} -> 1 | E115: =[15]Performance!Q21 -> 1 | F115: =[15]Performance!R21 -> 1 | G115: =[15]Performance!S21 -> 1 | H115: =[15]Performance!T21 -> 1 | I115: =[15]Performance!U21 -> 1 | J115: =[15]Performance!H21 -> 1 | K115: =[15]Performance!I21 -> 0.88 | L115: =[15]Performance!J21 -> 1 | M115: =[15]Performance!K21 -> 1 | N115: =[15]Performance!L21 -> 1 | O115: =[15]Performance!M21 -> 1 | P115: =[15]Performance!N21 -> 1 | Q115: =[15]Performance!O21 -> 0.82 | R115: =[15]Performance!P21 -> 0.82
A116: 07.22.2025 | B116: Irish Ferreras | C116: Kate Postres | D116: =SUM(D117:D134) -> 14 | E116: =COUNTIF(E117:E134, ">79%") -> 14 | F116: =COUNTIF(F117:F134, ">79%") -> 14 | G116: =COUNTIF(G117:G134, ">79%") -> 14 | H116: =COUNTIF(H117:H134, ">79%") -> 14 | I116: =COUNTIF(I117:I135, ">79%") -> 15 | J116: N/A | K116: =COUNTIF(K117:K134, ">79%") -> 14 | L116: =COUNTIF(L117:L134, ">79%") -> 14 | M116: N/A | N116: N/A | O116: N/A | P116: =COUNTIF(P117:P134, ">79%") -> 14 | Q116: N/A | R116: =COUNTIF(R117:R134, ">79%") -> 14 | T116: ='[13]Class Summary'!$B$6 -> 45848
A117: ='[16]Student Data'!M5 -> 346575 | B117: =[16]Reporting!C4 -> Resigned-Nesting 1B | C117: =[16]Reporting!F4 -> Al-Nahar Bocua | D117: {=--(SUM(COUNTIF(B117,{"*nest*","*grad*","*trans*","*1B*","*1C*"}))>0)} -> 1 | E117: =[16]Performance!Q5 -> 1 | F117: =[16]Performance!R5 -> 1 | G117: =[16]Performance!S5 -> 0.88 | H117: =[16]Performance!T5 -> 1 | I117: =[16]Performance!U5 -> 0.82 | J117: =[16]Performance!H5 -> NTT | K117: =[16]Performance!I5 -> 0.88 | L117: =[16]Performance!J5 -> 1 | M117: =[16]Performance!K5 -> NTT | N117: =[16]Performance!L5 -> NTT | O117: =[16]Performance!M5 -> N/A | P117: =[16]Performance!N5 -> 1 | Q117: =[16]Performance!O5 -> NTT | R117: =[16]Performance!P5 -> 1
A118: ='[16]Student Data'!M6 -> 346594 | B118: =[16]Reporting!C5 -> Terminated-Nesting 3 | C118: =[16]Reporting!F5 -> Adrian Pete Buenaflor | D118: {=--(SUM(COUNTIF(B118,{"*nest*","*grad*","*trans*","*1B*","*1C*"}))>0)} -> 1 | E118: =[16]Performance!Q6 -> 1 | F118: =[16]Performance!R6 -> 1 | G118: =[16]Performance!S6 -> 0.9 | H118: =[16]Performance!T6 -> 1 | I118: =[16]Performance!U6 -> 1 | J118: =[16]Performance!H6 -> NTT | K118: =[16]Performance!I6 -> 0.88 | L118: =[16]Performance!J6 -> 1 | M118: =[16]Performance!K6 -> NTT | N118: =[16]Performance!L6 -> NTT | O118: =[16]Performance!M6 -> N/A | P118: =[16]Performance!N6 -> 1 | Q118: =[16]Performance!O6 -> NTT | R118: =[16]Performance!P6 -> 0.8
A119: ='[16]Student Data'!M7 -> 346576 | B119: =[16]Reporting!C6 -> Transition to Production with SMART plan | C119: =[16]Reporting!F6 -> Michelle Chongco | D119: {=--(SUM(COUNTIF(B119,{"*nest*","*grad*","*trans*","*1B*","*1C*"}))>0)} -> 1 | E119: =[16]Performance!Q7 -> 1 | F119: =[16]Performance!R7 -> 1 | G119: =[16]Performance!S7 -> 0.86 | H119: =[16]Performance!T7 -> 0.8 | I119: =[16]Performance!U7 -> 1 | J119: =[16]Performance!H7 -> NTT | K119: =[16]Performance!I7 -> 0.88 | L119: =[16]Performance!J7 -> 1 | M119: =[16]Performance!K7 -> NTT | N119: =[16]Performance!L7 -> NTT | O119: =[16]Performance!M7 -> N/A | P119: =[16]Performance!N7 -> 1 | Q119: =[16]Performance!O7 -> NTT | R119: =[16]Performance!P7 -> 1
A120: ='[16]Student Data'!M8 -> 346570 | B120: =[16]Reporting!C7 -> Transition to Production | C120: =[16]Reporting!F7 -> Fiannah Marie Claro | D120: {=--(SUM(COUNTIF(B120,{"*nest*","*grad*","*trans*","*1B*","*1C*"}))>0)} -> 1 | E120: =[16]Performance!Q8 -> 1 | F120: =[16]Performance!R8 -> 1 | G120: =[16]Performance!S8 -> 1 | H120: =[16]Performance!T8 -> 1 | I120: =[16]Performance!U8 -> 0.9 | J120: =[16]Performance!H8 -> NTT | K120: =[16]Performance!I8 -> 1 | L120: =[16]Performance!J8 -> 1 | M120: =[16]Performance!K8 -> NTT | N120: =[16]Performance!L8 -> NTT | O120: =[16]Performance!M8 -> N/A | P120: =[16]Performance!N8 -> 1 | Q120: =[16]Performance!O8 -> NTT | R120: =[16]Performance!P8 -> 1
A121: ='[16]Student Data'!M9 -> 341518 | B121: =[16]Reporting!C8 -> Terminated Tier 1B | C121: =[16]Reporting!F8 -> Tuesday Brea Cruz | D121: {=--(SUM(COUNTIF(B121,{"*nest*","*grad*","*trans*","*1B*","*1C*"}))>0)} -> 1 | E121: =[16]Performance!Q9 -> 1 | F121: =[16]Performance!R9 -> 1 | G121: =[16]Performance!S9 -> 1 | H121: =[16]Performance!T9 -> 0.8 | I121: =[16]Performance!U9 -> 0.9 | J121: =[16]Performance!H9 -> NTT | K121: =[16]Performance!I9 -> 1 | L121: =[16]Performance!J9 -> 1 | M121: =[16]Performance!K9 -> NTT | N121: =[16]Performance!L9 -> NTT | O121: =[16]Performance!M9 -> N/A | P121: =[16]Performance!N9 -> 1 | Q121: =[16]Performance!O9 -> NTT | R121: =[16]Performance!P9 -> 0.92
A122: ='[16]Student Data'!M10 -> 346587 | B122: =[16]Reporting!C9 -> Terminated-Nesting 3 | C122: =[16]Reporting!F9 -> Jacquelene Dingcong | D122: {=--(SUM(COUNTIF(B122,{"*nest*","*grad*","*trans*","*1B*","*1C*"}))>0)} -> 1 | E122: =[16]Performance!Q10 -> 1 | F122: =[16]Performance!R10 -> 1 | G122: =[16]Performance!S10 -> 0.94 | H122: =[16]Performance!T10 -> 1 | I122: =[16]Performance!U10 -> 1 | J122: =[16]Performance!H10 -> NTT | K122: =[16]Performance!I10 -> 0.88 | L122: =[16]Performance!J10 -> 1 | M122: =[16]Performance!K10 -> NTT | N122: =[16]Performance!L10 -> NTT | O122: =[16]Performance!M10 -> N/A | P122: =[16]Performance!N10 -> 1 | Q122: =[16]Performance!O10 -> NTT | R122: =[16]Performance!P10 -> 0.94
A123: ='[16]Student Data'!M11 -> 346583 | B123: =[16]Reporting!C10 -> Terminated-Nesting 3 | C123: =[16]Reporting!F10 -> Moira Esparrago | D123: {=--(SUM(COUNTIF(B123,{"*nest*","*grad*","*trans*","*1B*","*1C*"}))>0)} -> 1 | E123: =[16]Performance!Q11 -> 1 | F123: =[16]Performance!R11 -> 1 | G123: =[16]Performance!S11 -> 0.88 | H123: =[16]Performance!T11 -> 1 | I123: =[16]Performance!U11 -> 0.93 | J123: =[16]Performance!H11 -> NTT | K123: =[16]Performance!I11 -> 1 | L123: =[16]Performance!J11 -> 1 | M123: =[16]Performance!K11 -> NTT | N123: =[16]Performance!L11 -> NTT | O123: =[16]Performance!M11 -> N/A | P123: =[16]Performance!N11 -> 10 | Q123: =[16]Performance!O11 -> NTT | R123: =[16]Performance!P11 -> 1
A124: ='[16]Student Data'!M12 -> 346577 | B124: =[16]Reporting!C11 -> Transition to Production with SMART plan | C124: =[16]Reporting!F11 -> John Mike Genovia | D124: {=--(SUM(COUNTIF(B124,{"*nest*","*grad*","*trans*","*1B*","*1C*"}))>0)} -> 1 | E124: =[16]Performance!Q12 -> 1 | F124: =[16]Performance!R12 -> 1 | G124: =[16]Performance!S12 -> 0.88 | H124: =[16]Performance!T12 -> 0.8 | I124: =[16]Performance!U12 -> 0.9 | J124: =[16]Performance!H12 -> NTT | K124: =[16]Performance!I12 -> 0.88 | L124: =[16]Performance!J12 -> 0.8 | M124: =[16]Performance!K12 -> NTT | N124: =[16]Performance!L12 -> NTT | O124: =[16]Performance!M12 -> N/A | P124: =[16]Performance!N12 -> 1 | Q124: =[16]Performance!O12 -> NTT | R124: =[16]Performance!P12 -> 0.94
A125: ='[16]Student Data'!M13 -> 346568 | B125: =[16]Reporting!C12 -> Terminated-Nesting 3 | C125: =[16]Reporting!F12 -> Joviert Jaducana | D125: {=--(SUM(COUNTIF(B125,{"*nest*","*grad*","*trans*","*1B*","*1C*"}))>0)} -> 1 | E125: =[16]Performance!Q13 -> 1 | F125: =[16]Performance!R13 -> 1 | G125: =[16]Performance!S13 -> 1 | H125: =[16]Performance!T13 -> 1 | I125: =[16]Performance!U13 -> 1 | J125: =[16]Performance!H13 -> NTT | K125: =[16]Performance!I13 -> 1 | L125: =[16]Performance!J13 -> 1 | M125: =[16]Performance!K13 -> NTT | N125: =[16]Performance!L13 -> NTT | O125: =[16]Performance!M13 -> N/A | P125: =[16]Performance!N13 -> 1 | Q125: =[16]Performance!O13 -> NTT | R125: =[16]Performance!P13 -> 1
A126: ='[16]Student Data'!M14 -> 346567 | B126: =[16]Reporting!C13 -> Transition to Production with SMART plan | C126: =[16]Reporting!F13 -> May Labante | D126: {=--(SUM(COUNTIF(B126,{"*nest*","*grad*","*trans*","*1B*","*1C*"}))>0)} -> 1 | E126: =[16]Performance!Q14 -> 1 | F126: =[16]Performance!R14 -> 1 | G126: =[16]Performance!S14 -> 0.94 | H126: =[16]Performance!T14 -> 1 | I126: =[16]Performance!U14 -> 0.95 | J126: =[16]Performance!H14 -> NTT | K126: =[16]Performance!I14 -> 1 | L126: =[16]Performance!J14 -> 1 | M126: =[16]Performance!K14 -> NTT | N126: =[16]Performance!L14 -> NTT | O126: =[16]Performance!M14 -> N/A | P126: =[16]Performance!N14 -> 1 | Q126: =[16]Performance!O14 -> NTT | R126: =[16]Performance!P14 -> 0.82
A127: ='[16]Student Data'!M15 -> 346573 | B127: =[16]Reporting!C14 -> Resigned Tier 1B | C127: =[16]Reporting!F14 -> Joana Malabanan | D127: {=--(SUM(COUNTIF(B127,{"*nest*","*grad*","*trans*","*1B*","*1C*"}))>0)} -> 1 | E127: =[16]Performance!Q15 -> 1 | F127: =[16]Performance!R15 -> 1 | G127: =[16]Performance!S15 -> 0.88 | H127: =[16]Performance!T15 -> 1 | I127: =[16]Performance!U15 -> 0.9 | J127: =[16]Performance!H15 -> NTT | K127: =[16]Performance!I15 -> 0.88 | L127: =[16]Performance!J15 -> 1 | M127: =[16]Performance!K15 -> NTT | N127: =[16]Performance!L15 -> NTT | O127: =[16]Performance!M15 -> N/A | P127: =[16]Performance!N15 -> 1 | Q127: =[16]Performance!O15 -> NTT | R127: =[16]Performance!P15 -> 0.82
A128: ='[16]Student Data'!M16 -> 346595 | B128: =[16]Reporting!C15 -> Resigned Tier 1B | C128: =[16]Reporting!F15 -> Dana Isabelle Obero | D128: {=--(SUM(COUNTIF(B128,{"*nest*","*grad*","*trans*","*1B*","*1C*"}))>0)} -> 1 | E128: =[16]Performance!Q16 -> 1 | F128: =[16]Performance!R16 -> 1 | G128: =[16]Performance!S16 -> 0.88 | H128: =[16]Performance!T16 -> 0.8 | I128: =[16]Performance!U16 -> 0.8 | J128: =[16]Performance!H16 -> NTT | K128: =[16]Performance!I16 -> 1 | L128: =[16]Performance!J16 -> 0.8 | M128: =[16]Performance!K16 -> NTT | N128: =[16]Performance!L16 -> NTT | O128: =[16]Performance!M16 -> N/A | P128: =[16]Performance!N16 -> 1 | Q128: =[16]Performance!O16 -> NTT | R128: =[16]Performance!P16 -> 0.94
... A134: ='[16]Student Data'!M22 -> 0 | B134: =[16]Reporting!C21 -> Did not Start | C134: =[16]Reporting!F21 -> Marie Cris Tolentino | D134: {=--(SUM(COUNTIF(B134,{"*nest*","*grad*","*trans*","*1B*","*1C*"}))>0)} -> 0 | E134: =[16]Performance!Q22 -> 0 | F134: =[16]Performance!R22 -> 0 | G134: =[16]Performance!S22 -> 0 | H134: =[16]Performance!T22 -> 0 | I134: =[16]Performance!U22 -> 0 | J134: =[16]Performance!H22 -> 0 | K134: =[16]Performance!I22 -> 0 | L134: =[16]Performance!J22 -> 0 | M134: =[16]Performance!K22 -> 0 | N134: =[16]Performance!L22 -> 0 | O134: =[16]Performance!M22 -> 0 | P134: =[16]Performance!N22 -> 0 | Q134: =[16]Performance!O22 -> 0 | R134: =[16]Performance!P22 -> 0
A135: 07.28.2025 | B135: ='[1]Class Summary'!$B$11 -> Jean Luzada | C135: ='[1]Class Summary'!$B$12 -> Maria Lourdes Tendenilla | D135: =SUM(D136:D153) -> 15 | E135: =COUNTIF(E136:E153, ">79%") -> 17 | F135: =COUNTIF(F136:F153, ">79%") -> 17 | G135: =COUNTIF(G136:G153, ">79%") -> 16 | H135: =COUNTIF(H136:H153, ">79%") -> 17 | I135: =COUNTIF(I136:I153, ">79%") -> 16 | J135: =COUNTIF(J136:J153, ">79%") -> 17 | K135: =COUNTIF(K136:K153, ">79%") -> 18 | L135: =COUNTIF(L136:L153, ">79%") -> 18 | ... R135: =COUNTIF(R136:R153, ">79%") -> 18
A136: ='[1]Student Data'!M5 -> 24593 | B136: =[17]Reporting!C4 -> Transition to Production with SMART plan | C136: =[17]Reporting!F4 -> Stella Bamawo | D136: {=--(SUM(COUNTIF(B136,{"*nest*","*grad*","*trans*","*1B*","*1C*"}))>0)} -> 1 | E136: =[17]Performance!Q5 -> 1 | F136: =[17]Performance!R5 -> 1 | G136: =[17]Performance!S5 -> 0.88 | H136: =[17]Performance!T5 -> 0.8 | I136: =[17]Performance!U5 -> 0.89 | J136: =[17]Performance!H5 -> 0 | K136: =[17]Performance!I5 -> 0.88 | L136: =[17]Performance!J5 -> 1 | M136: =[17]Performance!K5 -> 0 | N136: =[17]Performance!L5 -> 0 | O136: =[17]Performance!M5 -> 1 | P136: =[17]Performance!N5 -> 0 | Q136: =[17]Performance!O5 -> 0.82 | R136: =[17]Performance!P5 -> 1
A137: ='[1]Student Data'!M6 -> 33101 | B137: =[17]Reporting!C5 -> Transition to Production | C137: =[17]Reporting!F5 -> Keilly Maptouom | D137: {=--(SUM(COUNTIF(B137,{"*nest*","*grad*","*trans*","*1B*","*1C*"}))>0)} -> 1 | E137: =[17]Performance!Q6 -> 1 | F137: =[17]Performance!R6 -> 1 | G137: =[17]Performance!S6 -> 0.94 | H137: =[17]Performance!T6 -> 1 | I137: =[17]Performance!U6 -> 0.9 | J137: =[17]Performance!H6 -> 1 | K137: =[17]Performance!I6 -> 0.88 | L137: =[17]Performance!J6 -> 1 | M137: =[17]Performance!K6 -> 1 | N137: =[17]Performance!L6 -> 1 | O137: =[17]Performance!M6 -> 1 | P137: =[17]Performance!N6 -> 1 | Q137: =[17]Performance!O6 -> 0.82 | R137: =[17]Performance!P6 -> 1
A138: ='[1]Student Data'!M7 -> 32307 | B138: =[17]Reporting!C6 -> Moved/Joining Alternate Class/Program | C138: =[17]Reporting!F6 -> Lakesha Smith | D138: {=--(SUM(COUNTIF(B138,{"*nest*","*grad*","*trans*","*1B*","*1C*"}))>0)} -> 0 | E138: =[17]Performance!Q7 -> 1 | F138: =[17]Performance!R7 -> 1 | G138: =[17]Performance!S7 -> 0.94 | H138: =[17]Performance!T7 -> 0.8 | I138: =[17]Performance!U7 -> 0.86 | J138: =[17]Performance!H7 -> 1 | K138: =[17]Performance!I7 -> 1 | L138: =[17]Performance!J7 -> 1 | M138: =[17]Performance!K7 -> 1 | N138: =[17]Performance!L7 -> 1 | O138: =[17]Performance!M7 -> 1 | P138: =[17]Performance!N7 -> 1 | Q138: =[17]Performance!O7 -> 0.91 | R138: =[17]Performance!P7 -> 1
A139: ='[1]Student Data'!M8 -> 40263 | B139: =[17]Reporting!C7 -> Terminated-Nesting 3 | C139: =[17]Reporting!F7 -> Hubert Styve Wassou | D139: {=--(SUM(COUNTIF(B139,{"*nest*","*grad*","*trans*","*1B*","*1C*"}))>0)} -> 1 | E139: =[17]Performance!Q8 -> 1 | F139: =[17]Performance!R8 -> 1 | G139: =[17]Performance!S8 -> 1 | H139: =[17]Performance!T8 -> 1 | I139: =[17]Performance!U8 -> 0.81 | J139: =[17]Performance!H8 -> 1 | K139: =[17]Performance!I8 -> 0.88 | L139: =[17]Performance!J8 -> 0.8 | M139: =[17]Performance!K8 -> 1 | N139: =[17]Performance!L8 -> 1 | O139: =[17]Performance!M8 -> 1 | P139: =[17]Performance!N8 -> 1 | Q139: =[17]Performance!O8 -> 1 | R139: =[17]Performance!P8 -> 1
A140: ='[1]Student Data'!M9 -> 39170 | B140: =[17]Reporting!C8 -> Resigned Tier 1A | C140: =[17]Reporting!F8 -> Stevy Kuimi | D140: {=--(SUM(COUNTIF(B140,{"*nest*","*grad*","*trans*","*1B*","*1C*"}))>0)} -> 0 | E140: =[17]Performance!Q9 -> 1 | F140: =[17]Performance!R9 -> 1 | G140: =[17]Performance!S9 -> NLE | H140: =[17]Performance!T9 -> 0.9 | I140: =[17]Performance!U9 -> NLE | J140: =[17]Performance!H9 -> 1 | K140: =[17]Performance!I9 -> 0.88 | L140: =[17]Performance!J9 -> 1 | M140: =[17]Performance!K9 -> 1 | N140: =[17]Performance!L9 -> 0.89 | O140: =[17]Performance!M9 -> 1 | P140: =[17]Performance!N9 -> 1 | Q140: =[17]Performance!O9 -> 0.91 | R140: =[17]Performance!P9 -> 0.91
A141: ='[1]Student Data'!M10 -> 39206 | B141: =[17]Reporting!C9 -> Terminated-Nesting 3 | C141: =[17]Reporting!F9 -> Ange Merveille Nameni Kuenzob | D141: {=--(SUM(COUNTIF(B141,{"*nest*","*grad*","*trans*","*1B*","*1C*"}))>0)} -> 1 | E141: =[17]Performance!Q10 -> 1 | F141: =[17]Performance!R10 -> 1 | G141: =[17]Performance!S10 -> 0.86 | H141: =[17]Performance!T10 -> 0.8 | I141: =[17]Performance!U10 -> 0.93 | J141: =[17]Performance!H10 -> 1 | K141: =[17]Performance!I10 -> 1 | L141: =[17]Performance!J10 -> 1 | M141: =[17]Performance!K10 -> 1 | N141: =[17]Performance!L10 -> 0.88 | O141: =[17]Performance!M10 -> 1 | P141: =[17]Performance!N10 -> 1 | Q141: =[17]Performance!O10 -> 0.82 | R141: =[17]Performance!P10 -> 0.88
A142: ='[1]Student Data'!M11 -> 40725 | B142: =[17]Reporting!C10 -> Resigned Tier 1B | C142: =[17]Reporting!F10 -> Benjamin Ntamwishimiro | D142: {=--(SUM(COUNTIF(B142,{"*nest*","*grad*","*trans*","*1B*","*1C*"}))>0)} -> 1 | E142: =[17]Performance!Q11 -> 1 | F142: =[17]Performance!R11 -> 1 | G142: =[17]Performance!S11 -> 0.8 | H142: =[17]Performance!T11 -> 1 | I142: =[17]Performance!U11 -> 0.82 | J142: =[17]Performance!H11 -> 1 | K142: =[17]Performance!I11 -> 1 | L142: =[17]Performance!J11 -> 1 | M142: =[17]Performance!K11 -> 1 | N142: =[17]Performance!L11 -> 1 | O142: =[17]Performance!M11 -> 1 | P142: =[17]Performance!N11 -> 1 | Q142: =[17]Performance!O11 -> 1 | R142: =[17]Performance!P11 -> 0.82
A143: ='[1]Student Data'!M12 -> 40726 | B143: =[17]Reporting!C11 -> Terminated-Nesting 3 | C143: =[17]Reporting!F11 -> Dylan Kalonji | D143: {=--(SUM(COUNTIF(B143,{"*nest*","*grad*","*trans*","*1B*","*1C*"}))>0)} -> 1 | E143: =[17]Performance!Q12 -> 1 | F143: =[17]Performance!R12 -> 1 | G143: =[17]Performance!S12 -> 0.82 | H143: =[17]Performance!T12 -> 1 | I143: =[17]Performance!U12 -> 0.98 | J143: =[17]Performance!H12 -> 1 | K143: =[17]Performance!I12 -> 1 | L143: =[17]Performance!J12 -> 1 | M143: =[17]Performance!K12 -> 1 | N143: =[17]Performance!L12 -> 1 | O143: =[17]Performance!M12 -> 1 | P143: =[17]Performance!N12 -> 1 | Q143: =[17]Performance!O12 -> 0.96 | R143: =[17]Performance!P12 -> 0.88
A144: ='[1]Student Data'!M13 -> 40727 | B144: =[17]Reporting!C12 -> Resigned Tier 1A | C144: =[17]Reporting!F12 -> Yassmine Attobi | D144: {=--(SUM(COUNTIF(B144,{"*nest*","*grad*","*trans*","*1B*","*1C*"}))>0)} -> 0 | E144: =[17]Performance!Q13 | F144: =[17]Performance!R13 | G144: =[17]Performance!S13 | H144: =[17]Performance!T13 | I144: =[17]Performance!U13 | J144: =[17]Performance!H13 -> 1 | K144: =[17]Performance!I13 -> 1 | L144: =[17]Performance!J13 -> 1 | M144: =[17]Performance!K13 -> 1 | N144: =[17]Performance!L13 -> 0.89 | O144: =[17]Performance!M13 -> 1 | P144: =[17]Performance!N13 -> 1 | Q144: =[17]Performance!O13 -> 0.82 | R144: =[17]Performance!P13 -> 0.88
A145: ='[1]Student Data'!M14 -> 40728 | B145: =[17]Reporting!C13 -> Terminated-Nesting 3 | C145: =[17]Reporting!F13 -> Walid Maghri | D145: {=--(SUM(COUNTIF(B145,{"*nest*","*grad*","*trans*","*1B*","*1C*"}))>0)} -> 1 | E145: =[17]Performance!Q14 -> 1 | F145: =[17]Performance!R14 -> 1 | G145: =[17]Performance!S14 -> 0.88 | H145: =[17]Performance!T14 -> 0.8 | I145: =[17]Performance!U14 -> 0.8 | J145: =[17]Performance!H14 -> 1 | K145: =[17]Performance!I14 -> 0.88 | L145: =[17]Performance!J14 -> 1 | M145: =[17]Performance!K14 -> 1 | N145: =[17]Performance!L14 -> 0.89 | O145: =[17]Performance!M14 -> 1 | P145: =[17]Performance!N14 -> 1 | Q145: =[17]Performance!O14 -> 0.91 | R145: =[17]Performance!P14 -> 0.88
A146: ='[1]Student Data'!M15 -> 40729 | B146: =[17]Reporting!C14 -> Resigned Tier 1B | C146: =[17]Reporting!F14 -> Francky Donfack Fouegue | D146: {=--(SUM(COUNTIF(B146,{"*nest*","*grad*","*trans*","*1B*","*1C*"}))>0)} -> 1 | E146: =[17]Performance!Q15 -> 1 | F146: =[17]Performance!R15 -> 1 | G146: =[17]Performance!S15 -> 0.86 | H146: =[17]Performance!T15 -> 0.8 | I146: =[17]Performance!U15 -> 0.8 | J146: =[17]Performance!H15 -> 1 | K146: =[17]Performance!I15 -> 1 | L146: =[17]Performance!J15 -> 1 | M146: =[17]Performance!K15 -> 1 | N146: =[17]Performance!L15 -> 0.89 | O146: =[17]Performance!M15 -> 1 | P146: =[17]Performance!N15 -> 1 | Q146: =[17]Performance!O15 -> 0.87 | R146: =[17]Performance!P15 -> 0.94
A147: ='[1]Student Data'!M16 -> 40730 | B147: =[17]Reporting!C15 -> Terminated-Nesting 3 | C147: =[17]Reporting!F15 -> Dan Luccin Dushime | D147: {=--(SUM(COUNTIF(B147,{"*nest*","*grad*","*trans*","*1B*","*1C*"}))>0)} -> 1 | E147: =[17]Performance!Q16 -> 1 | F147: =[17]Performance!R16 -> 1 | G147: =[17]Performance!S16 -> 0.92 | H147: =[17]Performance!T16 -> 0.8 | I147: =[17]Performance!U16 -> 0.89 | J147: =[17]Performance!H16 -> 1 | K147: =[17]Performance!I16 -> 1 | L147: =[17]Performance!J16 -> 1 | M147: =[17]Performance!K16 -> 1 | N147: =[17]Performance!L16 -> 1 | O147: =[17]Performance!M16 -> 1 | P147: =[17]Performance!N16 -> 1 | Q147: =[17]Performance!O16 -> 1 | R147: =[17]Performance!P16 -> 0.88
... A153: ='[1]Student Data'!M22 -> 40643 | B153: =[17]Reporting!C21 -> Resigned-Nesting 3 | C153: =[17]Reporting!F21 -> Christiane (Chris) Lalonde | D153: {=--(SUM(COUNTIF(B153,{"*nest*","*grad*","*trans*","*1B*","*1C*"}))>0)} -> 1 | E153: =[17]Performance!Q22 -> 1 | F153: =[17]Performance!R22 -> 1 | G153: =[17]Performance!S22 -> 0.84 | H153: =[17]Performance!T22 -> 0.8 | I153: =[17]Performance!U22 -> 0.8 | J153: =[17]Performance!H22 -> 1 | K153: =[17]Performance!I22 -> 1 | L153: =[17]Performance!J22 -> 1 | M153: =[17]Performance!K22 -> 1 | N153: =[17]Performance!L22 -> 1 | O153: =[17]Performance!M22 -> 1 | P153: =[17]Performance!N22 -> 1 | Q153: =[17]Performance!O22 -> 0.82 | R153: =[17]Performance!P22 -> 0.94
A154: 08.18.2025 | B154: ='[18]Class Summary'!$B$11 -> Anabelle Pizon | C154: ='[18]Class Summary'!$B$12 -> Jennifer Ramirez | D154: =SUM(D155:D168) -> 12 | E154: =COUNTIF(E155:E168, ">79%") -> 13 | F154: =COUNTIF(F155:F168, ">79%") -> 13 | G154: =COUNTIF(G155:G168, ">79%") -> 13 | H154: =COUNTIF(H155:H168, ">79%") -> 13 | I154: =COUNTIF(I155:I168, ">79%") -> 13 | J154: N/A | K154: =COUNTIF(K155:K168, ">79%") -> 13 | L154: =COUNTIF(L155:L168, ">79%") -> 13 | M154: N/A | N154: N/A | O154: N/A | P154: =COUNTIF(P155:P168, ">79%") -> 13 | Q154: N/A | R154: =COUNTIF(R155:R168, ">79%") -> 13
...
