Workbook
Name List_SalesAgents: #REF!
Name List_SalesCategories: #REF!
Name List_SalesPhases: #REF!
Name List_SalesRegions: #REF!
Name Starting_Month: #REF!

Sheet KPIs Dashboard
B2: Company Confidential
B3: Juanita's Training Team
B4: Key Performance Indicators (KPIs)
B5: Goal | C5: 80% or above | D5: 80% or above | E5: 1 | F5: 90% or above | G5: 80% or above | H5: 35% or below | I5: 80% or above | L5: =90*0.3 -> 27 | M5: =80*0.7 -> 56 | N5: =SUM(L5:M5) -> 83
B6: Weighting | C6: 0.1 | D6: 0.25 | E6: 0.15 | F6: 0.25 | H6: 0.25 | I6: N/A
B7: Team Average | C7: =AVERAGE(C9,C10,C11,C12,C13,C15,C16,C17,C19,C20,C21,C22,C23,C24,C25,C26,C27,C28,C29,C30,C32,C33,C34,C35,C36,C37) -> 0.81767019 | D7: =AVERAGE(D10,D11,D12,D13,D17,D20,D21,D22,D23:D28,D30,D33,D34,D36,D37,D39) -> 0.93659372 | E7: =AVERAGE(E11,E12,E13,E17,E20,E19,E22,E23,E24,E25,E26,E27,E28,E29,E33,E36,E39) -> 0.8456596 | F7: =AVERAGE(F10,F11,F12,F13,F16,F17,F19,F20,F21,F22,F23,F24,F25,F26,F27,F28,F29,F30,F33,F34,F35,F36,F37,F39) -> 0.87055151 | G7: =AVERAGE(G11,G12,G13,G16,G17,G19,G20,G21,G22,G23,G24,G25,G26,G27,G28,G29,G30,G33,G34,G36,G37,G39) -> 0.74682106 | H7: =AVERAGE(H10,H11,H12,H13,H16,H17,H19,H20,H21,H22,H23,H24,H25,H26,H27,H28,H29,H30,H33,H34,H36,H37,H39) -> 0.19277799 | I7: =AVERAGE(I10,I12,I13,I14,I16,I17,I19,I20,I21,I22,I23,I24,I25,I27,I31,I33,I34,I39) -> 0.83921971 | L7: =AVERAGE(L9:L35) -> 0.25697977 | M7: =AVERAGE(M9:M35) -> 0.51476611 | N7: =SUM(L7:M7) -> 0.77174587
B8: Name | C8: Productivity - YTD | D8: Training Satisfaction (Survey Results | E8: Compliance | F8: Knowledge Retention in Class | G8: Knowledge Retention Nesting | H8: New Hire Attrition | I8: Observation Scores
B9: Angeline Rubrico | C9: ='[1]Dashboard YTD'!$K$2 -> 0.63891349 | D9: =GETPIVOTDATA("Sum of Sum of Responses",'Survey Raw Data'!$A$1,"Select the name of your primary trainer for this course.","Angeline Rubrico")/GETPIVOTDATA("Sum of Sum of User Score",'Survey Raw Data'!$A$1,"Select the name of your primary trainer for this course.","Angeline Rubrico") -> #REF! | E9: =GETPIVOTDATA("Sum of Total",'Compliance Pivot Table'!$A$3,"Trainer Name","Angeline Rubrico")/GETPIVOTDATA("Sum of Number of Agent Transition to Nesting",'Compliance Pivot Table'!$A$3,"Trainer Name","Angeline Rubrico") -> #REF! | F9: =GETPIVOTDATA("Average of Test Avg",'Pivot Tables'!$A$1,"Trainer 1","Angeline Rubrico") -> #REF! | G9: =GETPIVOTDATA("Average of QA Avg",'Pivot Tables'!$A$1,"Trainer 1","Angeline Rubrico") -> #REF! | H9: =GETPIVOTDATA("Average of Attrition less Terms",'Pivot Tables'!$A$1,"Trainer 1","Angeline Rubrico") -> #REF! | I9: ='Observation Metrics'!G2 -> #DIV/0!
B10: Anita Bliss-Dias | C10: ='[2]Dashboard YTD'!$K$2 -> 0.83211974 | D10: =GETPIVOTDATA("Sum of Sum of Responses",'Survey Raw Data'!$A$1,"Select the name of your primary trainer for this course.","Anita Bliss-Dias")/GETPIVOTDATA("Sum of Sum of User Score",'Survey Raw Data'!$A$1,"Select the name of your primary trainer for this course.","Anita Bliss-Dias") -> 0.9122807 | E10: =GETPIVOTDATA("Sum of Total",'Compliance Pivot Table'!$A$3,"Trainer Name","Anita Bliss-Dias")/GETPIVOTDATA("Sum of Number of Agent Transition to Nesting",'Compliance Pivot Table'!$A$3,"Trainer Name","Anita Bliss-Dias") -> #REF! | F10: =GETPIVOTDATA("Average of Test Avg",'Pivot Tables'!$A$1,"Trainer 1","Anita Bliss-Dias") -> 0.82474155 | G10: =GETPIVOTDATA("Average of QA Avg",'Pivot Tables'!$A$1,"Trainer 1","Anita Bliss-Dias") -> 0.73566468 | H10: =GETPIVOTDATA("Average of Attrition less Terms",'Pivot Tables'!$A$1,"Trainer 1","Anita Bliss-Dias") -> 0.066993464 | I10: ='Observation Metrics'!G3 -> 0.83809524 | L10: =Table_ForecastInput[[#This Row],[Knowledge Retention in Class]]*0.3 -> 0.24742246 | M10: =Table_ForecastInput[[#This Row],[Knowledge Retention Nesting]]*0.7 -> 0.51496528 | N10: =SUM(L10:M10) -> 0.76238774
B11: Bibi Alli | C11: ='[3]Dashboard YTD'!$K$2 -> 0.87170317 | D11: =GETPIVOTDATA("Sum of Sum of Responses",'Survey Raw Data'!$A$1,"Select the name of your primary trainer for this course.","Bibi Alli")/GETPIVOTDATA("Sum of Sum of User Score",'Survey Raw Data'!$A$1,"Select the name of your primary trainer for this course.","Bibi Alli") -> 1 | E11: =GETPIVOTDATA("Sum of Total",'Compliance Pivot Table'!$A$3,"Trainer Name","Bib Alli")/GETPIVOTDATA("Sum of Number of Agent Transition to Nesting",'Compliance Pivot Table'!$A$3,"Trainer Name","Bib Alli") -> 1 | F11: =GETPIVOTDATA("Average of Test Avg",'Pivot Tables'!$A$1,"Trainer 1","Bibi Alli") -> 0.84286333 | G11: =GETPIVOTDATA("Average of QA Avg",'Pivot Tables'!$A$1,"Trainer 1","Bibi Alli") -> 0.88375 | H11: =GETPIVOTDATA("Average of Attrition less Terms",'Pivot Tables'!$A$1,"Trainer 1","Bibi Alli") -> 0.42857143 | I11: ='Observation Metrics'!G4 -> LOA | L11: =Table_ForecastInput[[#This Row],[Knowledge Retention in Class]]*0.3 -> 0.252859 | M11: =Table_ForecastInput[[#This Row],[Knowledge Retention Nesting]]*0.7 -> 0.618625 | N11: =SUM(L11:M11) -> 0.871484
B12: John David Lim | C12: ='[4]Dashboard YTD'!$K$2 -> 0.85570844 | D12: =GETPIVOTDATA("Sum of Sum of Responses",'Survey Raw Data'!$A$1,"Select the name of your primary trainer for this course.","Dave Lim")/GETPIVOTDATA("Sum of Sum of User Score",'Survey Raw Data'!$A$1,"Select the name of your primary trainer for this course.","Dave Lim") -> 0.94949495 | E12: =GETPIVOTDATA("Sum of Total",'Compliance Pivot Table'!$A$3,"Trainer Name","Dave Lim")/GETPIVOTDATA("Sum of Number of Agent Transition to Nesting",'Compliance Pivot Table'!$A$3,"Trainer Name","Dave Lim") -> 0.725 | F12: =GETPIVOTDATA("Average of Test Avg",'Pivot Tables'!$A$1,"Trainer 1","John David Lim") -> 0.89444749 | G12: =GETPIVOTDATA("Average of QA Avg",'Pivot Tables'!$A$1,"Trainer 1","John David Lim") -> 0.73599562 | H12: =GETPIVOTDATA("Average of Attrition less Terms",'Pivot Tables'!$A$1,"Trainer 1","John David Lim") -> 0.13770053 | I12: ='Observation Metrics'!G5 -> 0.8172043 | L12: =Table_ForecastInput[[#This Row],[Knowledge Retention in Class]]*0.3 -> 0.26833425 | M12: =Table_ForecastInput[[#This Row],[Knowledge Retention Nesting]]*0.7 -> 0.51519694 | N12: =SUM(L12:M12) -> 0.78353118
B13: Gilisa Roberts | C13: ='[5]Dashboard YTD'!$K$2 -> 0.86813781 | D13: =GETPIVOTDATA("Sum of Sum of Responses",'Survey Raw Data'!$A$1,"Select the name of your primary trainer for this course.","Gilisa Roberts")/GETPIVOTDATA("Sum of Sum of User Score",'Survey Raw Data'!$A$1,"Select the name of your primary trainer for this course.","Gilisa Roberts") -> 0.94444444 | E13: =GETPIVOTDATA("Sum of Total",'Compliance Pivot Table'!$A$3,"Trainer Name","Gilisa Roberts")/GETPIVOTDATA("Sum of Number of Agent Transition to Nesting",'Compliance Pivot Table'!$A$3,"Trainer Name","Gilisa Roberts") -> 0.96296296 | F13: =GETPIVOTDATA("Average of Test Avg",'Pivot Tables'!$A$1,"Trainer 1","Gilisa Roberts") -> 0.87081337 | G13: =GETPIVOTDATA("Average of QA Avg",'Pivot Tables'!$A$1,"Trainer 1","Gilisa Roberts") -> 0.71984702 | H13: =GETPIVOTDATA("Average of Attrition less Terms",'Pivot Tables'!$A$1,"Trainer 1","Gilisa Roberts") -> 0.13920455 | I13: ='Observation Metrics'!G6 -> 0.99411765 | L13: =Table_ForecastInput[[#This Row],[Knowledge Retention in Class]]*0.3 -> 0.26124401 | M13: =Table_ForecastInput[[#This Row],[Knowledge Retention Nesting]]*0.7 -> 0.50389292 | N13: =SUM(L13:M13) -> 0.76513693
B14: Irish Ferreras | C14: ='[6]Dashboard YTD'!$K$2 -> 0 | D14: N/A | E14: =GETPIVOTDATA("Sum of Total",'Compliance Pivot Table'!$A$3,"Trainer Name","Irish Ferreras")/GETPIVOTDATA("Sum of Number of Agent Transition to Nesting",'Compliance Pivot Table'!$A$3,"Trainer Name","Irish Ferreras") -> #REF! | F14: =GETPIVOTDATA("Average of Test Avg",'Pivot Tables'!$A$1,"Trainer 1","Irish Ferreras") -> #REF! | G14: =GETPIVOTDATA("Average of QA Avg",'Pivot Tables'!$A$1,"Trainer 1","Irish Ferreras") -> #REF! | H14: =GETPIVOTDATA("Average of Attrition less Terms",'Pivot Tables'!$A$1,"Trainer 1","Irish Ferreras") -> #REF! | I14: ='Observation Metrics'!G10 -> 0.90977778
B15: Jean Luzada | C15: ='[7]Dashboard YTD'!$K$2 -> 0.44642857 | D15: =GETPIVOTDATA("Sum of Sum of Responses",'Survey Raw Data'!$A$1,"Select the name of your primary trainer for this course.","Jean Luzada")/GETPIVOTDATA("Sum of Sum of User Score",'Survey Raw Data'!$A$1,"Select the name of your primary trainer for this course.","Jean Luzada") -> #REF! | E15: =GETPIVOTDATA("Sum of Total",'Compliance Pivot Table'!$A$3,"Trainer Name","Jean Luzada")/GETPIVOTDATA("Sum of Number of Agent Transition to Nesting",'Compliance Pivot Table'!$A$3,"Trainer Name","Jean Luzada") -> #REF! | F15: =GETPIVOTDATA("Average of Test Avg",'Pivot Tables'!$A$1,"Trainer 1","Jean Luzada") -> #REF! | G15: =GETPIVOTDATA("Average of QA Avg",'Pivot Tables'!$A$1,"Trainer 1","Jean Luzada") -> #REF! | H15: =GETPIVOTDATA("Average of Attrition less Terms",'Pivot Tables'!$A$1,"Trainer 1","Jean Luzada") -> #REF! | I15: ='Observation Metrics'!G8 -> 0.78431373
B16: Jill Hirtle | C16: ='[8]Dashboard YTD'!$K$2 -> 0.82647989 | D16: =GETPIVOTDATA("Sum of Sum of Responses",'Survey Raw Data'!$A$1,"Select the name of your primary trainer for this course.","Jill Hirtle")/GETPIVOTDATA("Sum of Sum of User Score",'Survey Raw Data'!$A$1,"Select the name of your primary trainer for this course.","Jill Hirtle") -> #REF! | E16: =GETPIVOTDATA("Sum of Total",'Compliance Pivot Table'!$A$3,"Trainer Name","Jill Hirtle")/GETPIVOTDATA("Sum of Number of Agent Transition to Nesting",'Compliance Pivot Table'!$A$3,"Trainer Name","Jill Hirtle") -> #REF! | F16: =GETPIVOTDATA("Average of Test Avg",'Pivot Tables'!$A$1,"Trainer 1","Jill Hirtle") -> 0.87632757 | G16: =GETPIVOTDATA("Average of QA Avg",'Pivot Tables'!$A$1,"Trainer 1","Jill Hirtle") -> 0.67614277 | H16: =GETPIVOTDATA("Average of Attrition less Terms",'Pivot Tables'!$A$1,"Trainer 1","Jill Hirtle") -> 0.2381685 | I16: ='Observation Metrics'!G9 -> 0.90666667 | L16: =Table_ForecastInput[[#This Row],[Knowledge Retention in Class]]*0.3 -> 0.26289827 | M16: =Table_ForecastInput[[#This Row],[Knowledge Retention Nesting]]*0.7 -> 0.47329994 | N16: =SUM(L16:M16) -> 0.73619821
B17: Jordan Saulnier | C17: ='[9]Dashboard YTD'!$K$2 -> 0.8626551 | D17: =GETPIVOTDATA("Sum of Sum of Responses",'Survey Raw Data'!$A$1,"Select the name of your primary trainer for this course.","Jordan Saulnier")/GETPIVOTDATA("Sum of Sum of User Score",'Survey Raw Data'!$A$1,"Select the name of your primary trainer for this course.","Jordan Saulnier") -> 0.96666667 | E17: =GETPIVOTDATA("Sum of Total",'Compliance Pivot Table'!$A$3,"Trainer Name","Jordan Saulnier")/GETPIVOTDATA("Sum of Number of Agent Transition to Nesting",'Compliance Pivot Table'!$A$3,"Trainer Name","Jordan Saulnier") -> 0.74074074 | F17: =GETPIVOTDATA("Average of Test Avg",'Pivot Tables'!$A$1,"Trainer 1","Jordan Saulnier") -> 0.86541463 | G17: =GETPIVOTDATA("Average of QA Avg",'Pivot Tables'!$A$1,"Trainer 1","Jordan Saulnier") -> 0.69153075 | H17: =GETPIVOTDATA("Average of Attrition less Terms",'Pivot Tables'!$A$1,"Trainer 1","Jordan Saulnier") -> 0.1979798 | I17: ='Observation Metrics'!G10 -> 0.90977778 | L17: =Table_ForecastInput[[#This Row],[Knowledge Retention in Class]]*0.3 -> 0.25962439 | M17: =Table_ForecastInput[[#This Row],[Knowledge Retention Nesting]]*0.7 -> 0.48407153 | N17: =SUM(L17:M17) -> 0.74369592
B18: Kaitlind Allard | C18: NLE | D18: NLE | E18: NLE | F18: NLE | G18: NLE | H18: NLE | I18: NLE
B19: Catherine Saigo | C19: ='[10]Dashboard YTD'!$K$2 -> 0.77869467 | D19: =GETPIVOTDATA("Sum of Sum of Responses",'Survey Raw Data'!$A$1,"Select the name of your primary trainer for this course.","Kate Saigo")/GETPIVOTDATA("Sum of Sum of User Score",'Survey Raw Data'!$A$1,"Select the name of your primary trainer for this course.","Kate Saigo") -> 1 | E19: =GETPIVOTDATA("Sum of Total",'Compliance Pivot Table'!$A$3,"Trainer Name","Catherine Saigo2")/GETPIVOTDATA("Sum of Number of Agent Transition to Nesting",'Compliance Pivot Table'!$A$3,"Trainer Name","Catherine Saigo2") -> 1 | F19: =GETPIVOTDATA("Average of Test Avg",'Pivot Tables'!$A$1,"Trainer 1","Catherine Saigo2") -> 0.86468229 | G19: =GETPIVOTDATA("Average of QA Avg",'Pivot Tables'!$A$1,"Trainer 1","Catherine Saigo2") -> 0.78391193 | H19: =GETPIVOTDATA("Average of Attrition Class",'Pivot Tables'!$A$1,"Trainer 1","Catherine Saigo2") -> 0.045454545 | I19: ='Observation Metrics'!G12 -> 0.89263016 | L19: =Table_ForecastInput[[#This Row],[Knowledge Retention in Class]]*0.3 -> 0.25940469 | M19: =Table_ForecastInput[[#This Row],[Knowledge Retention Nesting]]*0.7 -> 0.54873835 | N19: =SUM(L19:M19) -> 0.80814304
B20: Kristi Stead | C20: ='[11]Dashboard YTD'!$K$2 -> 0.72350049 | D20: =GETPIVOTDATA("Sum of Sum of Responses",'Survey Raw Data'!$A$1,"Select the name of your primary trainer for this course.","Kristi Stead")/GETPIVOTDATA("Sum of Sum of User Score",'Survey Raw Data'!$A$1,"Select the name of your primary trainer for this course.","Kristi Stead") -> 0.88888889 | E20: =GETPIVOTDATA("Sum of Total",'Compliance Pivot Table'!$A$3,"Trainer Name","Kristi Stead")/GETPIVOTDATA("Sum of Number of Agent Transition to Nesting",'Compliance Pivot Table'!$A$3,"Trainer Name","Kristi Stead") -> 1 | F20: =GETPIVOTDATA("Average of Test Avg",'Pivot Tables'!$A$1,"Trainer 1","Kristi Stead") -> 0.87280076 | G20: =GETPIVOTDATA("Average of QA Avg",'Pivot Tables'!$A$1,"Trainer 1","Kristi Stead") -> 0.70694369 | H20: =GETPIVOTDATA("Average of Attrition Class",'Pivot Tables'!$A$1,"Trainer 1","Kristi Stead") -> 0.088235294 | I20: ='Observation Metrics'!G12 -> 0.89263016 | L20: =Table_ForecastInput[[#This Row],[Knowledge Retention in Class]]*0.3 -> 0.26184023 | M20: =Table_ForecastInput[[#This Row],[Knowledge Retention Nesting]]*0.7 -> 0.49486058 | N20: =SUM(L20,M20) -> 0.75670081
B21: Maida Musse | C21: ='[12]Dashboard YTD'!$K$2 -> 0.74576271 | D21: =GETPIVOTDATA("Sum of Sum of Responses",'Survey Raw Data'!$A$1,"Select the name of your primary trainer for this course.","Maida Musse")/GETPIVOTDATA("Sum of Sum of User Score",'Survey Raw Data'!$A$1,"Select the name of your primary trainer for this course.","Maida Musse") -> 0.92735043 | E21: =GETPIVOTDATA("Sum of Total",'Compliance Pivot Table'!$A$3,"Trainer Name","Maida Musse")/GETPIVOTDATA("Sum of Number of Agent Transition to Nesting",'Compliance Pivot Table'!$A$3,"Trainer Name","Maida Musse") -> 1 | F21: =GETPIVOTDATA("Average of Test Avg",'Pivot Tables'!$A$1,"Trainer 1","Maida Musse") -> 0.95911111 | G21: =GETPIVOTDATA("Average of QA Avg",'Pivot Tables'!$A$1,"Trainer 1","Maida Musse") -> 0.75688355 | H21: =GETPIVOTDATA("Average of Attrition Class",'Pivot Tables'!$A$1,"Trainer 1","Maida Musse") -> 0.050649351 | I21: ='Observation Metrics'!G13 -> 0.8091954 | L21: =Table_ForecastInput[[#This Row],[Knowledge Retention in Class]]*0.3 -> 0.28773333 | M21: =Table_ForecastInput[[#This Row],[Knowledge Retention Nesting]]*0.7 -> 0.52981848 | N21: =SUM(L21,M21) -> 0.81755182
B22: Maria Skubiszewska | C22: ='[13]Dashboard YTD'!$K$2 -> 0.82201838 | D22: =GETPIVOTDATA("Sum of Sum of Responses",'Survey Raw Data'!$A$1,"Select the name of your primary trainer for this course.","MariaSkubiszewska")/GETPIVOTDATA("Sum of Sum of User Score",'Survey Raw Data'!$A$1,"Select the name of your primary trainer for this course.","MariaSkubiszewska") -> 1 | E22: =GETPIVOTDATA("Sum of Total",'Compliance Pivot Table'!$A$3,"Trainer Name","Maria Skubiszewska")/GETPIVOTDATA("Sum of Number of Agent Transition to Nesting",'Compliance Pivot Table'!$A$3,"Trainer Name","Maria Skubiszewska") -> 1.2 | F22: =GETPIVOTDATA("Average of Test Avg",'Pivot Tables'!$A$1,"Trainer 1","Maria Skubiszewska") -> 0.89197718 | G22: =GETPIVOTDATA("Average of QA Avg",'Pivot Tables'!$A$1,"Trainer 1","Maria Skubiszewska") -> 0.78706063 | H22: =GETPIVOTDATA("Average of Attrition less Terms",'Pivot Tables'!$A$1,"Trainer 1","Maria Skubiszewska") -> 0.057142857 | I22: ='Observation Metrics'!G14 -> 0.8 | L22: =Table_ForecastInput[[#This Row],[Knowledge Retention in Class]]*0.3 -> 0.26759315 | M22: =Table_ForecastInput[[#This Row],[Knowledge Retention Nesting]]*0.7 -> 0.55094244 | N22: =SUM(L22,M22) -> 0.81853559
B23: Nancy Price | C23: ='[14]Dashboard YTD'!$K$2 -> 0.7779798 | D23: =GETPIVOTDATA("Sum of Sum of Responses",'Survey Raw Data'!$A$1,"Select the name of your primary trainer for this course.","Nancy Price")/GETPIVOTDATA("Sum of Sum of User Score",'Survey Raw Data'!$A$1,"Select the name of your primary trainer for this course.","Nancy Price") -> 0.95833333 | E23: =GETPIVOTDATA("Sum of Total",'Compliance Pivot Table'!$A$3,"Trainer Name","Nancy Price")/GETPIVOTDATA("Sum of Number of Agent Transition to Nesting",'Compliance Pivot Table'!$A$3,"Trainer Name","Nancy Price") -> 1 | F23: =GETPIVOTDATA("Average of Test Avg",'Pivot Tables'!$A$1,"Trainer 1","Nancy Price") -> 0.8482637 | G23: =GETPIVOTDATA("Average of QA Avg",'Pivot Tables'!$A$1,"Trainer 1","Nancy Price") -> 0.62308383 | H23: =GETPIVOTDATA("Average of Attrition less Terms",'Pivot Tables'!$A$1,"Trainer 1","Nancy Price") -> 0.12261905 | I23: ='Observation Metrics'!G15 -> 1.0320186 | L23: =Table_ForecastInput[[#This Row],[Knowledge Retention in Class]]*0.3 -> 0.25447911 | M23: =Table_ForecastInput[[#This Row],[Knowledge Retention Nesting]]*0.7 -> 0.43615868 | N23: =SUM(L23,M23) -> 0.69063779
B24: Rowena Lasala | C24: ='[15]Dashboard YTD'!$K$2 -> 0.86669352 | D24: =GETPIVOTDATA("Sum of Sum of Responses",'Survey Raw Data'!$A$1,"Select the name of your primary trainer for this course.","Rowena Lasala")/GETPIVOTDATA("Sum of Sum of User Score",'Survey Raw Data'!$A$1,"Select the name of your primary trainer for this course.","Rowena Lasala") -> 0.97916667 | E24: =GETPIVOTDATA("Sum of Total",'Compliance Pivot Table'!$A$3,"Trainer Name","Rowena Lasala")/GETPIVOTDATA("Sum of Number of Agent Transition to Nesting",'Compliance Pivot Table'!$A$3,"Trainer Name","Rowena Lasala") -> 1.0344828 | F24: =GETPIVOTDATA("Average of Test Avg",'Pivot Tables'!$A$1,"Trainer 1","Rowena Lasala") -> 0.88733156 | G24: =GETPIVOTDATA("Average of QA Avg",'Pivot Tables'!$A$1,"Trainer 1","Rowena Lasala") -> 0.78619345 | H24: =GETPIVOTDATA("Average of Attrition Class",'Pivot Tables'!$A$1,"Trainer 1","Rowena Lasala") -> 0.23080808 | I24: ='Observation Metrics'!G16 -> 0.8045977 | L24: =Table_ForecastInput[[#This Row],[Knowledge Retention in Class]]*0.3 -> 0.26619947 | M24: =Table_ForecastInput[[#This Row],[Knowledge Retention Nesting]]*0.7 -> 0.55033542 | N24: =SUM(L24,M24) -> 0.81653489
B25: Ruschel Bartolome | C25: ='[16]Dashboard YTD'!$K$2 -> 0.88045523 | D25: =GETPIVOTDATA("Sum of Sum of Responses",'Survey Raw Data'!$A$1,"Select the name of your primary trainer for this course.","Ruschel Bartolome")/GETPIVOTDATA("Sum of Sum of User Score",'Survey Raw Data'!$A$1,"Select the name of your primary trainer for this course.","Ruschel Bartolome") -> 0.91025641 | E25: =GETPIVOTDATA("Sum of Total",'Compliance Pivot Table'!$A$3,"Trainer Name","Ruschel Bartolome")/GETPIVOTDATA("Sum of Number of Agent Transition to Nesting",'Compliance Pivot Table'!$A$3,"Trainer Name","Ruschel Bartolome") -> 0.55555556 | F25: =GETPIVOTDATA("Average of Test Avg",'Pivot Tables'!$A$1,"Trainer 1","Ruschel Bartolome") -> 0.92652525 | G25: =GETPIVOTDATA("Average of QA Avg",'Pivot Tables'!$A$1,"Trainer 1","Ruschel Bartolome") -> 0.84057368 | H25: =GETPIVOTDATA("Average of Attrition Class",'Pivot Tables'!$A$1,"Trainer 1","Ruschel Bartolome") -> 0.21590909 | I25: ='Observation Metrics'!G17 -> 0.7655914 | L25: =Table_ForecastInput[[#This Row],[Knowledge Retention in Class]]*0.3 -> 0.27795758 | M25: =Table_ForecastInput[[#This Row],[Knowledge Retention Nesting]]*0.7 -> 0.58840157 | N25: =SUM(L25,M25) -> 0.86635915
B26: Scott McDonald | C26: ='[17]Dashboard YTD'!$K$2 -> 0.80860534 | D26: =GETPIVOTDATA("Sum of Sum of Responses",'Survey Raw Data'!$A$1,"Select the name of your primary trainer for this course.","Scott McDonald")/GETPIVOTDATA("Sum of Sum of User Score",'Survey Raw Data'!$A$1,"Select the name of your primary trainer for this course.","Scott McDonald") -> 0.90666667 | E26: =GETPIVOTDATA("Sum of Total",'Compliance Pivot Table'!$A$3,"Trainer Name","Scott McDonald")/GETPIVOTDATA("Sum of Number of Agent Transition to Nesting",'Compliance Pivot Table'!$A$3,"Trainer Name","Scott McDonald") -> 0.72413793 | F26: =GETPIVOTDATA("Average of Test Avg",'Pivot Tables'!$A$1,"Trainer 1","Scott McDonald") -> 0.82765257 | G26: =GETPIVOTDATA("Average of QA Avg",'Pivot Tables'!$A$1,"Trainer 1","Siya Nugent") -> 0.46779004 | H26: =GETPIVOTDATA("Average of Attrition Class",'Pivot Tables'!$A$1,"Trainer 1","Scott McDonald") -> 0.25786713 | I26: ='Observation Metrics'!G19 -> NEW LOB | L26: =Table_ForecastInput[[#This Row],[Knowledge Retention in Class]]*0.3 -> 0.24829577 | M26: =Table_ForecastInput[[#This Row],[Knowledge Retention Nesting]]*0.7 -> 0.32745303 | N26: =SUM(L26,M26) -> 0.5757488
B27: Siya Nugent | C27: ='[18]Dashboard YTD'!$K$2 -> 0.8015104 | D27: =GETPIVOTDATA("Sum of Sum of Responses",'Survey Raw Data'!$A$1,"Select the name of your primary trainer for this course.","Siya Nugent")/GETPIVOTDATA("Sum of Sum of User Score",'Survey Raw Data'!$A$1,"Select the name of your primary trainer for this course.","Siya Nugent") -> 0.88888889 | E27: =GETPIVOTDATA("Sum of Total",'Compliance Pivot Table'!$A$3,"Trainer Name","Siya Nugent")/GETPIVOTDATA("Sum of Number of Agent Transition to Nesting",'Compliance Pivot Table'!$A$3,"Trainer Name","Siya Nugent") -> 0.3 | F27: =GETPIVOTDATA("Average of Test Avg",'Pivot Tables'!$A$1,"Trainer 1","Siya Nugent") -> 0.87585762 | G27: =GETPIVOTDATA("Average of QA Avg",'Pivot Tables'!$A$1,"Trainer 1","Scott McDonald") -> 0.78231209 | H27: =GETPIVOTDATA("Average of Attrition less Terms",'Pivot Tables'!$A$1,"Trainer 1","Siya Nugent") -> 0.21928897 | I27: ='Observation Metrics'!G20 -> 0.80860215 | L27: =Table_ForecastInput[[#This Row],[Knowledge Retention in Class]]*0.3 -> 0.26275729 | M27: =Table_ForecastInput[[#This Row],[Knowledge Retention Nesting]]*0.7 -> 0.54761847 | N27: =SUM(L27,M27) -> 0.81037575
B28: Sneha Menda | C28: ='[19]Dashboard YTD'!$K$2 -> 0.86747788 | D28: =GETPIVOTDATA("Sum of Sum of Responses",'Survey Raw Data'!$A$1,"Select the name of your primary trainer for this course.","Sneha Menda")/GETPIVOTDATA("Sum of Sum of User Score",'Survey Raw Data'!$A$1,"Select the name of your primary trainer for this course.","Sneha Menda") -> 0.94202899 | E28: =GETPIVOTDATA("Sum of Total",'Compliance Pivot Table'!$A$3,"Trainer Name","Sneha Menda")/GETPIVOTDATA("Sum of Number of Agent Transition to Nesting",'Compliance Pivot Table'!$A$3,"Trainer Name","Sneha Menda") -> 1 | F28: =GETPIVOTDATA("Average of Test Avg",'Pivot Tables'!$A$1,"Trainer 1","Sneha Menda") -> 0.88942604 | G28: =GETPIVOTDATA("Average of QA Avg",'Pivot Tables'!$A$1,"Trainer 1","Sneha Menda") -> 0.70198954 | H28: =GETPIVOTDATA("Average of Attrition less Terms",'Pivot Tables'!$A$1,"Trainer 1","Sneha Menda") -> 0.16282051 | I28: ='Observation Metrics'!G21 -> LOA | L28: =Table_ForecastInput[[#This Row],[Knowledge Retention in Class]]*0.3 -> 0.26682781 | M28: =Table_ForecastInput[[#This Row],[Knowledge Retention Nesting]]*0.7 -> 0.49139268 | N28: =SUM(L28,M28) -> 0.75822049
B29: Stephany Chavez | C29: ='[20]Dashboard YTD'!$K$2 -> 0.99096249 | D29: =GETPIVOTDATA("Sum of Sum of Responses",'Survey Raw Data'!$A$1,"Select the name of your primary trainer for this course.","Stephany Chavez")/GETPIVOTDATA("Sum of Sum of User Score",'Survey Raw Data'!$A$1,"Select the name of your primary trainer for this course.","Stephany Chavez") -> 0.875 | E29: =GETPIVOTDATA("Sum of Total",'Compliance Pivot Table'!$A$3,"Trainer Name","Stephany Chavez")/GETPIVOTDATA("Sum of Number of Agent Transition to Nesting",'Compliance Pivot Table'!$A$3,"Trainer Name","Stephany Chavez") -> 0 | F29: =GETPIVOTDATA("Average of Test Avg",'Pivot Tables'!$A$1,"Trainer 1","Stephany Chavez") -> 0.87625 | G29: =GETPIVOTDATA("Average of QA Avg",'Pivot Tables'!$A$1,"Trainer 1","Stephany Chavez") -> 0.81518939 | H29: =GETPIVOTDATA("Average of Attrition less Terms",'Pivot Tables'!$A$1,"Trainer 1","Stephany Chavez") -> 0.10456731 | I29: ='Observation Metrics'!G22 -> #DIV/0! | L29: =Table_ForecastInput[[#This Row],[Knowledge Retention in Class]]*0.3 -> 0.262875 | M29: =Table_ForecastInput[[#This Row],[Knowledge Retention Nesting]]*0.7 -> 0.57063258 | N29: =SUM(L29,M29) -> 0.83350758
B30: Tom Tse | C30: ='[21]Dashboard YTD'!$K$2 -> 0.90588235 | D30: =GETPIVOTDATA("Sum of Sum of Responses",'Survey Raw Data'!$A$1,"Select the name of your primary trainer for this course.","Tom Tse")/GETPIVOTDATA("Sum of Sum of User Score",'Survey Raw Data'!$A$1,"Select the name of your primary trainer for this course.","Tom Tse") -> 1 | E30: =GETPIVOTDATA("Sum of Total",'Compliance Pivot Table'!$A$3,"Trainer Name","Tom Tse")/GETPIVOTDATA("Sum of Number of Agent Transition to Nesting",'Compliance Pivot Table'!$A$3,"Trainer Name","Tom Tse") -> 1 | F30: =GETPIVOTDATA("Average of Test Avg",'Pivot Tables'!$A$1,"Trainer 1","Tom Tse") -> 0.81995413 | G30: =GETPIVOTDATA("Average of QA Avg",'Pivot Tables'!$A$1,"Trainer 1","Tom Tse") -> 0.69426124 | H30: =GETPIVOTDATA("Average of Attrition less Terms",'Pivot Tables'!$A$1,"Trainer 1","Tom Tse") -> 0.16452991 | I30: ='Observation Metrics'!G23 -> NEW LOB | L30: =Table_ForecastInput[[#This Row],[Knowledge Retention in Class]]*0.3 -> 0.24598624 | M30: =Table_ForecastInput[[#This Row],[Knowledge Retention Nesting]]*0.7 -> 0.48598287 | N30: =SUM(L30,M30) -> 0.73196911
B31: Vera Hibaya | C31: ='[22]Dashboard YTD'!$K$2 -> 0 | D31: =GETPIVOTDATA("Sum of Sum of Responses",'Survey Raw Data'!$A$1,"Select the name of your primary trainer for this course.","Vera Hibaya")/GETPIVOTDATA("Sum of Sum of User Score",'Survey Raw Data'!$A$1,"Select the name of your primary trainer for this course.","Vera Hibaya") -> #REF! | E31: =GETPIVOTDATA("Sum of Total",'Compliance Pivot Table'!$A$3,"Trainer Name","Vera Hibaya")/GETPIVOTDATA("Sum of Number of Agent Transition to Nesting",'Compliance Pivot Table'!$A$3,"Trainer Name","Vera Hibaya") -> #REF! | F31: =GETPIVOTDATA("Average of Test Avg",'Pivot Tables'!$A$1,"Trainer 1","Vera Hibaya") -> #REF! | G31: =GETPIVOTDATA("Average of QA Avg",'Pivot Tables'!$A$1,"Trainer 1","Vera Hibaya") -> #REF! | H31: =GETPIVOTDATA("Average of Attrition less Terms",'Pivot Tables'!$A$1,"Trainer 1","Vera Hibaya") -> #REF! | I31: ='Observation Metrics'!G27 -> 0.70123457
B32: Vhea De Fiesta | C32: ='[23]Dashboard YTD'!$K$2 -> 0.72151899 | D32: =GETPIVOTDATA("Sum of Sum of Responses",'Survey Raw Data'!$A$1,"Select the name of your primary trainer for this course.","Vhea De Fiesta")/GETPIVOTDATA("Sum of Sum of User Score",'Survey Raw Data'!$A$1,"Select the name of your primary trainer for this course.","Vhea De Fiesta") -> #REF! | E32: =GETPIVOTDATA("Sum of Total",'Compliance Pivot Table'!$A$3,"Trainer Name","Vhea De Fiesta")/GETPIVOTDATA("Sum of Number of Agent Transition to Nesting",'Compliance Pivot Table'!$A$3,"Trainer Name","Vhea De Fiesta") -> #REF! | F32: =GETPIVOTDATA("Average of Test Avg",'Pivot Tables'!$A$1,"Trainer 1","Vhea De Fiesta") -> #REF! | G32: =GETPIVOTDATA("Average of QA Avg",'Pivot Tables'!$A$1,"Trainer 1","Vhea De Fiesta") -> #REF! | H32: =GETPIVOTDATA("Average of Attrition less Terms",'Pivot Tables'!$A$1,"Trainer 1","Vhea De Fiest") -> #REF! | I32: ='Observation Metrics'!G28 -> #DIV/0!
B33: Viena Lacena | C33: ='[24]Dashboard YTD'!$K$2 -> 0.96386555 | D33: =GETPIVOTDATA("Sum of Sum of Responses",'Survey Raw Data'!$A$1,"Select the name of your primary trainer for this course.","Viena Lacena")/GETPIVOTDATA("Sum of Sum of User Score",'Survey Raw Data'!$A$1,"Select the name of your primary trainer for this course.","Viena Lacena") -> 0.9 | E33: =GETPIVOTDATA("Sum of Total",'Compliance Pivot Table'!$A$3,"Trainer Name","Viena Lacena")/GETPIVOTDATA("Sum of Number of Agent Transition to Nesting",'Compliance Pivot Table'!$A$3,"Trainer Name","Viena Lacena") -> 1 | F33: =GETPIVOTDATA("Average of Test Avg",'Pivot Tables'!$A$1,"Trainer 1","Viena Lacena") -> 0.4469697 | G33: =GETPIVOTDATA("Average of QA Avg",'Pivot Tables'!$A$1,"Trainer 1","Viena Lacena") -> 0.78309893 | H33: =GETPIVOTDATA("Average of Attrition less Terms",'Pivot Tables'!$A$1,"Trainer 1","Viena Lacena") -> 0.13636364 | I33: ='Observation Metrics'!G26 -> 0.8172043 | L33: =Table_ForecastInput[[#This Row],[Knowledge Retention in Class]]*0.3 -> 0.13409091 | M33: =Table_ForecastInput[[#This Row],[Knowledge Retention Nesting]]*0.7 -> 0.54816925 | N33: =SUM(L33,M33) -> 0.68226016
B34: Ankit Vishnoi | C34: ='[25]Dashboard YTD'!$K$2 -> 0.9017567 | D34: =GETPIVOTDATA("Sum of Sum of Responses",'Survey Raw Data'!$A$1,"Select the name of your primary trainer for this course.","Ankit Vishnoi")/GETPIVOTDATA("Sum of Sum of User Score",'Survey Raw Data'!$A$1,"Select the name of your primary trainer for this course.","Ankit Vishnoi") -> 0.90740741 | E34: =GETPIVOTDATA("Sum of Total",'Compliance Pivot Table'!$A$3,"Trainer Name","Ankit Vishnoi")/GETPIVOTDATA("Sum of Number of Agent Transition to Nesting",'Compliance Pivot Table'!$A$3,"Trainer Name","Ankit Vishnoi") -> #REF! | F34: =GETPIVOTDATA("Average of Test Avg",'Pivot Tables'!$A$1,"Trainer 1","Ankit Vishnoi") -> 0.97057466 | G34: =GETPIVOTDATA("Average of QA Avg",'Pivot Tables'!$A$1,"Trainer 1","Ankit Vishnoi") -> 0.86337153 | H34: =GETPIVOTDATA("Average of Attrition less Terms",'Pivot Tables'!$A$1,"Trainer 1","Ankit Vishnoi") -> 0.5 | I34: ='Observation Metrics'!G27 -> 0.70123457
B35: Chantelle Thomas | C35: ='[26]Dashboard YTD'!$K$2 -> 0.76388889 | E35: =GETPIVOTDATA("Sum of Total",'Compliance Pivot Table'!$A$3,"Trainer Name","Chantelle Thomas")/GETPIVOTDATA("Sum of Number of Agent Transition to Nesting",'Compliance Pivot Table'!$A$3,"Trainer Name","Chantelle Thomas") -> #REF! | F35: =GETPIVOTDATA("Average of Test Avg",'Pivot Tables'!$A$1,"Trainer 1","Ankit Vishnoi") -> 0.97057466 | G35: =GETPIVOTDATA("Average of QA Avg",'Pivot Tables'!$A$1,"Trainer 1","Chantelle Thomas") -> #REF! | H35: =GETPIVOTDATA("Average of Attrition less Terms",'Pivot Tables'!$A$1,"Trainer 1","Chantelle Thomas") -> #REF! | I35: ='Observation Metrics'!G28 -> #DIV/0! | L35: =Table_ForecastInput[[#This Row],[Knowledge Retention in Class]]*0.3 -> 0.2911724 | N35: =SUM(L35,M35) -> 0.2911724
B36: Hira Umair | C36: ='[27]Dashboard YTD'!$K$2 -> 0.82905808 | D36: =GETPIVOTDATA("Sum of Sum of Responses",'Survey Raw Data'!$A$1,"Select the name of your primary trainer for this course.","Hira Umair")/GETPIVOTDATA("Sum of Sum of User Score",'Survey Raw Data'!$A$1,"Select the name of your primary trainer for this course.","Hira Umair") -> 0.95634921 | E36: =GETPIVOTDATA("Sum of Total",'Compliance Pivot Table'!$A$3,"Trainer Name","Hira Umair")/GETPIVOTDATA("Sum of Number of Agent Transition to Nesting",'Compliance Pivot Table'!$A$3,"Trainer Name","Hira Umair") -> 1 | F36: =GETPIVOTDATA("Average of Test Avg",'Pivot Tables'!$A$1,"Trainer 1","Hira Umair") -> 0.88304929 | G36: =GETPIVOTDATA("Average of QA Avg",'Pivot Tables'!$A$1,"Trainer 1","Hira Umair") -> 0.72890377 | H36: =GETPIVOTDATA("Average of Attrition less Terms",'Pivot Tables'!$A$1,"Trainer 1","Hira Umair") -> 0.17457542 | I36: ='Observation Metrics'!G29 -> #DIV/0!
B37: Mahalakshmi Ramasubramanian | C37: ='[28]Dashboard YTD'!$K$2 -> 0.90764728 | D37: =GETPIVOTDATA("Sum of Sum of Responses",'Survey Raw Data'!$A$1,"Select the name of your primary trainer for this course.","Mahalakshmi Ramasubramanian")/GETPIVOTDATA("Sum of Sum of User Score",'Survey Raw Data'!$A$1,"Select the name of your primary trainer for this course.","Mahalakshmi Ramasubramanian") -> 0.96031746 | E37: =GETPIVOTDATA("Sum of Total",'Compliance Pivot Table'!$A$3,"Trainer Name","Mahalakshmi Ramasubramanian")/GETPIVOTDATA("Sum of Number of Agent Transition to Nesting",'Compliance Pivot Table'!$A$3,"Trainer Name","Mahalakshmi Ramasubramanian") -> #REF! | F37: =GETPIVOTDATA("Average of Test Avg",'Pivot Tables'!$A$1,"Trainer 1","Mahalakshmi Ramasubramanian") -> 0.9543509 | G37: =GETPIVOTDATA("Average of QA Avg",'Pivot Tables'!$A$1,"Trainer 1","Mahalakshmi Ramasubramanian") -> 0.80365253 | H37: =GETPIVOTDATA("Average of Attrition less Terms",'Pivot Tables'!$A$1,"Trainer 1","Mahalakshmi Ramasubramanian") -> 0.5 | I37: ='Observation Metrics'!G30 -> #DIV/0!
B38: Rachel Daury | C38: NLE | D38: NLE | E38: NLE | F38: NLE | G38: NLE | H38: NLE | I38: ='Observation Metrics'!G31 -> NLE
B39: Debbie Anthony | C39: ='[29]Dashboard YTD'!$K$2 -> 0.918 | D39: =GETPIVOTDATA("Sum of Sum of Responses",'Survey Raw Data'!$A$1,"Select the name of your primary trainer for this course.","Debbie Anthony")/GETPIVOTDATA("Sum of Sum of User Score",'Survey Raw Data'!$A$1,"Select the name of your primary trainer for this course.","Debbie Anthony") -> 0.83333333 | E39: =GETPIVOTDATA("Sum of Total",'Compliance Pivot Table'!$A$3,"Trainer Name","Debbie Anthony")/GETPIVOTDATA("Sum of Number of Agent Transition to Nesting",'Compliance Pivot Table'!$A$3,"Trainer Name","Debbie Anthony") -> 1.1333333 | F39: =GETPIVOTDATA("Average of Test Avg",'Pivot Tables'!$A$1,"Trainer 1","Debbie Anthony") -> 0.95327698 | G39: =GETPIVOTDATA("Average of QA Avg",'Pivot Tables'!$A$1,"Trainer 1","Debbie Anthony") -> 0.79757722 | H39: =GETPIVOTDATA("Average of Attrition less Terms",'Pivot Tables'!$A$1,"Trainer 1","Debbie Anthony") -> 0.19444444 | I39: ='Observation Metrics'!G32 -> 0.70537634

Sheet Scores - Raw Data
A1: PR Number | B1: Class Type | C1: Trainer 1 | D1: Trainer 2 | E1: Test Avg | F1: QA Avg | G1: Attrition Class | H1: Attrition Nesting | I1: Attrition less Terms | J1: Grad Rate
A2: 20 | B2: Tier 1 | C2: Sneha Menda | E2: =[30]Performance!$AI$45 -> 0.87778176 | F2: ='[30]PCB Nesting QA'!$L$44 -> 0.5296875 | G2: ='[30]Class Summary'!$E$21 -> 0.11764706 | H2: ='[30]Class Summary'!$I$21 -> 0.2 | I2: ='[31]GradRates - Tier 1'!$S$138 -> 0.30769231
A3: 20 | B3: Tier 1 | C3: Jill Hirtle | E3: =[30]Performance!$AI$45 -> 0.87778176 | F3: ='[30]PCB Nesting QA'!$L$44 -> 0.5296875 | G3: ='[30]Class Summary'!$E$21 -> 0.11764706 | H3: ='[30]Class Summary'!$I$21 -> 0.2 | I3: ='[31]GradRates - Tier 1'!$S$138 -> 0.30769231
A4: 21 | B4: FSA | C4: Maida Musse | F4: ='[32]PCB Nesting QA'!$H24 -> 0.75333333 | G4: ='[32]Class Summary'!$E$21 -> 0 | H4: ='[32]Class Summary'!$I$21 -> 0 | I4: ='[31]GradRates - RSA'!$S$122 -> 0 | J4: ='[31]GradRates - RSA'!$L$25 -> 0.9375
A5: 21 | B5: FSA | C5: Anita Bliss-Dias | F5: ='[32]PCB Nesting QA'!$H24 -> 0.75333333 | G5: ='[32]Class Summary'!$E$21 -> 0 | H5: ='[32]Class Summary'!$I$21 -> 0 | I5: ='[31]GradRates - RSA'!$S$122 -> 0 | J5: ='[31]GradRates - RSA'!$L$25 -> 0.9375
A6: 22 | B6: Tier 1 | C6: John David Lim | E6: =[33]Performance!$AI$45 -> 0.83844769 | F6: ='[33]PCB Nesting QA'!$L$44 -> 0.50940972 | G6: ='[33]Class Summary'!$E$21 -> 0.375 | H6: ='[33]Class Summary'!$I$21 -> 0.2 | I6: ='[31]GradRates - Tier 1'!$S$139 -> 0.2
A7: 22 | B7: Tier 1 | C7: Jill Hirtle | E7: =[33]Performance!$AI$45 -> 0.83844769 | F7: ='[33]PCB Nesting QA'!$L$44 -> 0.50940972 | G7: ='[33]Class Summary'!$E$21 -> 0.375 | H7: ='[33]Class Summary'!$I$21 -> 0.2 | I7: ='[31]GradRates - Tier 1'!$S$139 -> 0.2
A8: 23 | B8: Tier 1 | C8: Hira Umair | E8: =[34]Performance!$AJ$21 -> 0.87275934 | F8: ='[34]PCB Nesting QA'!$L$20 -> 0.55972222 | G8: ='[34]Class Summary'!$E$21 -> 0.26666667 | H8: ='[34]Class Summary'!$I$21 -> 0.27272727 | I8: ='[31]GradRates - Tier 1'!$S$140 -> 0.18181818
A9: 24 | B9: Tier 1 | C9: Kristi Stead | E9: =[35]Performance!$AH$45 -> 0.82997652 | F9: ='[35]PCB Nesting QA'!$L$44 -> 0.55560897 | G9: ='[35]Class Summary'!$E$21 -> 0.17647059 | H9: ='[35]Class Summary'!$I$21 -> 0.28571429 | I9: ='[31]GradRates - Tier 1'!$S$142 -> 0.23529412
A10: 25 | B10: Tier 1 | C10: Rowena Lasala | E10: =[36]Performance!$AI$45 -> 0.87936071 | F10: ='[36]PCB Nesting QA'!$L$44 -> 0.775 | G10: ='[36]Class Summary'!$E$21 -> 0.25 | H10: ='[36]Class Summary'!$I$21 -> 0 | I10: ='[31]GradRates - Tier 1'!$S$144 -> 0.26666667
A11: 26 | B11: Tier 1 | C11: Gilisa Roberts | E11: =[37]Performance!$AI$45 -> 0.76853632 | F11: ='[37]PCB Nesting QA'!$L$44 -> 0.635 | G11: ='[37]Class Summary'!$E$21 -> 0.2 | H11: ='[37]Class Summary'!$I$21 -> 0 | I11: ='[31]GradRates - Tier 1'!$S$145 -> 0.25
A12: 26 | B12: Tier 1 | C12: Jordan Saulnier | E12: =[37]Performance!$AI$45 -> 0.76853632 | F12: ='[37]PCB Nesting QA'!$L$44 -> 0.635 | G12: ='[37]Class Summary'!$E$21 -> 0.2 | H12: ='[37]Class Summary'!$I$21 -> 0 | I12: ='[31]GradRates - Tier 1'!$S$145 -> 0.25
A13: 27 | B13: Tier 1 | C13: Nancy Price | E13: =[38]Performance!$AJ$35 -> 0.82438717 | F13: ='[38]PCB Nesting QA'!$L$34 -> 0.51654762 | G13: ='[38]Class Summary'!$E$21 -> 0.46666667 | H13: ='[38]Class Summary'!$I$21 -> 0.125 | I13: ='[31]GradRates - Tier 1'!$S$143 -> 0.25
A14: 27 | B14: Tier 1 | C14: Tom Tse | E14: =[38]Performance!$AJ$35 -> 0.82438717 | F14: ='[38]PCB Nesting QA'!$L$34 -> 0.51654762 | G14: ='[38]Class Summary'!$E$21 -> 0.46666667 | H14: ='[38]Class Summary'!$I$21 -> 0.125 | I14: ='[31]GradRates - Tier 1'!$S$143 -> 0.25
A15: 28 | B15: Tier 2 SLP | C15: Mahalakshmi Ramasubramanian | E15: =[39]Performance!$AI$45 -> 0.96857143 | F15: ='[39]PCB Nesting QA'!$L$44 -> 0.76446429 | G15: ='[39]Class Summary'!$E$21 -> 0 | H15: ='[39]Class Summary'!$I$21 -> 0 | I15: ='[31]GradRates - Tier 2'!$S$15 -> 0 | J15: ='[31]GradRates - Tier 2'!$M$15 -> 0.93333333
A16: 29 | B16: Tier 1 | C16: John David Lim | E16: =[40]Performance!$AI$45 -> 0.82474155 | F16: ='[40]PCB Nesting QA'!$L$44 -> 0.73791667 | G16: ='[40]Class Summary'!$E$21 -> 0 | H16: ='[40]Class Summary'!$I$21 -> 0.6 | I16: ='[31]GradRates - Tier 1'!$S$146 -> 0.23529412
A17: 29 | B17: Tier 1 | C17: Anita Bliss-Dias | E17: =[40]Performance!$AI$45 -> 0.82474155 | F17: ='[40]PCB Nesting QA'!$L$44 -> 0.73791667 | G17: ='[40]Class Summary'!$E$21 -> 0 | H17: ='[40]Class Summary'!$I$21 -> 0.6 | I17: ='[31]GradRates - Tier 1'!$S$146 -> 0.23529412
A18: 30 | B18: Tier 1 | C18: Bibi Alli | E18: =[41]Performance!$AI$45 -> 0.84286333 | F18: ='[41]PCB Nesting QA'!$L$44 -> 0.88375 | G18: ='[41]Class Summary'!$E$21 -> 0.5 | H18: ='[41]Class Summary'!$I$21 -> 0 | I18: ='[31]GradRates - Tier 1'!$S$147 -> 0.42857143
A19: 30 | B19: Tier 1 | C19: Scott McDonald | E19: =[41]Performance!$AI$45 -> 0.84286333 | F19: ='[41]PCB Nesting QA'!$L$44 -> 0.88375 | G19: ='[41]Class Summary'!$E$21 -> 0.5 | H19: ='[41]Class Summary'!$I$21 -> 0 | I19: ='[31]GradRates - Tier 1'!$S$147 -> 0.42857143
A20: 31 | B20: Tier 1 | C20: Sneha Menda | E20: =[42]Performance!$AH$45 -> 0.90324619 | F20: ='[42]PCB Nesting QA'!$L$44 -> 0.82381944 | G20: ='[42]Class Summary'!$E$21 -> 0.2 | H20: ='[42]Class Summary'!$I$21 -> 0.125 | I20: ='[31]GradRates - Tier 1'!$S$149 -> 0.076923077
A21: 31 | B21: Tier 1 | C21: Tom Tse | E21: =[42]Performance!$AH$45 -> 0.90324619 | F21: ='[42]PCB Nesting QA'!$L$44 -> 0.82381944 | G21: ='[42]Class Summary'!$E$21 -> 0.2 | H21: ='[42]Class Summary'!$I$21 -> 0.125 | I21: ='[31]GradRates - Tier 1'!$S$149 -> 0.076923077
A22: 32 | B22: Tier 1 | C22: Nancy Price | E22: =[43]Performance!$AI$45 -> 0.83741964 | F22: ='[43]PCB Nesting QA'!$L$44 -> 0.71550926 | G22: ='[43]Class Summary'!$E$21 -> 0.61538462 | H22: ='[43]Class Summary'!$I$21 -> 0.4 | I22: ='[31]GradRates - Tier 1'!$S$150 -> 0.071428571
A23: 32 | B23: Tier 1 | C23: Maria Skubiszewska | E23: =[43]Performance!$AI$45 -> 0.83741964 | F23: ='[43]PCB Nesting QA'!$L$44 -> 0.71550926 | G23: ='[43]Class Summary'!$E$21 -> 0.61538462 | H23: ='[43]Class Summary'!$I$21 -> 0.4 | I23: ='[31]GradRates - Tier 1'!$S$150 -> 0.071428571
A24: 33 | B24: Tier 2 SLP | C24: Ankit Vishnoi | E24: ='[44]Perform Tier 2'!$T$35 -> 0.96549411 | F24: ='[44]PCB Nesting QA'!$L$44 -> 0.75841667 | G24: ='[44]Class Summary'!$E$21 -> 0 | H24: ='[44]Class Summary'!$I$21 -> 0 | I24: ='[31]GradRates - Tier 2'!$S$16 -> 0 | J24: ='[31]GradRates - Tier 2'!$M$16 -> 1
A25: 34 | B25: Tier 1 | C25: Hira Umair | E25: =[45]Performance!$AI$45 -> 0.92079875 | F25: ='[45]PCB Nesting QA'!$L$44 -> 0.75026786 | G25: ='[45]Class Summary'!$E$21 -> 0.27272727 | H25: ='[45]Class Summary'!$I$21 -> 0.25 | I25: ='[31]GradRates - Tier 1'!$S$151 -> 0.28571429
A26: 34 | B26: Tier 1 | C26: Jill Hirtle | E26: =[45]Performance!$AI$45 -> 0.92079875 | F26: ='[45]PCB Nesting QA'!$L$44 -> 0.75026786 | G26: ='[45]Class Summary'!$E$21 -> 0.27272727 | H26: ='[45]Class Summary'!$I$21 -> 0.25 | I26: ='[31]GradRates - Tier 1'!$S$151 -> 0.28571429
A27: 35 | B27: Tier 1 | C27: Rowena Lasala | E27: =[46]Performance!$AH$45 -> 0.87546524 | F27: ='[46]PCB Nesting QA'!$L$44 -> 0.70857143 | G27: ='[46]Class Summary'!$E$21 -> 0.27777778 | H27: ='[46]Class Summary'!$I$21 -> 0 | I27: ='[31]GradRates - Tier 1'!$S$152 -> 0.2173913
A28: 35 | B28: Tier 1 | C28: Siya Nugent | E28: =[46]Performance!$AH$45 -> 0.87546524 | F28: ='[46]PCB Nesting QA'!$L$44 -> 0.70857143 | G28: ='[46]Class Summary'!$E$21 -> 0.27777778 | H28: ='[46]Class Summary'!$I$21 -> 0 | I28: ='[31]GradRates - Tier 1'!$S$152 -> 0.2173913
A29: 36 | B29: Tier 1 | C29: Jordan Saulnier | E29: =[47]Performance!$AH$45 -> 0.90997644 | F29: ='[47]PCB Nesting QA'!$L$44 -> 0.63458333 | G29: ='[47]Class Summary'!$E$21 -> 0.5 | H29: ='[47]Class Summary'!$I$21 -> 0 | I29: ='[31]GradRates - Tier 1'!$S$154 -> 0.125
A30: 36 | B30: Tier 1 | C30: Gilisa Roberts | E30: =[47]Performance!$AH$45 -> 0.90997644 | F30: ='[47]PCB Nesting QA'!$L$44 -> 0.63458333 | G30: ='[47]Class Summary'!$E$21 -> 0.5 | H30: ='[47]Class Summary'!$I$21 -> 0 | I30: ='[31]GradRates - Tier 1'!$S$154 -> 0.125
A31: 37 | B31: Tier 1 | C31: Nancy Price | E31: =[48]Performance!$AH$45 -> 0.8595852 | F31: ='[48]PCB Nesting QA'!$L$44 -> 0.53839744 | G31: ='[46]Class Summary'!$E$21 -> 0.27777778 | H31: ='[48]Class Summary'!$I$21 -> 0 | I31: ='[31]GradRates - Tier 1'!$S$155 -> 0
A32: 38 | B32: DSA | C32: Maida Musse | F32: ='[49]PCB Nesting QA'!$L$44 -> 0.61633333 | G32: ='[49]Class Summary'!$E$21 -> 0 | H32: ='[49]Class Summary'!$I$21 -> 0 | I32: =G32+H32 -> 0
A33: 38 | B33: DSA | C33: Anita Bliss-Dias | F33: ='[49]PCB Nesting QA'!$L$44 -> 0.61633333 | G33: ='[49]Class Summary'!$E$21 -> 0 | H33: ='[49]Class Summary'!$I$21 -> 0 | I33: =G33+H33 -> 0
A34: 39 | B34: Tier 1 | C34: Scott McDonald | E34: =[50]Performance!$AH$45 -> 0.73222903 | F34: ='[50]PCB Nesting QA'!$L$44 -> 0.74241667 | G34: ='[50]Class Summary'!$E$21 -> 0.076923077 | H34: ='[50]Class Summary'!$I$21 -> 0 | I34: ='[31]GradRates - Tier 1'!$S$156 -> 0.16666667
A35: 39 | B35: Tier 1 | C35: Tom Tse | E35: =[50]Performance!$AH$45 -> 0.73222903 | F35: ='[50]PCB Nesting QA'!$L$44 -> 0.74241667 | G35: ='[50]Class Summary'!$E$21 -> 0.076923077 | H35: ='[50]Class Summary'!$I$21 -> 0 | I35: ='[31]GradRates - Tier 1'!$S$156 -> 0.16666667
A36: 40 | B36: Tier 1 | C36: Sneha Menda | E36: =[51]Performance!$AH$45 -> 0.90267619 | F36: ='[51]PCB Nesting QA'!$L$44 -> 0.64242424 | G36: ='[51]Class Summary'!$E$21 -> 0.25 | H36: ='[51]Class Summary'!$I$21 -> 0.25 | I36: ='[31]GradRates - Tier 1'!$S$161 -> 0.26666667
A37: 41 | B37: Tier 1 | C37: Hira Umair | E37: =[52]Performance!$AH$21 -> 0.91580778 | F37: ='[52]PCB Nesting QA'!$L$20 -> 0.8078125 | G37: ='[52]Class Summary'!$E$21 -> 0.2 | H37: ='[52]Class Summary'!$I$21 -> 0.25 | I37: ='[31]GradRates - Tier 1'!$S$162 -> 0
A38: 41 | B38: Tier 1 | C38: Mahalakshmi Ramasubramanian | E38: =[52]Performance!$AH$21 -> 0.91580778 | F38: ='[52]PCB Nesting QA'!$L$20 -> 0.8078125 | G38: ='[52]Class Summary'!$E$21 -> 0.2 | H38: ='[52]Class Summary'!$I$21 -> 0.25 | I38: ='[31]GradRates - Tier 1'!$S$162 -> 0
A39: 42 | B39: Tier 1 | C39: John David Lim | E39: =[53]Performance!$AH$45 -> 0.89147083 | F39: ='[53]PCB Nesting QA'!$L$44 -> 0.7075 | G39: ='[53]Class Summary'!$E$21 -> 0.22222222 | H39: ='[53]Class Summary'!$I$21 -> 0.14285714 | I39: ='[31]GradRates - Tier 1'!$S$163 -> 0.13333333
A40: 42 | B40: Tier 1 | C40: Jordan Saulnier | E40: =[53]Performance!$AH$45 -> 0.89147083 | F40: ='[53]PCB Nesting QA'!$L$44 -> 0.7075 | G40: ='[53]Class Summary'!$E$21 -> 0.22222222 | H40: ='[53]Class Summary'!$I$21 -> 0.14285714 | I40: ='[31]GradRates - Tier 1'!$S$163 -> 0.13333333
A41: 43 | B41: Tier 1 | C41: Rowena Lasala | E41: =[54]Performance!$AH$45 -> 0.89979722 | F41: ='[54]PCB Nesting QA'!$L$44 -> 0.7490625 | G41: ='[54]Class Summary'!$E$21 -> 0.11111111 | H41: ='[54]Class Summary'!$I$21 -> 0 | I41: ='[31]GradRates - Tier 1'!$S$164 -> 0.076923077
A42: 44 | B42: Tier 2 SLP | C42: Ankit Vishnoi | E42: ='[55]Perform Tier 2'!$T$35 -> 0.96921042 | F42: ='[55]PCB Nesting QA'!$L$44 -> 0.96 | G42: ='[55]Class Summary'!$E$22 -> 0 | H42: ='[55]Class Summary'!$I$21 -> 0 | I42: ='[31]GradRates - Tier 2'!$M$17 -> 1 | J42: ='[31]GradRates - Tier 2'!I17 -> 6
A43: 45 | B43: Tier 1 | C43: Hira Umair | E43: =[56]Performance!$AH$22 -> 0.8228313 | F43: ='[56]PCB Nesting QA'!$L$21 -> 0.7978125 | G43: ='[56]Class Summary'!$E$21 -> 0.35714286 | H43: ='[56]Class Summary'!$I$21 -> 0.11111111 | I43: ='[31]GradRates - Tier 1'!$S$166 -> 0.23076923
A44: 45 | B44: Tier 1 | C44: Jill Hirtle | E44: =[56]Performance!$AH$22 -> 0.8228313 | F44: ='[56]PCB Nesting QA'!$L$21 -> 0.7978125 | G44: ='[56]Class Summary'!$E$21 -> 0.35714286 | H44: ='[56]Class Summary'!$I$21 -> 0.11111111 | I44: ='[31]GradRates - Tier 1'!$S$166 -> 0.23076923
A45: 46 | B45: FSA | C45: Maida Musse | F45: ='[57]PCB Nesting QA'!$L$44 -> 0.7252381 | G45: ='[57]Class Summary'!$E$21 -> 0 | H45: ='[57]Class Summary'!$I$21 -> 0 | I45: =G45+H45 -> 0
A46: 46 | B46: FSA | C46: Anita Bliss-Dias | F46: ='[57]PCB Nesting QA'!$L$44 -> 0.7252381 | G46: ='[57]Class Summary'!$E$21 -> 0 | H46: ='[57]Class Summary'!$I$21 -> 0 | I46: =G46+H46 -> 0
A47: 47 | B47: Tier 1 | C47: Scott McDonald | E47: =[58]Performance!$AH$45 -> 0.81373958 | F47: ='[58]PCB Nesting QA'!$L$44 -> 0.70954545 | G47: ='[58]Class Summary'!$E$21 -> 0.090909091 | H47: ='[58]Class Summary'!$I$21 -> 0.2 | I47: ='[31]GradRates - Tier 1'!$S$168 -> 0.083333333
A48: 47 | B48: Tier 1 | C48: Catherine Saigo | E48: =[58]Performance!$AH$45 -> 0.81373958 | F48: ='[58]PCB Nesting QA'!$L$44 -> 0.70954545 | G48: ='[58]Class Summary'!$E$21 -> 0.090909091 | H48: ='[58]Class Summary'!$I$21 -> 0.2 | I48: ='[31]GradRates - Tier 1'!$S$168 -> 0.083333333
A49: 48 | B49: Tier 1 | C49: Gilisa Roberts | E49: =[59]Performance!$AF$45 -> 0.874 | F49: ='[59]PCB Nesting QA'!$S$24 -> 0.81202698 | G49: ='[31]GradRates - Tier 1'!$S$169 -> 0 | H49: ='[59]Class Summary'!$I$21 -> 0 | I49: ='[31]GradRates - Tier 1'!$S$169 -> 0
A50: 48 | B50: Tier 1 | C50: Sneha Menda | E50: =[59]Performance!$AF$45 -> 0.874 | F50: ='[59]PCB Nesting QA'!$S$24 -> 0.81202698 | G50: ='[31]GradRates - Tier 1'!$S$169 -> 0 | H50: ='[59]Class Summary'!$I$21 -> 0 | I50: ='[31]GradRates - Tier 1'!$S$169 -> 0
A51: 49 | B51: Tier 2 SLP | C51: Mahalakshmi Ramasubramanian | E51: ='[60]Perform Tier 2'!$T$35 -> 0.97210668 | F51: ='[60]PCB Nesting QA'!$L$44 -> 0.834 | G51: ='[60]Class Summary'!$E$22 -> 0 | H51: ='[60]Class Summary'!$I$21 -> 0 | I51: ='[31]GradRates - Tier 2'!$M$18 -> 1 | J51: ='[31]GradRates - Tier 2'!I18 -> 10
A52: 50 | B52: Tier 1 | C52: Rowena Lasala | E52: =[61]Performance!$AF$45 -> 0.88393939 | F52: ='[61]PCB Nesting QA'!$S$17 -> 0.83666667 | G52: ='[61]Class Summary'!$E$21 -> 0.18181818 | H52: ='[61]Class Summary'!$I$21 -> 0.44444444 | I52: ='[31]GradRates - Tier 1'!$S$171 -> 0.45454545
A53: 50 | B53: Tier 1 | C53: Jordan Saulnier | E53: =[61]Performance!$AF$45 -> 0.88393939 | F53: ='[61]PCB Nesting QA'!$S$17 -> 0.83666667 | G53: ='[61]Class Summary'!$E$21 -> 0.18181818 | H53: ='[61]Class Summary'!$I$21 -> 0.44444444 | I53: ='[31]GradRates - Tier 1'!$S$171 -> 0.45454545
A54: 51 | B54: Tier 1 | C54: Ruschel Bartolome | E54: =[62]Performance!$AF$45 -> 0.89393939 | F54: ='[62]PCB Nesting QA'!$S$24 -> 0.76842008 | G54: ='[62]Class Summary'!$E$21 -> 0.25 | H54: ='[62]Class Summary'!$I$21 -> 0 | I54: ='[31]GradRates - Tier 1'!$S$172 -> 0.090909091
A55: 51 | B55: Tier 1 | C55: John David Lim | E55: =[62]Performance!$AF$45 -> 0.89393939 | F55: ='[62]PCB Nesting QA'!$S$24 -> 0.76842008 | G55: ='[62]Class Summary'!$E$21 -> 0.25 | H55: ='[62]Class Summary'!$I$21 -> 0 | I55: ='[31]GradRates - Tier 1'!$S$172 -> 0.090909091
A56: 51 | B56: Tier 1 | C56: Viena Lacena | E56: =[62]Performance!$AF$45 -> 0.89393939 | F56: ='[62]PCB Nesting QA'!$S$24 -> 0.76842008 | G56: ='[62]Class Summary'!$E$21 -> 0.25 | H56: ='[62]Class Summary'!$I$21 -> 0 | I56: ='[31]GradRates - Tier 1'!$S$172 -> 0.090909091
A57: 52 | B57: Tier 2 SLP | C57: Ankit Vishnoi | E57: ='[63]Perform Tier 2'!$T$35 -> 0.95967744 | F57: ='[63]PCB Nesting QA'!$L$44 -> 0.82006944 | G57: ='[63]Class Summary'!$E$22 -> 0 | H57: ='[63]Class Summary'!$I$21 -> 0 | I57: ='[31]GradRates - Tier 2'!$M$17 -> 1 | J57: ='[31]GradRates - Tier 2'!I25 -> 0
A58: 53 | B58: Tier 1 | C58: Scott McDonald | E58: =[64]Performance!$AF$45 -> 0.92177833 | F58: ='[64]PCB Nesting QA'!$S$24 -> 0.79353626 | G58: ='[64]Class Summary'!$E$21 -> 0.36363636 | H58: ='[64]Class Summary'!$I$21 -> 0 | I58: ='[31]GradRates - Tier 1'!$S$174 -> 0.16666667
A59: 53 | B59: Tier 1 | C59: Jill Hirtle | E59: =[64]Performance!$AF$45 -> 0.92177833 | F59: ='[64]PCB Nesting QA'!$S$24 -> 0.79353626 | G59: ='[64]Class Summary'!$E$21 -> 0.36363636 | H59: ='[64]Class Summary'!$I$21 -> 0 | I59: ='[31]GradRates - Tier 1'!$S$174 -> 0.16666667
A60: 53 | B60: Tier 1 | C60: Nancy Price | E60: =[64]Performance!$AF$45 -> 0.92177833 | F60: ='[64]PCB Nesting QA'!$S$24 -> 0.79353626 | G60: ='[64]Class Summary'!$E$21 -> 0.36363636 | H60: ='[64]Class Summary'!$I$21 -> 0 | I60: ='[31]GradRates - Tier 1'!$S$174 -> 0.16666667
A61: 54 | B61: Tier 1 | C61: Jordan Saulnier | E61: =[65]Performance!$AH$45 -> 0.94041667 | F61: ='[65]PCB Nesting QA'!$S$24 -> 0.78400595 | G61: ='[65]Class Summary'!$E$21 -> 0.16666667 | H61: ='[65]Class Summary'!$I$21 -> 0.1 | I61: ='[31]GradRates - Tier 1'!$S$175 -> 0.1
A62: 54 | B62: Tier 1 | C62: Maria Skubiszewska | E62: =[65]Performance!$AH$45 -> 0.94041667 | F62: ='[65]PCB Nesting QA'!$S$24 -> 0.78400595 | G62: ='[65]Class Summary'!$E$21 -> 0.16666667 | H62: ='[65]Class Summary'!$I$21 -> 0.1 | I62: ='[31]GradRates - Tier 1'!$S$175 -> 0.1
A63: 55 | B63: Tier 2 SLP | C63: Mahalakshmi Ramasubramanian | E63: ='[66]Perform Tier 2'!$T$35 -> 0.96091771 | F63: ='[66]PCB Nesting QA'!$L$44 -> 0.80833333 | G63: ='[66]Class Summary'!$E$22 -> 0 | H63: ='[66]Class Summary'!$I$21 -> 0 | I63: ='[31]GradRates - Tier 2'!$M$17 -> 1 | J63: ='[31]GradRates - Tier 2'!I28 -> 0
A64: 56 | B64: Tier 1 | C64: Ruschel Bartolome | E64: =[67]Performance!$AH$45 -> 0.95911111 | F64: ='[67]PCB Nesting QA'!$D$24 -> 0.91272727 | G64: ='[67]Class Summary'!$E$21 -> 0.18181818 | H64: ='[67]Class Summary'!$I$21 -> 0.55555556 | I64: ='[31]GradRates - Tier 1'!$S$176 -> 0.16666667
A65: 56 | B65: Tier 1 | C65: Maida Musse | E65: =[67]Performance!$AH$45 -> 0.95911111 | F65: ='[67]PCB Nesting QA'!$D$24 -> 0.91272727 | G65: ='[67]Class Summary'!$E$21 -> 0.18181818 | H65: ='[67]Class Summary'!$I$21 -> 0.55555556 | I65: ='[31]GradRates - Tier 1'!$S$176 -> 0.16666667
A66: 56 | B66: Tier 1 | C66: John David Lim | E66: =[67]Performance!$AH$45 -> 0.95911111 | F66: ='[67]PCB Nesting QA'!$D$24 -> 0.91272727 | G66: ='[67]Class Summary'!$E$21 -> 0.18181818 | H66: ='[67]Class Summary'!$I$21 -> 0.55555556 | I66: ='[31]GradRates - Tier 1'!$S$176 -> 0.16666667
A67: 57 | B67: DSA | C67: Anita Bliss-Dias | F67: ='[68]PCB Nesting QA'!$H$24 -> 0.7545 | G67: ='[68]Class Summary'!$E$21 -> 0 | H67: ='[68]Class Summary'!$I$21 -> 0 | I67: =G67+H67 -> 0
A68: 1 | B68: HTC | C68: Debbie Anthony | E68: =[69]Performance!$AF$36 -> 0.9431 | F68: ='[69]Nesting QA'!$M$33 -> 0.60153333 | G68: ='[69]Class Summary'!$F$19 -> 0 | H68: ='[69]Class Summary'!$J$19 -> 0.66666667 | I68: =G68+H68 -> 0.66666667
A69: 2 | B69: HTC | C69: Debbie Anthony | E69: =[70]Performance!$AF$36 -> 0.96414286 | F69: ='[70]Nesting QA'!$M$33 -> 0.87355 | G69: ='[70]Class Summary'!$F$19 -> 0.5 | H69: ='[70]Class Summary'!$J$19 -> 0 | I69: =G69+H69 -> 0.5
A70: 3 | B70: HTC | C70: Debbie Anthony | E70: =[71]Performance!$AF$36 -> 0.95036429 | F70: ='[71]Nesting QA'!$M$33 -> 0.8046 | G70: ='[71]Class Summary'!$F$19 -> 0 | H70: ='[71]Class Summary'!$J$19 -> 0 | I70: =G70+H70 -> 0
A71: 4 | B71: HTC | C71: Debbie Anthony | E71: =[72]Performance!$AF$36 -> 0.94839048 | F71: ='[72]Nesting QA'!$M$33 -> 0.789275 | G71: ='[72]Class Summary'!$F$19 -> 0 | H71: ='[72]Class Summary'!$J$19 -> 0 | I71: =G71+H71 -> 0
A72: 5 | B72: HTC | C72: Debbie Anthony | E72: =[73]Performance!$AF$36 -> 0.95195 | F72: ='[73]Nesting QA'!$M$33 -> 0.7931 | G72: ='[73]Class Summary'!$F$19 -> 0 | H72: ='[73]Class Summary'!$J$19 -> 0 | I72: =G72+H72 -> 0
A73: 1 | B73: Laurentian | C73: Stephany Chavez | E73: =[74]Performance!$AD$36 -> 0.87625 | G73: ='[74]Class Summary'!F19 -> 0 | H73: ='[74]Class Summary'!J19 -> 0.076923077 | I73: ='[74]Class Summary'!J19 -> 0.076923077
A74: 1 | B74: Laurentian | C74: Siya Nugent | E74: =[74]Performance!$AD$36 -> 0.87625 | F74: ='[74]Nesting QA'!M36 -> #VALUE! | G74: ='[74]Class Summary'!F19 -> 0 | H74: ='[74]Class Summary'!J19 -> 0.076923077 | I74: ='[74]Class Summary'!J19 -> 0.076923077
A75: 2 | B75: Laurentian | C75: Siya Nugent | F75: ='[75]Nesting QA'!M36 -> #VALUE! | G75: ='[75]Class Summary'!F19 -> 0.29411765 | H75: ='[75]Class Summary'!J19 -> 0.16666667 | I75: =H75+G75 -> 0.46078431
A76: 3 | B76: Laurentian | C76: Siya Nugent | F76: ='[76]Nesting QA'!M33 -> 0.8145 | G76: ='[76]Class Summary'!F19 -> 0.1875 | H76: ='[76]Class Summary'!J19 -> 0 | I76: =H76+G76 -> 0.1875
A77: 3 | B77: Laurentian | C77: Stephany Chavez | F77: ='[76]Nesting QA'!M33 -> 0.8145 | G77: ='[76]Class Summary'!F19 -> 0.1875 | H77: ='[76]Class Summary'!I19 -> 0 | I77: =H77+G77 -> 0.1875
A78: 4 | B78: Laurentian | C78: Siya Nugent | F78: ='[77]Nesting QA'!M33 -> 0.79771429 | G78: ='[77]Class Summary'!F19 -> 0.15384615 | H78: ='[77]Class Summary'!I19 -> 0 | I78: =H78+G78 -> 0.15384615
A79: 4 | B79: Laurentian | C79: Stephany Chavez | F79: ='[77]Nesting QA'!M33 -> 0.79771429 | G79: ='[77]Class Summary'!F19 -> 0.15384615 | H79: ='[77]Class Summary'!I19 -> 0 | I79: =H79+G79 -> 0.15384615
A80: 1 | B80: Tier 2 SLP | C80: Ankit Vishnoi | E80: ='[78]Perform Tier 2'!$T$35 -> 0.98791667 | F80: ='[78]PCB Nesting QA'!$L$44 -> 0.915 | G80: ='[78]Class Summary'!$E$22 -> 0 | H80: ='[78]Class Summary'!$I$21 -> 0 | I80: =G80+H80 -> 0 | J80: ='[31]GradRates - Tier 2'!M22 -> 1
A81: 2 | B81: FSA | C81: Maida Musse | F81: ='[79]PCB Nesting QA'!$H$24 -> 0.77678571 | G81: ='[79]Class Summary'!$E$21 -> 0.071428571 | H81: ='[79]Class Summary'!$I$21 -> 0 | I81: =G81+H81 -> 0.071428571
A82: 3 | B82: Tier 1 | C82: Rowena Lasala | E82: =[80]Performance!$AH$45 -> 0.89809524 | F82: ='[80]PCB Nesting QA'!$D$24 -> 0.86166667 | G82: ='[80]Class Summary'!$E$21 -> 0.33333333 | H82: ='[80]Class Summary'!$I$21 -> 0 | I82: ='[31]GradRates - Tier 1'!$S$180 -> 0
A83: 3 | B83: Tier 1 | C83: Maria Skubiszewska | E83: =[80]Performance!$AH$45 -> 0.89809524 | F83: ='[80]PCB Nesting QA'!$D$24 -> 0.86166667 | G83: ='[80]Class Summary'!$E$21 -> 0.33333333 | H83: ='[80]Class Summary'!$I$21 -> 0 | I83: ='[31]GradRates - Tier 1'!$S$180 -> 0
A84: 4 | B84: Tier 1 | C84: Jordan Saulnier | E84: =[81]Performance!$AH$45 -> 0.79814815 | F84: ='[81]PCB Nesting QA'!$D$24 -> 0.55142857 | G84: ='[81]Class Summary'!$E$21 -> 0.125 | H84: ='[81]Class Summary'!$I$21 -> 0.14285714 | I84: ='[31]GradRates - Tier 1'!$S$181 -> 0.125
A85: 4 | B85: Tier 1 | C85: Nancy Price | E85: =[81]Performance!$AH$45 -> 0.79814815 | F85: ='[81]PCB Nesting QA'!$D$24 -> 0.55142857 | G85: ='[81]Class Summary'!$E$21 -> 0.125 | H85: ='[81]Class Summary'!$I$21 -> 0.14285714 | I85: ='[31]GradRates - Tier 1'!$S$181 -> 0.125
A86: 5 | B86: Tier 1 | C86: John David Lim | E86: =[82]Performance!$AH$45 -> 0.95897436 | F86: ='[82]PCB Nesting QA'!$D$24 -> 0.78 | G86: ='[82]Class Summary'!$E$21 -> 0 | H86: ='[82]Class Summary'!$I$21 -> 0 | I86: ='[31]GradRates - Tier 1'!$S$182 -> 0
A87: 5 | B87: Tier 1 | C87: Pavasiya Nugent | E87: =[82]Performance!$AH$45 -> 0.95897436 | F87: ='[82]PCB Nesting QA'!$D$24 -> 0.78 | G87: ='[82]Class Summary'!$E$21 -> 0 | H87: ='[82]Class Summary'!$I$21 -> 0 | I87: ='[31]GradRates - Tier 1'!$S$182 -> 0
A88: 6 | B88: Tier 1 | C88: Kristi Stead | E88: =[83]Performance!$AH$45 -> 0.915625 | F88: ='[83]PCB Nesting QA'!$S$24 -> 0.85200298 | G88: ='[83]Class Summary'!$E$21 -> 0 | H88: ='[83]Class Summary'!$I$21 -> 0 | I88: ='[31]GradRates - Tier 1'!$S$183 -> 0.14285714
A89: 6 | B89: Tier 1 | C89: Catherine Saigo | E89: =[83]Performance!$AH$45 -> 0.915625 | F89: ='[83]PCB Nesting QA'!$S$24 -> 0.85200298 | G89: ='[83]Class Summary'!$E$21 -> 0 | H89: ='[83]Class Summary'!$I$21 -> 0 | I89: ='[31]GradRates - Tier 1'!$S$183 -> 0.14285714
A90: 7 | B90: FSA | C90: Anita Bliss-Dias | F90: ='[84]PCB Nesting QA'!$H$24 -> 0.82666667 | G90: ='[84]Class Summary'!$E$21 -> 0 | H90: ='[84]Class Summary'!$I$21 -> 0.16666667 | I90: =G90+H90 -> 0.16666667
A91: 8 | B91: Tier 1 | C91: Gilisa Roberts | E91: =[85]Performance!$AH$45 -> 0 | F91: ='[85]PCB Nesting QA'!$D$24 -> 0.79777778 | G91: ='[85]Class Summary'!$E$21 -> 0 | H91: ='[85]Class Summary'!$I$21 -> 0 | I91: ='[31]GradRates - Tier 1'!$S$185 -> 0.18181818
A92: 8 | B92: Tier 1 | C92: Viena Lacena | F92: ='[85]PCB Nesting QA'!$D$24 -> 0.79777778 | G92: ='[85]Class Summary'!$E$21 -> 0 | H92: ='[85]Class Summary'!$I$21 -> 0 | I92: ='[31]GradRates - Tier 1'!$S$185 -> 0.18181818
A93: 5 | B93: Laurentian | C93: Stephany Chavez | G93: ='[86]Class Summary'!F28 -> #VALUE! | H93: ='[86]Class Summary'!I28 -> #VALUE! | I93: =H93+G93 -> #VALUE!
A94: 1 | B94: HTC | C94: Debbie Anthony | E94: =[87]Performance!$AF$36 -> 0.96171429 | F94: ='[87]Nesting QA'!$M$33 -> 0.923405 | G94: ='[87]Class Summary'!$F$19 -> 0 | H94: ='[87]Class Summary'!$J$19 -> 0 | I94: =G94+H94 -> 0

Sheet Survey Raw Data
A1: Select the name of your primary trainer for this course. | B1: Sum of Sum of User Score | C1: Sum of Sum of Responses | D1: Average | F1: Attempt Date | G1: Sum of User Score | H1: Sum of Responses | I1: name | J1: Select your location from the drop-down menu. | K1: What is your training start date? | L1: Select the name of your primary trainer for this course. | M1: If there was a secondary trainer assisting your class, then please select their name or select None. | N1: What is your department? | O1: It was easy for me to get actively involved during this program. | P1: I was comfortable with the pace of this program. | Q1: I had many opportunities to get answers to my questions. | R1: I had opportunities to practice the skills I was asked to learn. | S1: My learning was enhanced by the knowledge of the facilitator. | T1: My learning was enhanced by the experiences shared by the facilitator. | U1: What are three things the facilitator did well that encouraged you? | V1: What are three things that the facilitator could do differently next time?
A2: Anita Bliss-Dias | B2: 114 | C2: 104 | D2: =GETPIVOTDATA("Sum of Sum of Responses",$A$1,"Select the name of your primary trainer for this course.","Anita Bliss-Dias")/GETPIVOTDATA("Sum of Sum of User Score",$A$1,"Select the name of your primary trainer for this course.","Anita Bliss-Dias") -> 0.9122807 | F2: Nov 16, 2023 15:39:56 | G2: 6 | H2: =COUNTIF(O2:T2,">3") -> 6 | I2: Guest | J2: Manila, PHL | K2: 2023-11-16 | L2: Mahalakshmi Ramasubramanian | M2: Ankit Vishnoi | N2: Tier 2 | O2: 5 | P2: 5 | Q2: 5 | R2: 5 | S2: 5 | T2: 5 | V2: None. She is perfectly excellent.
A3: Ankit Vishnoi | B3: 108 | C3: 98 | D3: =GETPIVOTDATA("Sum of Sum of Responses",$A$1,"Select the name of your primary trainer for this course.","Ankit Vishnoi")/GETPIVOTDATA("Sum of Sum of User Score",$A$1,"Select the name of your primary trainer for this course.","Ankit Vishnoi") -> 0.90740741 | F3: Nov 16, 2023 13:36:51 | G3: 6 | H3: =COUNTIF(O3:T3,">3") -> 6 | I3: Guest | J3: Ottawa | K3: 2023-09-20 | L3: Mahalakshmi Ramasubramanian | M3: Ankit Vishnoi | N3: Tier 2 | O3: 5 | P3: 5 | Q3: 5 | R3: 5 | S3: 5 | T3: 5 | U3: she was available to help , active listening, patient with us | V3: nothing to add every thing was perfect for the training.
A4: Bibi Alli | B4: 42 | C4: 42 | D4: =GETPIVOTDATA("Sum of Sum of Responses",$A$1,"Select the name of your primary trainer for this course.","Bibi Alli")/GETPIVOTDATA("Sum of Sum of User Score",$A$1,"Select the name of your primary trainer for this course.","Bibi Alli") -> 1 | F4: Nov 16, 2023 13:20:35 | G4: 6 | H4: =COUNTIF(O4:T4,">3") -> 6 | I4: Guest | J4: Edmundson, NB | K4: 2023-10-12 | L4: Ankit Vishnoi | M4: Ankit Vishnoi | N4: Tier 2 | O4: 5 | P4: 4 | Q4: 5 | R4: 5 | S4: 5 | T4: 5 | U4: Ankit made sure he was always available for our questions, always willing and ready to explain until everyone understood, also when answering our queries he made sure to explain with detail so that we go back to the cardholder and explain in clear terms | V4: Everything Ankit did was Great, the only thing that i was bummed about it that not everyone was willing to participate and speak on voice, that makes the training so much more interesting
A5: Dave Lim | B5: 198 | C5: 188 | D5: =GETPIVOTDATA("Sum of Sum of Responses",$A$1,"Select the name of your primary trainer for this course.","Dave Lim")/GETPIVOTDATA("Sum of Sum of User Score",$A$1,"Select the name of your primary trainer for this course.","Dave Lim") -> 0.94949495 | F5: Nov 16, 2023 11:49:51 | G5: 6 | H5: =COUNTIF(O5:T5,">3") -> 6 | I5: Guest | J5: Manila, PHL | K5: 2023-10-11 | L5: Ankit Vishnoi | M5: Ankit Vishnoi | N5: Tier 2 | O5: 4 | P5: 4 | Q5: 4 | R5: 4 | S5: 4 | T5: 4 | U5: Always ask probing questions, always check SOP and always thank the Card holder | V5: N/A
A6: Debbie Anthony | B6: 72 | C6: 60 | D6: =GETPIVOTDATA("Sum of Sum of Responses",$A$1,"Select the name of your primary trainer for this course.","Debbie Anthony")/GETPIVOTDATA("Sum of Sum of User Score",$A$1,"Select the name of your primary trainer for this course.","Debbie Anthony") -> 0.83333333 | F6: Nov 16, 2023 10:38:56 | G6: 6 | H6: =COUNTIF(O6:T6,">3") -> 6 | I6: Guest | J6: Manila, PHL | K6: 2023-10-11 | L6: Ankit Vishnoi | M6: Ankit Vishnoi | N6: Tier 2 | O6: 4 | P6: 4 | Q6: 5 | R6: 5 | S6: 5 | T6: 5 | U6: Ankit always do a recap each day regarding the first time calls we encountered. When one of us asked for his help, he make sure that all of us will be able to know that new knowledge as well, so that if where going to encounter it we already have a prior knowledge about that concern. He always takes time to asked us if we\'re able to get the self led module. | V6: N/A
A7: Gilisa Roberts | B7: 108 | C7: 102 | D7: =GETPIVOTDATA("Sum of Sum of Responses",$A$1,"Select the name of your primary trainer for this course.","Gilisa Roberts")/GETPIVOTDATA("Sum of Sum of User Score",$A$1,"Select the name of your primary trainer for this course.","Gilisa Roberts") -> 0.94444444 | F7: Oct 10, 2023 18:33:06 | G7: 6 | H7: =COUNTIF(O7:T7,">3") -> 5 | I7: Guest | J7: Manila, PHL | K7: 2023-09-05 | L7: Scott McDonald | M7: Scott McDonald | N7: Tier 1 | O7: 3 | P7: 5 | Q7: 4 | R7: 4 | S7: 4 | T7: 4 | U7: learned, correct process,follow instructions | V7: more familiarization, sidebarged,and more details
A8: Hira Umair | B8: 252 | C8: 241 | D8: =GETPIVOTDATA("Sum of Sum of Responses",$A$1,"Select the name of your primary trainer for this course.","Hira Umair")/GETPIVOTDATA("Sum of Sum of User Score",$A$1,"Select the name of your primary trainer for this course.","Hira Umair") -> 0.95634921 | F8: Oct 10, 2023 18:15:53 | G8: 6 | H8: =COUNTIF(O8:T8,">3") -> 6 | I8: Guest | J8: Manila, PHL | K8: 2023-10-10 | L8: Scott McDonald | M8: Scott McDonald | N8: Tier 1 | O8: 5 | P8: 5 | Q8: 5 | R8: 5 | S8: 5 | T8: 5 | U8: They\'re lways remind me to use the sop, always be mindful in terms of validation & must do the call flow | V8: I think for the future was nothing I can\'t tell right now because they\'re gave more information that we need in diffirent scenario in terms of skills, tools and the flow
A9: Jordan Saulnier | B9: 30 | C9: 29 | D9: =GETPIVOTDATA("Sum of Sum of Responses",$A$1,"Select the name of your primary trainer for this course.","Jordan Saulnier")/GETPIVOTDATA("Sum of Sum of User Score",$A$1,"Select the name of your primary trainer for this course.","Jordan Saulnier") -> 0.96666667 | F9: Oct 10, 2023 18:11:17 | G9: 6 | H9: =COUNTIF(O9:T9,">3") -> 6 | I9: Guest | J9: Manila, PHL | K9: 2023-09-05 | L9: Scott McDonald | M9: Scott McDonald | N9: Tier 1 | O9: 5 | P9: 5 | Q9: 5 | R9: 5 | S9: 5 | T9: 5 | U9: considerate, having long patience, answering accurately the questions i had | V9: none
A10: Kate Saigo | B10: 24 | C10: 24 | D10: =GETPIVOTDATA("Sum of Sum of Responses",$A$1,"Select the name of your primary trainer for this course.","Kate Saigo")/GETPIVOTDATA("Sum of Sum of User Score",$A$1,"Select the name of your primary trainer for this course.","Kate Saigo") -> 1 | F10: Oct 10, 2023 18:06:18 | G10: 6 | H10: =COUNTIF(O10:T10,">3") -> 6 | I10: Guest | J10: Manila, PHL | K10: 2023-09-05 | L10: Scott McDonald | M10: Scott McDonald | N10: Tier 1 | O10: 4 | P10: 4 | Q10: 4 | R10: 4 | S10: 4 | T10: 4 | U10: by explaining how we can handle the call, giving appropriate examples to provide resolution and teaching the concerns that might be encountered. | V10: None
A11: Kristi Stead | B11: 108 | C11: 96 | D11: =GETPIVOTDATA("Sum of Sum of Responses",$A$1,"Select the name of your primary trainer for this course.","Kristi Stead")/GETPIVOTDATA("Sum of Sum of User Score",$A$1,"Select the name of your primary trainer for this course.","Kristi Stead") -> 0.88888889 | F11: Oct 10, 2023 18:05:56 | G11: 6 | H11: =COUNTIF(O11:T11,">3") -> 6 | I11: Guest | J11: Manila, PHL | K11: 2023-09-11 | L11: Scott McDonald | M11: Dave Lim | N11: Tier 1 | O11: 5 | P11: 5 | Q11: 5 | R11: 5 | S11: 5 | T11: 5 | U11: For me, I had a hard time to find the right SOP for the given concern. \\nHowever, Ate Sheena, told us that we really need to allot time in order for me to understand the SOP easily and also to give the best solution to the given problem. \\n\\nThe second thing was, we always from our mistakes. During the second day of the nesting week, the pressure was lessen and so far I was able to enjoy the call because of how kind the customer is. \\n\\nLastly, the floor support was very hands on even though there are some chances that all of us need them, but then they can still manage their time to rotate from one another to help and cater the concern of the card holder. | V11: -able to have another floor support \\n-it is way more enjoyable if we can meet the trainer because it is totally different to have a face to face training\\n-I don\'t think that there\'s still a need to improve or give the facilitator an advise because without them, trainees are nothing. \\n\\n\\nTHANK YOU SO MUCH, SCOTT & MS. CATHE! :)
A12: Mahalakshmi Ramasubramanian | B12: 126 | C12: 121 | D12: =GETPIVOTDATA("Sum of Sum of Responses",$A$1,"Select the name of your primary trainer for this course.","Mahalakshmi Ramasubramanian")/GETPIVOTDATA("Sum of Sum of User Score",$A$1,"Select the name of your primary trainer for this course.","Mahalakshmi Ramasubramanian") -> 0.96031746 | F12: Oct 10, 2023 18:05:03 | G12: 6 | H12: =COUNTIF(O12:T12,">3") -> 6 | I12: Guest | J12: Manila, PHL | K12: 2023-09-05 | L12: Scott McDonald | M12: Scott McDonald | N12: Tier 1 | O12: 5 | P12: 4 | Q12: 4 | R12: 4 | S12: 4 | T12: 4 | U12: Mr Scoot and Miss Catherine is very approachable when asking a question also they very generosity | V12: none so far Mr scoot and Miss Catherine is very professional during our training period
A13: Maida Musse | B13: 234 | C13: 217 | D13: =GETPIVOTDATA("Sum of Sum of Responses",$A$1,"Select the name of your primary trainer for this course.","Maida Musse")/GETPIVOTDATA("Sum of Sum of User Score",$A$1,"Select the name of your primary trainer for this course.","Maida Musse") -> 0.92735043 | F13: Oct 10, 2023 18:04:01 | G13: 6 | H13: =COUNTIF(O13:T13,">3") -> 6 | I13: Guest | J13: Manila, PHL | K13: 2023-09-11 | L13: Scott McDonald | M13: Scott McDonald | N13: Tier 1 | O13: 5 | P13: 5 | Q13: 5 | R13: 5 | S13: 5 | T13: 5 | U13: Patience on discussing, Kindness that we can see every single day of training, Passion that we can feel through the whole training days. :) | V13: Nothing, the facilitator did a good job on educating us 8) :)
A14: MariaSkubiszewska | B14: 54 | C14: 54 | D14: =GETPIVOTDATA("Sum of Sum of Responses",$A$1,"Select the name of your primary trainer for this course.","MariaSkubiszewska")/GETPIVOTDATA("Sum of Sum of User Score",$A$1,"Select the name of your primary trainer for this course.","MariaSkubiszewska") -> 1 | F14: Oct 10, 2023 18:03:21 | G14: 6 | H14: =COUNTIF(O14:T14,">3") -> 3 | I14: Guest | J14: Manila, PHL | K14: 2023-09-05 | L14: Scott McDonald | M14: Dave Lim | N14: Tier 1 | O14: 3 | P14: 3 | Q14: 2 | R14: 4 | S14: 4 | T14: 5 | U14: THEY BOOST OUR CONFIDENT ESP US NEWBIE, GUIDE US WELL TO ENGAGED WELL TO THE ENVIRONMENT, HAVING MORE PATIENCE | V14: NONE SO FAR
A15: Nancy Price | B15: 96 | C15: 92 | D15: =GETPIVOTDATA("Sum of Sum of Responses",$A$1,"Select the name of your primary trainer for this course.","Nancy Price")/GETPIVOTDATA("Sum of Sum of User Score",$A$1,"Select the name of your primary trainer for this course.","Nancy Price") -> 0.95833333 | F15: Oct 10, 2023 18:02:42 | G15: 6 | H15: =COUNTIF(O15:T15,">3") -> 6 | I15: Guest | J15: Manila, PHL | K15: 2023-09-05 | L15: Scott McDonald | M15: Scott McDonald | N15: Tier 1 | O15: 5 | P15: 5 | Q15: 5 | R15: 5 | S15: 5 | T15: 5 | U15: Motivates me, Trained me well, and encourage me | V15: Nothing, everyday was actually perfect
A16: Rowena Lasala | B16: 240 | C16: 235 | D16: =GETPIVOTDATA("Sum of Sum of Responses",$A$1,"Select the name of your primary trainer for this course.","Rowena Lasala")/GETPIVOTDATA("Sum of Sum of User Score",$A$1,"Select the name of your primary trainer for this course.","Rowena Lasala") -> 0.97916667 | F16: Oct 10, 2023 18:01:57 | G16: 6 | H16: =COUNTIF(O16:T16,">3") -> 6 | I16: Guest | J16: Manila, PHL | K16: 2023-09-05 | L16: Scott McDonald | M16: Dave Lim | N16: Tier 1 | O16: 5 | P16: 5 | Q16: 5 | R16: 5 | S16: 5 | T16: 5 | U16: Helping us to answer our question during training | V16: n/a
A17: Ruschel Bartolome | B17: 78 | C17: 71 | D17: =GETPIVOTDATA("Sum of Sum of Responses",$A$1,"Select the name of your primary trainer for this course.","Ruschel Bartolome")/GETPIVOTDATA("Sum of Sum of User Score",$A$1,"Select the name of your primary trainer for this course.","Ruschel Bartolome") -> 0.91025641 | F17: Oct 10, 2023 17:59:40 | G17: 6 | H17: =COUNTIF(O17:T17,">3") -> 6 | I17: Guest | J17: Manila, PHL | K17: 2023-09-05 | L17: Scott McDonald | M17: Scott McDonald | N17: Tier 1 | O17: 4 | P17: 5 | Q17: 5 | R17: 5 | S17: 5 | T17: 5 | U17: the facilitator did well that encourage me would be process and procedure., activate listening | V17: N/A
A18: Scott McDonald | B18: 150 | C18: 136 | D18: =GETPIVOTDATA("Sum of Sum of Responses",$A$1,"Select the name of your primary trainer for this course.","Scott McDonald")/GETPIVOTDATA("Sum of Sum of User Score",$A$1,"Select the name of your primary trainer for this course.","Scott McDonald") -> 0.90666667 | F18: Oct 10, 2023 17:54:48 | G18: 6 | H18: =COUNTIF(O18:T18,">3") -> 6 | I18: Guest | J18: Manila, PHL | K18: 2023-10-10 | L18: Scott McDonald | M18: Scott McDonald | N18: Tier 1 | O18: 4 | P18: 4 | Q18: 4 | R18: 4 | S18: 4 | T18: 4
A19: Siya Nugent | B19: 18 | C19: 16 | D19: =GETPIVOTDATA("Sum of Sum of Responses",$A$1,"Select the name of your primary trainer for this course.","Siya Nugent")/GETPIVOTDATA("Sum of Sum of User Score",$A$1,"Select the name of your primary trainer for this course.","Siya Nugent") -> 0.88888889 | F19: Oct 09, 2023 09:53:44 | G19: 6 | H19: =COUNTIF(O19:T19,">3") -> 6 | I19: Guest | J19: Manila, PHL | K19: 2023-10-09 | L19: Rowena Lasala | M19: Nancy Price | N19: Tier 1 | O19: 5 | P19: 4 | Q19: 4 | R19: 5 | S19: 5 | T19: 5
A20: Sneha Menda | B20: 276 | C20: 260 | D20: =GETPIVOTDATA("Sum of Sum of Responses",$A$1,"Select the name of your primary trainer for this course.","Sneha Menda")/GETPIVOTDATA("Sum of Sum of User Score",$A$1,"Select the name of your primary trainer for this course.","Sneha Menda") -> 0.94202899 | F20: Oct 06, 2023 09:45:21 | G20: 6 | H20: =COUNTIF(O20:T20,">3") -> 6 | I20: Guest | J20: Manila, PHL | K20: 2023-08-08 | L20: Rowena Lasala | M20: Rowena Lasala | N20: Tier 1 | O20: 5 | P20: 4 | Q20: 5 | R20: 5 | S20: 5 | T20: 5 | U20: provide all information for this account\\n | V20: miss rowena is the best
A21: Stephany Chavez | B21: 24 | C21: 21 | D21: =GETPIVOTDATA("Sum of Sum of Responses",$A$1,"Select the name of your primary trainer for this course.","Stephany Chavez")/GETPIVOTDATA("Sum of Sum of User Score",$A$1,"Select the name of your primary trainer for this course.","Stephany Chavez") -> 0.875 | F21: Oct 05, 2023 15:28:45 | G21: 6 | H21: =COUNTIF(O21:T21,">3") -> 6 | I21: Guest | J21: Manila, PHL | K21: 2023-08-08 | L21: Rowena Lasala | M21: Nancy Price | N21: Tier 1 | O21: 5 | P21: 5 | Q21: 5 | R21: 5 | S21: 5 | T21: 5 | U21: Their positivity towards success, their encouragement, and willingness to share their knowledge. | V21: All is well. They are doing great.
A22: Tom Tse | B22: 12 | C22: 12 | D22: =GETPIVOTDATA("Sum of Sum of Responses",$A$1,"Select the name of your primary trainer for this course.","Tom Tse")/GETPIVOTDATA("Sum of Sum of User Score",$A$1,"Select the name of your primary trainer for this course.","Tom Tse") -> 1 | F22: Oct 05, 2023 12:11:57 | G22: 6 | H22: =COUNTIF(O22:T22,">3") -> 6 | I22: Guest | J22: Manila, PHL | K22: 2023-08-14 | L22: Rowena Lasala | M22: Rowena Lasala | N22: Tier 1 | O22: 5 | P22: 5 | Q22: 5 | R22: 5 | S22: 5 | T22: 5 | U22: Ms Rowena will always asked each and everyone of us if what questions or topic are we confused about, shes so attentive to each and every detail of every discussion and shes a positive trainor that help us to enggage with all of the lessons. | V22: n/a
A23: Viena Lacena | B23: 60 | C23: 54 | D23: =GETPIVOTDATA("Sum of Sum of Responses",$A$1,"Select the name of your primary trainer for this course.","Viena Lacena")/GETPIVOTDATA("Sum of Sum of User Score",$A$1,"Select the name of your primary trainer for this course.","Viena Lacena") -> 0.9 | F23: Oct 05, 2023 12:10:47 | G23: 6 | H23: =COUNTIF(O23:T23,">3") -> 6 | I23: Guest | J23: Manila, PHL | K23: 2023-08-08 | L23: Rowena Lasala | M23: Rowena Lasala | N23: Tier 1 | O23: 5 | P23: 5 | Q23: 5 | R23: 5 | S23: 5 | T23: 5 | U23: How well she discussed the lessons.\\nHow she pursued us to continue.\\nHow he help us with things we do not know yet. | V23: None\\nNone\\nNone
A24: (blank) | C24: 0 | D24: =GETPIVOTDATA("Sum of Sum of Responses",$A$1)/GETPIVOTDATA("Sum of Sum of User Score",$A$1) -> 0.93770627 | F24: Sep 25, 2023 17:51:02 | G24: 6 | H24: =COUNTIF(O24:T24,">3") -> 6 | I24: Guest | J24: Manila, PHL | K24: 2023-08-28 | L24: Hira Umair | M24: Jill Hirtle | N24: Tier 1 | O24: 5 | P24: 4 | Q24: 4 | R24: 4 | S24: 5 | T24: 4 | U24: The facilitator will make sure that they will be helping us in every way they can as much as we will help ourselves. The facilitators are knowledgeable about products and even we have differences, they are making that we respect each other. | V24: The primary trainer could have done better not to be kinda rude when we are asking her because sometimes, we are intimidated to ask since she will always say to look for the SOP which is okay but for me personally, if we asked a questions which means it\'s either we are confused or really can\'t understand the SOP.
A25: Grand Total | B25: 2424 | C25: 2273 | F25: Sep 25, 2023 17:50:24 | G25: 6 | H25: =COUNTIF(O25:T25,">3") -> 6 | I25: Guest | J25: Manila, PHL | K25: 2023-08-28 | L25: Hira Umair | M25: Jill Hirtle | N25: Tier 1 | O25: 5 | P25: 5 | Q25: 5 | R25: 5 | S25: 5 | T25: 5 | U25: the way they explain the lesson it was very clear and you can easily pick up the things that you need to know....they believe on us even though this is our 1st time handling this kind of account.....the way they are always happy and positive | V25: I think none because they are so great,I learned a lot !!!!!!!! Thank you so much Miss Hira and Miss Jill..--K
F26: Sep 25, 2023 17:50:00 | G26: 6 | H26: =COUNTIF(O26:T26,">3") -> 6 | I26: Guest | J26: Manila, PHL | K26: 2023-08-28 | L26: Hira Umair | M26: Jill Hirtle | N26: Tier 1 | O26: 5 | P26: 4 | Q26: 5 | R26: 4 | S26: 4 | T26: 4 | U26: They motivate, encourage and help us to face our fears in taking a call. | V26: At first, I was not that active in taking all the tools since this is my first time working in BPO company but after a week or more I am motivated to listen more to them. But overall nothing, they are good because they are doing their best to answers all our questions/queries.
F27: Sep 25, 2023 17:48:46 | G27: 6 | H27: =COUNTIF(O27:T27,">3") -> 6 | I27: Guest | J27: Manila, PHL | K27: 2023-09-25 | L27: Hira Umair | M27: Jill Hirtle | N27: Tier 1 | O27: 5 | P27: 5 | Q27: 5 | R27: 5 | S27: 5 | T27: 5 | U27: good choices of word, fun learning, friendly\\n | V27: be mindful of words, do an example on how to manage the call in lesson, do not be sarcastic in explaining
F28: Sep 25, 2023 17:47:01 | G28: 6 | H28: =COUNTIF(O28:T28,">3") -> 6 | I28: Guest | J28: Manila, PHL | K28: 2023-08-28 | L28: Hira Umair | M28: Jill Hirtle | N28: Tier 1 | O28: 5 | P28: 5 | Q28: 5 | R28: 5 | S28: 5 | T28: 5 | U28: Since I\'m new in this field I\'m really nervous but the facilitator encouraged me to continue by using materials that are easy to learn, use teaching approach where I can easily understand the knowledge about the process and the atmosphere that she created is very conducive. | V28: More explanation in some topics.
F29: Sep 25, 2023 17:45:59 | G29: 6 | H29: =COUNTIF(O29:T29,">3") -> 6 | I29: Guest | J29: Manila, PHL | K29: 2023-08-28 | L29: Hira Umair | M29: Jill Hirtle | N29: Tier 1 | O29: 5 | P29: 5 | Q29: 5 | R29: 5 | S29: 5 | T29: 5 | U29: They we\'re relatable and very newbie friendly. They encourages us to learn more and to not be afraid to make mistakes because that\'s where you learn. I really liked how they assist us whenever we have questions, just so welcoming and approachable. | V29: Nothing else other that more interactions, maybe.
F30: Sep 25, 2023 17:44:58 | G30: 6 | H30: =COUNTIF(O30:T30,">3") -> 6 | I30: Guest | J30: Manila, PHL | K30: 2023-09-26 | L30: Hira Umair | M30: Jill Hirtle | N30: Tier 1 | O30: 5 | P30: 5 | Q30: 5 | R30: 5 | S30: 5 | T30: 5 | U30: they are very accomodating, easy to approach and understanding | V30: more fun activities nothing more
F31: Sep 25, 2023 17:44:54 | G31: 6 | H31: =COUNTIF(O31:T31,">3") -> 6 | I31: Guest | J31: Manila, PHL | K31: 2023-08-28 | L31: Hira Umair | M31: Jill Hirtle | N31: Tier 1 | O31: 5 | P31: 5 | Q31: 5 | R31: 5 | S31: 5 | T31: 5 | U31: -To keep my focus and be attentive and do check & follow the SOP rigidly. | V31: none
F32: Sep 13, 2023 12:14:26 | G32: 6 | H32: =COUNTIF(O32:T32,">3") -> 4 | I32: Guest | J32: Manila, PHL | K32: 2023-08-15 | L32: Ankit Vishnoi | M32: Ankit Vishnoi | N32: Tier 2 | O32: 5 | P32: 5 | Q32: 2 | R32: 2 | S32: 5 | T32: 5 | U32: motivator, patience, efficient | V32: none for me\\n
F33: Sep 13, 2023 12:01:32 | G33: 6 | H33: =COUNTIF(O33:T33,">3") -> 6 | I33: Guest | J33: Manila, PHL | K33: 2023-08-14 | L33: Ankit Vishnoi | M33: Ankit Vishnoi | N33: Tier 2 | O33: 4 | P33: 4 | Q33: 4 | R33: 4 | S33: 4 | T33: 4 | U33: Ankit is active in asking question and He do his best to explain us any topic that we need clarification\\n \\n | V33: More role play if possible
F34: Sep 13, 2023 11:39:39 | G34: 6 | H34: =COUNTIF(O34:T34,">3") -> 6 | I34: Guest | J34: Manila, PHL | K34: 2023-09-13 | L34: Ankit Vishnoi | M34: Ankit Vishnoi | N34: Tier 2 | O34: 4 | P34: 4 | Q34: 4 | R34: 4 | S34: 4 | T34: 4 | U34: Ankit is active in asking question | V34: More role plays if possible
F35: Sep 13, 2023 11:27:41 | G35: 6 | H35: =COUNTIF(O35:T35,">3") -> 6 | I35: Guest | J35: Manila, PHL | K35: 2023-08-15 | L35: Ankit Vishnoi | M35: Ankit Vishnoi | N35: Tier 2 | O35: 5 | P35: 5 | Q35: 5 | R35: 5 | S35: 5 | T35: 5 | U35: real time assistance, always confirm module understanding, give us time to do recaps and SOP reviews | V35: none
F36: Sep 12, 2023 18:09:46 | G36: 6 | H36: =COUNTIF(O36:T36,">3") -> 0 | I36: Guest | J36: Sudbury, ON | K36: 2023-08-29 | L36: Anita Bliss-Dias | M36: Tom Tse | N36: Fraud | O36: 3 | P36: 3 | Q36: 3 | R36: 3 | S36: 3 | T36: 3 | U36: pushing me forward to talk when I need help | V36: just a little more time to revise our notes, other than that I loved the training, it felt a lot more fun than looking at it like it was studying
F37: Sep 12, 2023 17:37:25 | G37: 6 | H37: =COUNTIF(O37:T37,">3") -> 5 | I37: Guest | J37: Ottawa | K37: 2023-09-12 | L37: Maida Musse | M37: Maida Musse | N37: Fraud | O37: 3 | P37: 4 | Q37: 4 | R37: 4 | S37: 4 | T37: 4 | U37: explain things did provide time to practice know the answers | V37: i think there should be more shadowing with we only get 2 times
... F41: Sep 12, 2023 17:30:31 | G41: 6 | H41: =COUNTIF(O41:T41,">3") -> 6 | I41: Guest | J41: Toronto, ON | K41: 2023-08-29 | L41: Maida Musse | M41: Maida Musse | N41: Tier 2 | O41: 4 | P41: 4 | Q41: 4 | R41: 4 | S41: 4 | T41: 4 | U41: confident and cool | V41: good experienced trainer
F42: Sep 12, 2023 11:38:30 | G42: 6 | H42: =COUNTIF(O42:T42,">3") -> 6 | I42: Guest | J42: Bridgewater, NS | K42: 2023-09-12 | L42: Anita Bliss-Dias | M42: Tom Tse | N42: Fraud | O42: 5 | P42: 5 | Q42: 5 | R42: 5 | S42: 5 | T42: 5
F43: Sep 12, 2023 11:09:14 | G43: 6 | H43: =COUNTIF(O43:T43,">3") -> 6 | I43: Guest | J43: Ottawa | K43: 2023-09-12 | L43: Anita Bliss-Dias | M43: Tom Tse | O43: 4 | P43: 4 | Q43: 5 | R43: 5 | S43: 5 | T43: 5 | U43: good instructor. willing to answer question. testing the knowledge of the class
F44: Sep 12, 2023 10:51:09 | G44: 6 | H44: =COUNTIF(O44:T44,">3") -> 6 | I44: Guest | J44: Ottawa | K44: 2023-09-12 | L44: Anita Bliss-Dias | M44: Tom Tse | N44: Fraud | O44: 4 | P44: 4 | Q44: 5 | R44: 4 | S44: 4 | T44: 4 | U44: facilitator encouraged us to actively listen and ask questions | V44: nothing
F45: Sep 12, 2023 10:51:06 | G45: 6 | H45: =COUNTIF(O45:T45,">3") -> 6 | I45: Guest | J45: Yarmouth, NS | K45: 2023-08-29 | L45: Anita Bliss-Dias | M45: Tom Tse | N45: Fraud | O45: 4 | P45: 4 | Q45: 4 | R45: 4 | S45: 4 | T45: 4
F46: Sep 12, 2023 10:44:54 | G46: 6 | H46: =COUNTIF(O46:T46,">3") -> 6 | I46: Guest | J46: Yarmouth, NS | K46: 2023-08-29 | L46: Anita Bliss-Dias | M46: Tom Tse | N46: Fraud | O46: 4 | P46: 4 | Q46: 4 | R46: 4 | S46: 4 | T46: 4 | U46: Explained things very well, used examples, hands on practice with systems | V46: Nothing I can think of
F47: Sep 12, 2023 10:32:30 | G47: 6 | H47: =COUNTIF(O47:T47,">3") -> 5 | I47: Guest | J47: Ottawa | K47: 2023-09-12 | L47: Anita Bliss-Dias | M47: Tom Tse | N47: Fraud | O47: 4 | P47: 3 | Q47: 4 | R47: 4 | S47: 4 | T47: 4 | U47: Anita explains in detail for the steps and processes required. She did step by step approach. A new step to learn each day | V47: The training could be longer so the info can be absorbed better. I feel maybe 2 days per topic instead of one day would be better. Have more job shadowing
F48: Sep 12, 2023 10:25:51 | G48: 6 | H48: =COUNTIF(O48:T48,">3") -> 6 | I48: Guest | J48: Bridgewater, NS | K48: 2023-08-29 | L48: Anita Bliss-Dias | M48: Tom Tse | N48: Fraud | O48: 5 | P48: 5 | Q48: 5 | R48: 5 | S48: 5 | T48: 5 | U48: Very knowledgeable, willing to help and explain things again, sometimes differently, patient, always knew what to expect for the day | V48: Nothing - I found my training experience to be great.
F49: Sep 12, 2023 10:25:08 | G49: 6 | H49: =COUNTIF(O49:T49,">3") -> 5 | I49: Guest | J49: Bridgewater, NS | K49: 2023-09-12 | L49: Anita Bliss-Dias | M49: Tom Tse | N49: Fraud | O49: 5 | P49: 4 | Q49: 5 | R49: 3 | S49: 5 | T49: 5 | U49: Encouraged us to ask questions, gave good feedback, provided good information | V49: This is not on the trainer but I wish that as we learned each process we had time to practice it several times before moving on to the next segment. When you learn many things at once and then only practice them once before moving on to the next segment it gets forgotten quickly.
F50: Aug 25, 2023 14:39:45 | G50: 6 | H50: =COUNTIF(O50:T50,">3") -> 6 | I50: Guest | J50: Manila, PHL | K50: 2023-08-11 | L50: Mahalakshmi Ramasubramanian | M50: Ruschel Bartolome | N50: Tier 1 | O50: 5 | P50: 5 | Q50: 5 | R50: 5 | S50: 5 | T50: 5 | U50: Hira Umair - 1. she\'s clear with how she delivers the lesson 2. she\'s engaged 3. - i love how she speaks\\nMahalakshmi Ramasubramanian - 1. she gave some pointers for us to review 2. she was always jolly 3. we enjoy having lessons with her\\nRuschel Bartolome - 1. clear with how she delivers the info that i asked 2. easy to approach 3. i can easily understand what she\'s saying | V50: Hira Umair - none\\nMahalakshmi Ramasubramanian - 1. she speaks fast but its okay we can understand her more if she speaks slowly\\nRuschel Bartolome - none
F51: Aug 25, 2023 14:35:13 | G51: 6 | H51: =COUNTIF(O51:T51,">3") -> 6 | I51: Guest | J51: Manila, PHL | K51: 2023-07-31 | L51: Mahalakshmi Ramasubramanian | M51: Ruschel Bartolome | N51: Tier 1 | O51: 5 | P51: 5 | Q51: 5 | R51: 5 | S51: 5 | T51: 5 | U51: Maha is very hands on, always positive and she has so much of words of wisdom that she\'s always shares to the whole class. Very approachable and very fun to talk to, class is never boring because she has a lot of stories to share specially about her experiences in work and in life. We\'re really thankful that she became our trainer because she give so much support and effort to us during our training just like Hira. \\n\\nAnd about trainer Ruschel she\'s also approachable, calm and she also shares her best practices to us so, we can do well on our calls. She\'s a big help during our pre-nesting and we enjoy talking to her. | V51: None. I don\'t see any problem with our trainers.
F52: Aug 25, 2023 14:32:32 | G52: 6 | H52: =COUNTIF(O52:T52,">3") -> 6 | I52: Guest | J52: Manila, PHL | K52: 2023-08-11 | L52: Mahalakshmi Ramasubramanian | M52: Ruschel Bartolome | N52: Tier 1 | O52: 5 | P52: 5 | Q52: 5 | R52: 5 | S52: 5 | T52: 5 | U52: Mahalakshmi Ramasubramanian - 1. she gave some pointers for us to review 2. she was always jolly 3. we enjoy having lessons with her | V52: Mahalakshmi Ramasubramanian - 1. she speaks fast but its okay we can understand her more if she speaks slowly
F53: Aug 25, 2023 14:32:11 | G53: 6 | H53: =COUNTIF(O53:T53,">3") -> 6 | I53: Guest | J53: Manila, PHL | K53: 2023-08-23 | L53: Ruschel Bartolome | M53: Ruschel Bartolome | N53: Tier 1 | O53: 5 | P53: 5 | Q53: 5 | R53: 5 | S53: 5 | T53: 5 | U53: I loved the way she explained topics because it was very detailed, she speaks slowly and clearly, she is very accommodating. | V53: She could have been joined the training earlier, haha. That\'s all I can say.
F54: Aug 25, 2023 14:30:02 | G54: 6 | H54: =COUNTIF(O54:T54,">3") -> 6 | I54: Guest | J54: Manila, PHL | K54: 2023-08-23 | L54: Ruschel Bartolome | M54: Ruschel Bartolome | N54: Tier 1 | O54: 5 | P54: 5 | Q54: 5 | R54: 5 | S54: 5 | T54: 5 | U54: I liked how she really explains every topic she is very organized. She helps us really to understand how to navigate in TS2.
F55: Aug 25, 2023 14:28:57 | G55: 6 | H55: =COUNTIF(O55:T55,">3") -> 6 | I55: Guest | J55: Manila, PHL | K55: 2023-07-31 | L55: Mahalakshmi Ramasubramanian | M55: Ruschel Bartolome | N55: Tier 1 | O55: 4 | P55: 4 | Q55: 4 | R55: 4 | S55: 4 | T55: 4 | U55: Maha is very appreciative of our performance in every activity, shares her actual experiences in the production floor which gave us meaningful insights and she always encourage us to be better by telling us our opportunities for further improvement. | V55: She could have been more straight to the point when explaining things, could have made the discussion more interactive by integrating ice breakers related to the topics, there is a communication barrier but then, it is understandable
F56: Aug 25, 2023 14:25:39 | G56: 6 | H56: =COUNTIF(O56:T56,">3") -> 6 | I56: Guest | J56: Manila, PHL | K56: 2023-07-31 | L56: Mahalakshmi Ramasubramanian | M56: Ruschel Bartolome | N56: Tier 1 | O56: 5 | P56: 4 | Q56: 5 | R56: 5 | S56: 5 | T56: 5 | U56: She is informative and knowledgeable. I really learned a lot. I just wanted to highlight the hard work you\'ve put into this training.
F57: Aug 25, 2023 14:25:01 | G57: 6 | H57: =COUNTIF(O57:T57,">3") -> 6 | I57: Guest | J57: Manila, PHL | K57: 2023-07-31 | L57: Mahalakshmi Ramasubramanian | M57: Ruschel Bartolome | N57: Tier 1 | O57: 5 | P57: 4 | Q57: 5 | R57: 5 | S57: 4 | T57: 4 | U57: Maha, encouraged me like knowing all the lesson or SOP, she proactively answer questions like adding more information about it, and also she\'s approachable to get in touch with, she\'s very natural in doing this, it just that she\'s spoon feeding the information. Ruschel, thought as well even though it is just a short time, like 4days in our pre-nesting, i understand easily about the ts2, on how to navigate and know different id\'s. | V57: Maha could do differently by saying too much information about the certain topics, she\'s good at it, its just that i wanted it concise and more direct to the point. The communication barrier is understandable, and i suggest that add like a small ice breaker.
F58: Aug 25, 2023 14:24:30 | G58: 6 | H58: =COUNTIF(O58:T58,">3") -> 6 | I58: Guest | J58: Manila, PHL | K58: 2023-07-31 | L58: Ruschel Bartolome | M58: Ruschel Bartolome | N58: Tier 1 | O58: 5 | P58: 5 | Q58: 5 | R58: 5 | S58: 5 | T58: 5 | U58: 1.very knowledgeable\\n2.interactive\\n3. Great teaching approach. | V58: none
F59: Aug 25, 2023 14:23:44 | G59: 6 | H59: =COUNTIF(O59:T59,">3") -> 6 | I59: Guest | J59: Manila, PHL | K59: 2023-07-31 | L59: Hira Umair | M59: Ruschel Bartolome | N59: Tier 1 | O59: 5 | P59: 5 | Q59: 5 | R59: 5 | S59: 5 | T59: 5 | U59: She provides support, praise us when we share our answer and opinions and she always shares her best practices so, we will have a better understanding to our discussions. We\'re really thankful to Hira for guiding us during our training session. She has a lot of patience, very understanding and will be forever grateful to her for teaching us. | V59: I know Hira is not perfect just like the other trainers but I don\'t see any problem with her during training. She did her best, and we really look up to her.
F60: Aug 25, 2023 14:22:58 | G60: 6 | H60: =COUNTIF(O60:T60,">3") -> 6 | I60: Guest | J60: Manila, PHL | K60: 2023-07-31 | L60: Mahalakshmi Ramasubramanian | M60: Ruschel Bartolome | N60: Tier 1 | O60: 5 | P60: 5 | Q60: 5 | R60: 5 | S60: 5 | T60: 5 | U60: 1. Very active and positive ways of collaborative discussion.\\n2.Very Appreciative and nice person.\\n3. Encourage us to do the right things, always remind us a good possible ways to approach something especially related to the job description. | V60: 1. Highly suggest to open a great conversation online as a medium ,it will be more interactive if we can see you on screen.\\n2. Be more mindful about the peak topic add something unique that can enhance the creative side of teaching. Like presentation or short game.\\n3. I think communication wise, be more considerate because communication barrier can affect a lot.
F61: Aug 25, 2023 14:19:43 | G61: 6 | H61: =COUNTIF(O61:T61,">3") -> 6 | I61: Guest | J61: Manila, PHL | K61: 2023-08-07 | L61: Hira Umair | M61: Ruschel Bartolome | N61: Tier 1 | O61: 4 | P61: 4 | Q61: 4 | R61: 4 | S61: 4 | T61: 4 | U61: Hira always gave us enough time to adjust on the phasing of the topics, she makes the discussion interactive and provides us the knowledge and skills necessary for our role in production floor. | V61: Give ice breaker like games or brain teaser, provide more navigation experience, detailed discussion in the tools especially in TS2
F62: Aug 25, 2023 14:19:37 | G62: 6 | H62: =COUNTIF(O62:T62,">3") -> 6 | I62: Guest | J62: Manila, PHL | K62: 2023-07-31 | L62: Hira Umair | M62: Ruschel Bartolome | N62: Tier 1 | O62: 5 | P62: 5 | Q62: 5 | R62: 5 | S62: 5 | T62: 5 | U62: She always make sure that we understood the topic or discussion first before we proceed to next lesson. She was approachable and also we\'re engaged during the discussion which help us understand way better. | V62: Everything was perfect the way it was handled by Hira. I would like also to give credits to Ms. Ruschel Bartolome who is assisting us during pre nesting calls and most especially for facilitating the discussion for TS2. It was a big help as we now understand how TS2 works. Thank you Ms. Ruschel.
F63: Aug 25, 2023 14:18:49 | G63: 6 | H63: =COUNTIF(O63:T63,">3") -> 6 | I63: Guest | J63: Manila, PHL | K63: 2023-07-31 | L63: Mahalakshmi Ramasubramanian | M63: Ruschel Bartolome | N63: Tier 1 | O63: 5 | P63: 5 | Q63: 5 | R63: 5 | S63: 5 | T63: 5 | U63: co-create an atmosphere that encourages participation, encourages them to speak out, and shared most of her experiences as TIER 1 before | V63: So far I\'m good. Most especially when the Trainer Ruschel Bartolome came and provided an assistance on the floor That\'s appreciated as well.
F64: Aug 25, 2023 14:17:42 | G64: 6 | H64: =COUNTIF(O64:T64,">3") -> 6 | I64: Guest | J64: Manila, PHL | K64: 2023-08-11 | L64: Hira Umair | M64: Mahalakshmi Ramasubramanian | N64: Tier 1 | O64: 4 | P64: 4 | Q64: 4 | R64: 4 | S64: 4 | T64: 4
F65: Aug 25, 2023 14:16:32 | G65: 6 | H65: =COUNTIF(O65:T65,">3") -> 6 | I65: Guest | J65: Manila, PHL | K65: 2023-08-07 | L65: Hira Umair | M65: Mahalakshmi Ramasubramanian | N65: Tier 1 | O65: 5 | P65: 5 | Q65: 5 | R65: 5 | S65: 5 | T65: 5 | U65: SHE WAS ORGANIZED, FOLLOWED THE SCHEDULE IN EVERY AGENDA, AND SHE IS INFORMATIVE. | V65: MORE ON PRACTICE IN NAVIGATION AND CALLS.
F66: Aug 25, 2023 14:15:26 | G66: 6 | H66: =COUNTIF(O66:T66,">3") -> 6 | I66: Guest | J66: Manila, PHL | K66: 2023-08-31 | L66: Hira Umair | M66: Mahalakshmi Ramasubramanian | N66: Tier 1 | O66: 5 | P66: 5 | Q66: 5 | R66: 5 | S66: 5 | T66: 5 | U66: Providing accurate and clear concept of the job description | V66: 1. Highly suggest to think collective and creative ways of teaching. Do something like icebreaker or short game that is connected to the topic, this is the best way to introduce the certain topic.\\n2. Be more active add some enjoyment to create a good foundation to everyone\\n3. Adjust for the pacing of the topics.\\n
F67: Aug 25, 2023 14:14:53 | G67: 6 | H67: =COUNTIF(O67:T67,">3") -> 6 | I67: Guest | J67: Manila, PHL | K67: 2023-08-07 | L67: Hira Umair | M67: Hira Umair | N67: Tier 1 | O67: 5 | P67: 5 | Q67: 5 | R67: 4 | S67: 5 | T67: 5 | U67: Hira encouraged me by her knowledge, experience, and the way she teach the lesson to be engaged more in the training. | V67: Hira could do differently by making the trainee to apply immediately what they learned after the lesson. And I think she can be more like ice breaker.
F68: Aug 25, 2023 14:14:42 | G68: 6 | H68: =COUNTIF(O68:T68,">3") -> 6 | I68: Guest | J68: Manila, PHL | K68: 2023-08-03 | L68: Mahalakshmi Ramasubramanian | M68: Ruschel Bartolome | O68: 5 | P68: 5 | Q68: 5 | R68: 5 | S68: 5 | T68: 5 | U68: Very helpful, she always put herself being an agent whenever she is discussing or giving examples about the topics and encouraged us to do our best | V68: none
F69: Aug 25, 2023 14:13:17 | G69: 6 | H69: =COUNTIF(O69:T69,">3") -> 6 | I69: Guest | J69: Manila, PHL | K69: 2023-07-31 | L69: Hira Umair | M69: Ruschel Bartolome | N69: Tier 1 | O69: 5 | P69: 5 | Q69: 5 | R69: 5 | S69: 5 | T69: 5 | U69: N/A | V69: N/A
F70: Aug 25, 2023 14:12:56 | G70: 6 | H70: =COUNTIF(O70:T70,">3") -> 6 | I70: Guest | J70: Manila, PHL | K70: 2023-08-03 | L70: Hira Umair | M70: Ruschel Bartolome | N70: Tier 1 | O70: 5 | P70: 5 | Q70: 5 | R70: 5 | S70: 5 | T70: 5 | U70: very accommodating, she motivated us a lot | V70: none
F71: Aug 21, 2023 17:57:03 | G71: 6 | H71: =COUNTIF(O71:T71,">3") -> 6 | I71: Guest | J71: Manila, PHL | K71: 2023-07-24 | L71: Sneha Menda | M71: Tom Tse | N71: Tier 1 | O71: 5 | P71: 5 | Q71: 5 | R71: 5 | S71: 5 | T71: 5 | U71: Sounds knowledgeable, friendly tone and interesting topics to discuss | V71: I guess more fun and interactive topics
F72: Aug 21, 2023 17:56:59 | G72: 6 | H72: =COUNTIF(O72:T72,">3") -> 6 | I72: Guest | J72: Manila, PHL | K72: 2023-07-24 | L72: Sneha Menda | M72: Tom Tse | N72: Tier 1 | O72: 5 | P72: 5 | Q72: 5 | R72: 5 | S72: 5 | T72: 5 | U72: Optimistic, Moltivating, Intusiastic | V72: ALL GOODS
F73: Aug 21, 2023 17:56:43 | G73: 6 | H73: =COUNTIF(O73:T73,">3") -> 6 | I73: Guest | J73: Manila, PHL | K73: 2023-07-24 | L73: Sneha Menda | M73: Tom Tse | N73: Tier 1 | O73: 5 | P73: 5 | Q73: 5 | R73: 5 | S73: 4 | T73: 5 | U73: Always asking about our feelings/mood for the day, Asking any questions, clarifications or any concerns and keep engaged with the Knowledge Center. | V73: Long patience in product training when it comes in navigation during roleplays/pre-nesting.
F74: Aug 21, 2023 17:56:36 | G74: 6 | H74: =COUNTIF(O74:T74,">3") -> 6 | I74: Guest | J74: Manila, PHL | K74: 2023-07-24 | L74: Sneha Menda | M74: Tom Tse | N74: Tier 1 | O74: 5 | P74: 5 | Q74: 5 | R74: 5 | S74: 5 | T74: 5 | U74: she doing great, friendly and very hands on trainer | V74: nothing
F75: Aug 21, 2023 17:56:28 | G75: 6 | H75: =COUNTIF(O75:T75,">3") -> 6 | I75: Guest | J75: Manila, PHL | K75: 2023-08-21 | L75: Sneha Menda | M75: Tom Tse | N75: Tier 1 | O75: 5 | P75: 5 | Q75: 5 | R75: 5 | S75: 5 | T75: 5 | U75: Trainers are very patient and smart. Kudos | V75: none
F76: Aug 21, 2023 17:56:27 | G76: 6 | H76: =COUNTIF(O76:T76,">3") -> 6 | I76: Guest | J76: Manila, PHL | K76: 2023-08-24 | L76: Sneha Menda | M76: Tom Tse | N76: Tier 1 | O76: 5 | P76: 5 | Q76: 5 | R76: 5 | S76: 5 | T76: 5 | U76: hands on and she keeps telling not to give up and also she is very kind trainor | V76: n/a
F77: Aug 21, 2023 17:56:11 | G77: 6 | H77: =COUNTIF(O77:T77,">3") -> 6 | I77: Guest | J77: Manila, PHL | K77: 2023-07-24 | L77: Sneha Menda | M77: Tom Tse | N77: Tier 1 | O77: 5 | P77: 5 | Q77: 5 | R77: 5 | S77: 5 | T77: 5 | U77: knowledgeable, kind, and motivated towards the training | V77: none so far, they're all good.
F78: Aug 21, 2023 17:55:41 | G78: 6 | H78: =COUNTIF(O78:T78,">3") -> 6 | I78: Guest | J78: Manila, PHL | K78: 2023-07-24 | L78: Sneha Menda | M78: Tom Tse | N78: Tier 1 | O78: 5 | P78: 5 | Q78: 5 | R78: 5 | S78: 5 | T78: 5 | U78: Our trainer is always believes in our capability. She was hands on on each of everyone of us and she delivers every lesson in comprehensive way. | V78: NA
F79: Aug 21, 2023 17:55:28 | G79: 6 | H79: =COUNTIF(O79:T79,">3") -> 6 | I79: Guest | J79: Manila, PHL | K79: 2023-07-24 | L79: Sneha Menda | M79: Tom Tse | N79: Tier 1 | O79: 5 | P79: 5 | Q79: 5 | R79: 5 | S79: 5 | T79: 5 | U79: 1. She was hands on when it comes to teaching important stuff. 2. The trainer was making sure everyone in the team have the opportunity to speak up. 3. She also asks how our day and cares about us. | V79: -
F80: Aug 21, 2023 17:55:09 | G80: 6 | H80: =COUNTIF(O80:T80,">3") -> 6 | I80: Guest | J80: Manila, PHL | K80: 2023-07-24 | L80: Sneha Menda | M80: Tom Tse | O80: 5 | P80: 5 | Q80: 5 | R80: 5 | S80: 5 | T80: 5 | U80: They are very detailed and really encourage you to learn and dig deeper to the lessons. | V80: I don't see anything, they both did amazing!
F81: Aug 21, 2023 17:55:07 | G81: 6 | H81: =COUNTIF(O81:T81,">3") -> 6 | I81: Guest | J81: Manila, PHL | K81: 2023-07-24 | L81: Sneha Menda | M81: Tom Tse | N81: Tier 1 | O81: 5 | P81: 5 | Q81: 5 | R81: 5 | S81: 4 | T81: 5 | U81: Provide good feedback when we did mock calls, Assist very well comes on navigating the tools, Provide some words to encourage me | V81: Pacing, More interactions, Feedback to other agents
F82: Aug 21, 2023 17:54:58 | G82: 6 | H82: =COUNTIF(O82:T82,">3") -> 5 | I82: Guest | J82: Manila, PHL | K82: 2023-07-24 | L82: Sneha Menda | M82: Tom Tse | N82: Tier 1 | O82: 5 | P82: 5 | Q82: 5 | R82: 5 | S82: 5 | U82: Trainers are very patient and smart. Kudos | V82: none
F83: Aug 16, 2023 16:34:50 | G83: 6 | H83: =COUNTIF(O83:T83,">3") -> 4 | I83: Guest | J83: Manila, PHL | K83: 2023-07-17 | L83: Scott McDonald | M83: Tom Tse | N83: Tier 1 | O83: 4 | P83: 3 | Q83: 5 | R83: 3 | S83: 5 | T83: 4 | U83: We can ask question anytime and they did well explaining it to us. They kept motivating us by giving feedback regarding our activities. They made our learning environment and atmosphere comfortable and enjoyable. | V83: I suggest more hands-on discussion with the tools and more interactive activities.
F84: Aug 16, 2023 16:30:39 | G84: 6 | H84: =COUNTIF(O84:T84,">3") -> 5 | I84: Guest | J84: Manila, PHL | K84: 2023-07-17 | L84: Scott McDonald | M84: Tom Tse | O84: 4 | P84: 4 | Q84: 4 | R84: 3 | S84: 4 | T84: 4 | U84: They answer all our question \nThey gave daily motivation to motivate us in our training. | V84: Navigate tools while discussion(SF,CSR and TS2).
F85: Aug 16, 2023 11:50:44 | G85: 6 | H85: =COUNTIF(O85:T85,">3") -> 2 | I85: Guest | J85: Manila, PHL | K85: 2023-07-17 | L85: Scott McDonald | M85: Tom Tse | N85: Tier 1 | O85: 4 | P85: 3 | Q85: 3 | R85: 4 | S85: 3 | U85: the three things that encouraging me is to be confident,feel free and motivate your self coz no one can help you. | V85: tom and scoot trained me.he try to remove my shy type and for about sop knowlege center he teach me on how to be a great agent .. scoot practice me a mock call live for two times so that i learned
F86: Aug 16, 2023 11:49:38 | G86: 6 | H86: =COUNTIF(O86:T86,">3") -> 6 | I86: Guest | J86: Manila, PHL | K86: 2023-07-17 | L86: Tom Tse | M86: Scott McDonald | N86: Tier 1 | O86: 5 | P86: 5 | Q86: 5 | R86: 4 | S86: 5 | T86: 5 | U86: The facilitators explained to us the SOPs. There was also activities to hone what we learned. The facilitators created an atmosphere that would encourage us to get involved and participate in the discussions. | V86: I hope there would be a follow up and hands on activities on navigating the tools. Longer pre-nesting to prepare the agent.
F87: Aug 16, 2023 11:49:31 | G87: 6 | H87: =COUNTIF(O87:T87,">3") -> 6 | I87: Guest | J87: Manila, PHL | K87: 2023-07-17 | L87: Scott McDonald | M87: Tom Tse | N87: Tier 1 | O87: 4 | P87: 4 | Q87: 5 | R87: 5 | S87: 5 | T87: 5 | U87: As newbie here in BPO they provided me the information I need to enhances my communication skills, they provide ways how to handle the customer the on the right way and they motivate us that we should believe in our self, that we can do it.
F88: Aug 16, 2023 11:44:25 | G88: 6 | H88: =COUNTIF(O88:T88,">3") -> 6 | I88: Guest | J88: Manila, PHL | K88: 2023-08-16 | L88: Scott McDonald | M88: Tom Tse | N88: Tier 1 | O88: 4 | P88: 4 | Q88: 4 | R88: 4 | S88: 4 | T88: 4 | U88: enhanced my communication skill,,be friendly,, enhanced my knowledge in bpo industry
F89: Aug 16, 2023 11:43:29 | G89: 6 | H89: =COUNTIF(O89:T89,">3") -> 6 | I89: Guest | J89: Manila, PHL | K89: 2023-08-16 | L89: Scott McDonald | M89: Tom Tse | N89: Tier 1 | O89: 5 | P89: 5 | Q89: 5 | R89: 5 | S89: 5 | T89: 5 | U89: He encouraged us to participate in every activities and ask questions if we cant understand the topic well | V89: To encouraged everyone to participate.
F90: Aug 16, 2023 11:42:50 | G90: 6 | H90: =COUNTIF(O90:T90,">3") -> 6 | I90: Guest | J90: Manila, PHL | K90: 2023-07-17 | L90: Scott McDonald | M90: Tom Tse | N90: Tier 1 | O90: 4 | P90: 4 | Q90: 4 | R90: 4 | S90: 4 | T90: 4 | U90: enhanced my communication skill,,be friendly,, enhanced my knowledge in bpo industry
F91: Aug 16, 2023 11:41:57 | G91: 6 | H91: =COUNTIF(O91:T91,">3") -> 6 | I91: Guest | J91: Manila, PHL | K91: 2023-07-17 | L91: Tom Tse | M91: Scott McDonald | N91: Tier 1 | O91: 4 | P91: 4 | Q91: 5 | R91: 5 | S91: 5 | T91: 5 | U91: they compliments are strengths and also provides what's things needs improvement. also they're very friendly. they know they product well | V91: for me, it would be easier for us to learn navigations of tools we our trainers are physically here with us.
F92: Aug 16, 2023 11:36:44 | G92: 6 | H92: =COUNTIF(O92:T92,">3") -> 6 | I92: Guest | J92: Manila, PHL | K92: 2023-07-17 | L92: Scott McDonald | M92: Tom Tse | N92: Tier 1 | O92: 5 | P92: 4 | Q92: 5 | R92: 5 | S92: 5 | T92: 5
F93: Aug 04, 2023 12:44:19 | G93: 6 | H93: =COUNTIF(O93:T93,">3") -> 6 | I93: Guest | J93: Ottawa | K93: 2023-07-10 | L93: Nancy Price | M93: Nancy Price | N93: Tier 1 | O93: 4 | P93: 5 | Q93: 5 | R93: 4 | S93: 5 | T93: 5 | U93: Nancy was personable and made sure we knew she was always available to help and support us. She did her best to teach within the limitations of the training software available. | V93: manage the discussions so that one student isn't monopolizing the conversation the whole time making it difficult for others to participate. \nCall on students who aren't participating more to make sure they understand\n--------------------------------------------------------------------------------------------------------------------------------------------------------------------------------------------------------------------------------\nadditional feedback:\nMany of the training videos are difficult to engage with because of the computer voice that reads them. I personally would prefer no narration to that encredibly distracting voice. \nSome french training materials would be beneficial to the bilingual agents, even just some recorded french calls. It feels like the French/english agents are not prioritized because of the lack of materials.\n
F94: Aug 04, 2023 12:42:29 | G94: 6 | H94: =COUNTIF(O94:T94,">3") -> 6 | I94: Guest | J94: Bridgewater, NS | K94: 2023-07-10 | L94: Nancy Price | M94: Bibi Alli | N94: Tier 1 | O94: 4 | P94: 4 | Q94: 4 | R94: 5 | S94: 5 | T94: 5 | U94: compassion, | V94: give more time to nesting
F95: Aug 04, 2023 12:37:36 | G95: 6 | H95: =COUNTIF(O95:T95,">3") -> 6 | I95: Guest | J95: Ottawa | K95: 2023-07-10 | L95: Nancy Price | M95: Bibi Alli | N95: Tier 1 | O95: 5 | P95: 5 | Q95: 5 | R95: 5 | S95: 5 | T95: 4 | U95: Patience, repeating the same thing so we understand, give us time to pratic in role play
F96: Aug 04, 2023 12:37:27 | G96: 6 | H96: =COUNTIF(O96:T96,">3") -> 4 | I96: Guest | J96: Toronto, ON | K96: 2023-07-10 | L96: Nancy Price | M96: Nancy Price | N96: Tier 1 | O96: 2 | P96: 3 | Q96: 5 | R96: 5 | S96: 5 | T96: 5 | U96: Listening, make sure everyone understands before she continue, encouraging | V96: Go slowly
F97: Aug 04, 2023 12:36:58 | G97: 6 | H97: =COUNTIF(O97:T97,">3") -> 6 | I97: Guest | J97: Ottawa | K97: 2023-07-10 | L97: Nancy Price | M97: Nancy Price | N97: Tier 1 | O97: 4 | P97: 4 | Q97: 5 | R97: 4 | S97: 5 | T97: 5 | U97: Was patient, explained very well , encouraged us
F98: Aug 04, 2023 12:36:07 | G98: 6 | H98: =COUNTIF(O98:T98,">3") -> 5 | I98: Guest | J98: Edmundson, NB | K98: 2023-07-10 | L98: Nancy Price | M98: Nancy Price | N98: Tier 1 | O98: 4 | P98: 4 | Q98: 4 | R98: 3 | S98: 4 | T98: 5 | U98: positive attitude, easy to speak and ask questions too, easy to understand | V98: maybe try having shadow calls a bit earlier in training
F99: Aug 04, 2023 12:36:01 | G99: 6 | H99: =COUNTIF(O99:T99,">3") -> 6 | I99: Guest | J99: Toronto, ON | K99: 2023-07-10 | L99: Nancy Price | M99: Nancy Price | N99: Tier 1 | O99: 5 | P99: 5 | Q99: 5 | R99: 5 | S99: 5 | T99: 5 | U99: Nancy was always very considerate of our needs, and would nudge us along in the right direction if she felt we were going the wrong way. She was always very kind and supportive of us, and gave us lots of anecdotes from her time as an agent, and experience with past classes. | V99: She could find a way to improve her audio quality, as there were several times where the sound would cut out while she was talking. While this was beyond Nancy's control, it would've been nice to have a more thorough onboarding experience, as there was a lot of confusion when the class was first starting with equipment and links and logins and such, but she handled it to the best of her abilities and it was appreciated that she helped where she could.
F100: Aug 04, 2023 12:35:47 | G100: 6 | H100: =COUNTIF(O100:T100,">3") -> 6 | I100: Guest | J100: Montreal, QC | K100: 2023-07-10 | L100: Nancy Price | M100: Scott McDonald | N100: Tier 1 | O100: 5 | P100: 4 | Q100: 5 | R100: 4 | S100: 4 | T100: 4 | U100: The role type and the Web base trainings | V100: Maybe the speed of the explanations
F101: Aug 04, 2023 12:35:21 | G101: 6 | H101: =COUNTIF(O101:T101,">3") -> 6 | I101: Guest | J101: Ottawa | K101: 2023-07-10 | L101: Nancy Price | M101: Nancy Price | N101: Tier 1 | O101: 5 | P101: 5 | Q101: 5 | R101: 4 | S101: 5 | T101: 5 | U101: explaining explicitly, encouraging, and actively listing.
F102: Aug 04, 2023 12:35:04 | G102: 6 | H102: =COUNTIF(O102:T102,">3") -> 6 | I102: Guest | J102: Toronto, ON | K102: 2023-07-10 | L102: Nancy Price | M102: Nancy Price | N102: Tier 1 | O102: 4 | P102: 5 | Q102: 5 | R102: 5 | S102: 5 | T102: 5 | U102: Her positive attitude, always here to help and her confidence
F103: Aug 04, 2023 12:34:54 | G103: 6 | H103: =COUNTIF(O103:T103,">3") -> 6 | I103: Guest | J103: Bridgewater, NS | K103: 2023-07-10 | L103: Nancy Price | M103: Nancy Price | N103: Tier 1 | O103: 5 | P103: 5 | Q103: 5 | R103: 5 | S103: 5 | T103: 5 | U103: - We had lots of opportunity to roleplay which was very helpful for me\n- She gave clear explanation to all of the question and always follow back to make sure everyone understand
...

Sheet Compliance Raw Data
A1: Class Start Date | B1: Trainer Name | C1: Number of Agent Transition to Nesting | D1: PCB AML | E1: CASL | F1: AODA | G1: Health and Safety | H1: WHMIS | I1: Violence & Harassment | J1: Violence & Harassment Quiz | K1: Insider Fraud | L1: Privacy & Security | M1: Seniors Fraud | N1: Compliance Coaching | O1: Complaint Management | P1: Corporate Policy | Q1: Human Rights | R1: Total | S1: Last day in Training
A2: ='[88]2023 Q1'!A2 -> 4.3.2023 | B2: ='[88]2023 Q1'!B2 -> Sneha Menda | C2: ='[88]2023 Q1'!E2 -> 8 | D2: ='[88]2023 Q1'!F2 -> 8 | E2: ='[88]2023 Q1'!G2 -> 8 | F2: ='[88]2023 Q1'!H2 -> 8 | G2: ='[88]2023 Q1'!I2 -> 8 | H2: ='[88]2023 Q1'!J2 -> 8 | I2: ='[88]2023 Q1'!K2 -> 8 | K2: ='[88]2023 Q1'!L2 -> 8 | L2: ='[88]2023 Q1'!M2 -> 8 | M2: ='[88]2023 Q1'!N2 -> 8 | N2: ='[88]2023 Q1'!O2 -> 8 | O2: ='[88]2023 Q1'!P2 -> 8 | P2: ='[88]2023 Q1'!Q2 -> 8 | Q2: ='[88]2023 Q1'!R2 -> 0 | R2: =MIN(D2:P2) -> 8 | S2: ='[88]2023 Q1'!S2 -> 05.02.2023
A3: ='[88]2023 Q1'!A11 -> 4.10.2023 | B3: ='[88]2023 Q1'!B11 -> Dave Lim | C3: ='[88]2023 Q1'!E11 -> 10 | D3: ='[88]2023 Q1'!F11 -> 10 | E3: ='[88]2023 Q1'!G11 -> 10 | F3: ='[88]2023 Q1'!H11 -> 10 | G3: ='[88]2023 Q1'!I11 -> 10 | H3: ='[88]2023 Q1'!J11 -> 10 | I3: ='[88]2023 Q1'!K11 -> 10 | K3: ='[88]2023 Q1'!L11 -> 10 | L3: ='[88]2023 Q1'!M11 -> 10 | M3: ='[88]2023 Q1'!N11 -> 10 | N3: ='[88]2023 Q1'!O11 -> 10 | O3: ='[88]2023 Q1'!P11 -> 10 | P3: ='[88]2023 Q1'!Q11 -> 10 | R3: =MIN(D3:P3) -> 10 | S3: ='[88]2023 Q1'!S11 -> 05.08.2023
A4: ='[88]2023 Q1'!A22 -> 4.17.2023 | B4: ='[88]2023 Q1'!B22 -> Hira Umair | C4: ='[88]2023 Q1'!E22 -> 11 | D4: ='[88]2023 Q1'!F22 -> 11 | E4: ='[88]2023 Q1'!G22 -> 11 | F4: ='[88]2023 Q1'!H22 -> 11 | G4: ='[88]2023 Q1'!I22 -> 11 | H4: ='[88]2023 Q1'!J22 -> 11 | I4: ='[88]2023 Q1'!K22 -> 11 | K4: ='[88]2023 Q1'!L22 -> 11 | L4: ='[88]2023 Q1'!M22 -> 11 | M4: ='[88]2023 Q1'!N22 -> 11 | N4: ='[88]2023 Q1'!O22 -> 11 | O4: ='[88]2023 Q1'!P22 -> 11 | P4: ='[88]2023 Q1'!Q22 -> 11 | R4: =MIN(D4:P4) -> 11 | S4: ='[88]2023 Q1'!S22 -> 45061
A5: ='[88]2023 Q1'!A35 -> 5.1.2023 | B5: ='[88]2023 Q1'!B35 -> Kristi Stead | C5: ='[88]2023 Q1'!E35 -> 14 | D5: ='[88]2023 Q1'!F35 -> 14 | E5: ='[88]2023 Q1'!G35 -> 13 | F5: ='[88]2023 Q1'!H35 -> 13 | G5: ='[88]2023 Q1'!I35 -> 13 | H5: ='[88]2023 Q1'!J35 -> 13 | I5: ='[88]2023 Q1'!K35 -> 13 | K5: ='[88]2023 Q1'!L35 -> 13 | L5: ='[88]2023 Q1'!M35 -> 13 | M5: ='[88]2023 Q1'!N35 -> 13 | N5: ='[88]2023 Q1'!O35 -> 13 | O5: ='[88]2023 Q1'!P35 -> 14 | P5: ='[88]2023 Q1'!Q35 -> 14 | R5: =MIN(D5:P5) -> 13 | S5: ='[88]2023 Q1'!S35 -> 45075
A6: ='[88]2023 Q1'!A50 -> 5.8.2023 | B6: ='[88]2023 Q1'!B50 -> Rowena Lasala | C6: ='[88]2023 Q1'!E50 -> 3 | D6: ='[88]2023 Q1'!F50 -> 3 | E6: ='[88]2023 Q1'!G50 -> 3 | F6: ='[88]2023 Q1'!H50 -> 3 | G6: ='[88]2023 Q1'!I50 -> 3 | H6: ='[88]2023 Q1'!J50 -> 3 | I6: ='[88]2023 Q1'!K50 -> 3 | K6: ='[88]2023 Q1'!L50 -> 3 | L6: ='[88]2023 Q1'!M50 -> 3 | M6: ='[88]2023 Q1'!N50 -> 3 | N6: ='[88]2023 Q1'!O50 -> 3 | O6: ='[88]2023 Q1'!P50 -> 3 | P6: ='[88]2023 Q1'!Q50 -> 3 | R6: =MIN(D6:P6) -> 3 | S6: ='[88]2023 Q1'!S50 -> 06.06.2023
A7: ='[88]2023 Q1'!A54 -> 5.10.2023 | B7: ='[88]2023 Q1'!B54 -> Gilisa Roberts | C7: ='[88]2023 Q1'!E54 -> 10 | D7: ='[88]2023 Q1'!F54 -> 10 | E7: ='[88]2023 Q1'!G54 -> 10 | F7: ='[88]2023 Q1'!H54 -> 10 | G7: ='[88]2023 Q1'!I54 -> 10 | H7: ='[88]2023 Q1'!J54 -> 10 | I7: ='[88]2023 Q1'!K54 -> 10 | K7: ='[88]2023 Q1'!L54 -> 10 | L7: ='[88]2023 Q1'!M54 -> 10 | M7: ='[88]2023 Q1'!N54 -> 10 | N7: ='[88]2023 Q1'!O54 -> 10 | O7: ='[88]2023 Q1'!P54 -> 10 | P7: ='[88]2023 Q1'!Q54 -> 10 | R7: =MIN(D7:P7) -> 10 | S7: ='[88]2023 Q1'!S54 -> 45085
A8: ='[88]2023 Q1'!A65 -> 5.4.2023 | B8: ='[88]2023 Q1'!B65 -> Nancy Price | C8: ='[88]2023 Q1'!E65 -> 7 | D8: ='[88]2023 Q1'!F65 -> 7 | E8: ='[88]2023 Q1'!G65 -> 7 | F8: ='[88]2023 Q1'!H65 -> 7 | G8: ='[88]2023 Q1'!I65 -> 7 | H8: ='[88]2023 Q1'!J65 -> 7 | I8: ='[88]2023 Q1'!K65 -> 7 | K8: ='[88]2023 Q1'!L65 -> 7 | L8: ='[88]2023 Q1'!M65 -> 7 | M8: ='[88]2023 Q1'!N65 -> 7 | N8: ='[88]2023 Q1'!O65 -> 7 | O8: ='[88]2023 Q1'!P65 -> 7 | P8: ='[88]2023 Q1'!Q65 -> 7 | R8: =MIN(D8:P8) -> 7 | S8: ='[88]2023 Q1'!S65 -> 0
A9: ='[88]2023 Q1'!A73 -> 5.23.2023 | B9: ='[88]2023 Q1'!B73 -> Dave Lim | C9: ='[88]2023 Q1'!E73 -> 14 | D9: ='[88]2023 Q1'!F73 -> 14 | E9: ='[88]2023 Q1'!G73 -> 14 | F9: ='[88]2023 Q1'!H73 -> 14 | G9: ='[88]2023 Q1'!I73 -> 14 | H9: ='[88]2023 Q1'!J73 -> 14 | I9: ='[88]2023 Q1'!K73 -> 14 | K9: ='[88]2023 Q1'!L73 -> 14 | L9: ='[88]2023 Q1'!M73 -> 14 | M9: ='[88]2023 Q1'!N73 -> 14 | N9: ='[88]2023 Q1'!O73 -> 14 | O9: ='[88]2023 Q1'!P73 -> 14 | P9: ='[88]2023 Q1'!Q73 -> 0 | R9: =MIN(D9:P9) -> 0 | S9: ='[88]2023 Q1'!S73 -> 06.20.2023
A10: ='[88]2023 Q1'!A88 -> 5.29.2023 | B10: ='[88]2023 Q1'!B88 -> Bib Alli | C10: ='[88]2023 Q1'!E88 -> 4 | D10: ='[88]2023 Q1'!F88 -> 4 | E10: ='[88]2023 Q1'!G88 -> 4 | F10: ='[88]2023 Q1'!H88 -> 4 | G10: ='[88]2023 Q1'!I88 -> 4 | H10: ='[88]2023 Q1'!J88 -> 4 | I10: ='[88]2023 Q1'!K88 -> 4 | K10: ='[88]2023 Q1'!L88 -> 4 | L10: ='[88]2023 Q1'!M88 -> 4 | M10: ='[88]2023 Q1'!N88 -> 4 | N10: ='[88]2023 Q1'!O88 -> 4 | O10: ='[88]2023 Q1'!P88 -> 4 | P10: ='[88]2023 Q1'!Q88 -> 4 | R10: =MIN(D10:P10) -> 4 | S10: ='[88]2023 Q1'!S88 -> 06.26.2023
A11: ='[88]2023 Q1'!A94 -> 6.5.2023 | B11: ='[88]2023 Q1'!B94 -> Sneha Menda | C11: ='[88]2023 Q1'!E94 -> 12 | D11: ='[88]2023 Q1'!F94 -> 12 | E11: ='[88]2023 Q1'!G94 -> 12 | F11: ='[88]2023 Q1'!H94 -> 12 | G11: ='[88]2023 Q1'!I94 -> 12 | H11: ='[88]2023 Q1'!J94 -> 12 | I11: ='[88]2023 Q1'!K94 -> 12 | K11: ='[88]2023 Q1'!L94 -> 12 | L11: ='[88]2023 Q1'!M94 -> 12 | M11: ='[88]2023 Q1'!N94 -> 12 | N11: ='[88]2023 Q1'!O94 -> 12 | O11: ='[88]2023 Q1'!P94 -> 12 | P11: ='[88]2023 Q1'!Q94 -> 12 | R11: =MIN(D11:P11) -> 12 | S11: ='[88]2023 Q1'!S94 -> 07.04.2023
A12: ='[88]2023 Q1'!A107 -> 6.12.2023 | B12: ='[88]2023 Q1'!B107 -> Nancy Price | C12: ='[88]2023 Q1'!E107 -> 8 | D12: ='[88]2023 Q1'!F107 -> 8 | E12: ='[88]2023 Q1'!G107 -> 8 | F12: ='[88]2023 Q1'!H107 -> 8 | G12: ='[88]2023 Q1'!I107 -> 8 | H12: ='[88]2023 Q1'!J107 -> 8 | I12: ='[88]2023 Q1'!K107 -> 8 | K12: ='[88]2023 Q1'!L107 -> 8 | L12: ='[88]2023 Q1'!M107 -> 8 | M12: ='[88]2023 Q1'!N107 -> 8 | N12: ='[88]2023 Q1'!O107 -> 8 | O12: ='[88]2023 Q1'!P107 -> 8 | P12: ='[88]2023 Q1'!Q107 -> 8 | R12: =MIN(D12:P12) -> 8 | S12: ='[88]2023 Q1'!S107 -> 45117
A13: ='[88]2023 Q1'!A116 -> 6.19.2023 | B13: ='[88]2023 Q1'!B116 -> Hira Umair | C13: ='[88]2023 Q1'!E116 -> 14 | D13: ='[88]2023 Q1'!F116 -> 14 | E13: ='[88]2023 Q1'!G116 -> 14 | F13: ='[88]2023 Q1'!H116 -> 14 | G13: ='[88]2023 Q1'!I116 -> 14 | H13: ='[88]2023 Q1'!J116 -> 14 | I13: ='[88]2023 Q1'!K116 -> 14 | K13: ='[88]2023 Q1'!L116 -> 14 | L13: ='[88]2023 Q1'!M116 -> 14 | M13: ='[88]2023 Q1'!N116 -> 14 | N13: ='[88]2023 Q1'!O116 -> 14 | O13: ='[88]2023 Q1'!P116 -> 14 | P13: ='[88]2023 Q1'!Q116 -> 14 | R13: =MIN(D13:P13) -> 14 | S13: ='[88]2023 Q1'!S116 -> July 17, 2023
A14: ='[88]2023 Q1'!A131 -> 6.26.2023 | B14: ='[88]2023 Q1'!B131 -> Rowena Lasala | C14: ='[88]2023 Q1'!E131 -> 13 | D14: ='[88]2023 Q1'!F131 -> 13 | E14: ='[88]2023 Q1'!G131 -> 13 | F14: ='[88]2023 Q1'!H131 -> 13 | G14: ='[88]2023 Q1'!I131 -> 13 | H14: ='[88]2023 Q1'!J131 -> 13 | I14: ='[88]2023 Q1'!K131 -> 13 | K14: ='[88]2023 Q1'!L131 -> 13 | L14: ='[88]2023 Q1'!M131 -> 13 | M14: ='[88]2023 Q1'!N131 -> 13 | N14: ='[88]2023 Q1'!O131 -> 13 | O14: ='[88]2023 Q1'!P131 -> 13 | P14: ='[88]2023 Q1'!Q131 -> 13 | R14: =MIN(D14:P14) -> 13 | S14: ='[88]2023 Q1'!S131 -> 45132
A15: ='[88]2023 Q2'!A2 -> 7.4.2023 | B15: ='[88]2023 Q2'!B2 -> Jordan Saulnier | C15: ='[88]2023 Q2'!E2 -> 4 | D15: ='[88]2023 Q2'!F2 -> 4 | E15: ='[88]2023 Q2'!H2 -> 4 | F15: ='[88]2023 Q2'!J2 -> 4 | G15: ='[88]2023 Q2'!L2 -> 4 | H15: ='[88]2023 Q2'!N2 -> 4 | I15: ='[88]2023 Q2'!P2 -> 4 | K15: ='[88]2023 Q2'!R2 -> 4 | L15: ='[88]2023 Q2'!T2 -> 4 | M15: ='[88]2023 Q2'!V2 -> 4 | N15: ='[88]2023 Q2'!X2 -> 4 | O15: ='[88]2023 Q2'!Z2 -> 4 | P15: ='[88]2023 Q2'!AB2 -> 4 | R15: =MIN(D15:P15) -> 4 | S15: ='[88]2023 Q2'!AE2 -> 08.01.2023
A16: ='[88]2023 Q2'!A7 -> 7.10.2023 | B16: ='[88]2023 Q2'!B7 -> Nancy Price | C16: ='[88]2023 Q2'!E7 -> 10 | D16: ='[88]2023 Q2'!F7 -> 10 | E16: ='[88]2023 Q2'!H7 -> 10 | F16: ='[88]2023 Q2'!J7 -> 10 | G16: ='[88]2023 Q2'!L7 -> 10 | H16: ='[88]2023 Q2'!N7 -> 10 | I16: ='[88]2023 Q2'!P7 -> 10 | K16: ='[88]2023 Q2'!R7 -> 10 | L16: ='[88]2023 Q2'!T7 -> 10 | M16: ='[88]2023 Q2'!V7 -> 10 | N16: ='[88]2023 Q2'!X7 -> 10 | O16: ='[88]2023 Q2'!Z7 -> 10 | P16: ='[88]2023 Q2'!AB7 -> 10 | R16: =MIN(D16:P16) -> 10 | S16: ='[88]2023 Q2'!AE7 -> August 8th 2023
A17: ='[88]2023 Q2'!A18 -> 7.17.2023 | B17: ='[88]2023 Q2'!B18 -> Scott McDonald | C17: ='[88]2023 Q2'!E18 -> 10 | D17: ='[88]2023 Q2'!F18 -> 10 | E17: ='[88]2023 Q2'!H18 -> 10 | F17: ='[88]2023 Q2'!J18 -> 10 | G17: ='[88]2023 Q2'!L18 -> 10 | H17: ='[88]2023 Q2'!N18 -> 10 | I17: ='[88]2023 Q2'!P18 -> 10 | K17: ='[88]2023 Q2'!R18 -> 10 | L17: ='[88]2023 Q2'!T18 -> 10 | M17: ='[88]2023 Q2'!V18 -> 10 | N17: ='[88]2023 Q2'!X18 -> 10 | O17: ='[88]2023 Q2'!Z18 -> 10 | P17: ='[88]2023 Q2'!AB18 -> 10 | R17: =MIN(D17:P17) -> 10 | S17: ='[88]2023 Q2'!AE18 -> 08/15/2023
A18: ='[88]2023 Q2'!A29 -> 7.24.2023 | B18: ='[88]2023 Q2'!B29 -> Sneha Menda | C18: ='[88]2023 Q2'!E29 -> 11 | D18: ='[88]2023 Q2'!F29 -> 11 | E18: ='[88]2023 Q2'!H29 -> 11 | F18: ='[88]2023 Q2'!J29 -> 11 | G18: ='[88]2023 Q2'!L29 -> 11 | H18: ='[88]2023 Q2'!N29 -> 11 | I18: ='[88]2023 Q2'!P29 -> 11 | K18: ='[88]2023 Q2'!R29 -> 11 | L18: ='[88]2023 Q2'!T29 -> 11 | M18: ='[88]2023 Q2'!V29 -> 11 | N18: ='[88]2023 Q2'!X29 -> 11 | O18: ='[88]2023 Q2'!Z29 -> 11 | P18: ='[88]2023 Q2'!AB29 -> 11 | R18: =MIN(D18:P18) -> 11 | S18: ='[88]2023 Q2'!AE29 -> 45160
A19: ='[88]2023 Q2'!A41 -> 7.31.2023 | B19: ='[88]2023 Q2'!B41 -> Hira Umair | C19: ='[88]2023 Q2'!E41 -> 6 | D19: ='[88]2023 Q2'!F41 -> 6 | E19: ='[88]2023 Q2'!H41 -> 6 | F19: ='[88]2023 Q2'!J41 -> 6 | G19: ='[88]2023 Q2'!L41 -> 6 | H19: ='[88]2023 Q2'!N41 -> 6 | I19: ='[88]2023 Q2'!P41 -> 6 | K19: ='[88]2023 Q2'!R41 -> 6 | L19: ='[88]2023 Q2'!T41 -> 6 | M19: ='[88]2023 Q2'!V41 -> 6 | N19: ='[88]2023 Q2'!X41 -> 6 | O19: ='[88]2023 Q2'!Z41 -> 6 | P19: ='[88]2023 Q2'!AB41 -> 6 | R19: =MIN(D19:P19) -> 6 | S19: ='[88]2023 Q2'!AE41 -> 45166
A20: ='[88]2023 Q2'!A53 -> 8.8.2023 | B20: ='[88]2023 Q2'!B53 -> Dave Lim | C20: ='[88]2023 Q2'!E53 -> 10 | D20: ='[88]2023 Q2'!F53 -> 10 | E20: ='[88]2023 Q2'!H53 -> 10 | F20: ='[88]2023 Q2'!J53 -> 10 | G20: ='[88]2023 Q2'!L53 -> 10 | H20: ='[88]2023 Q2'!N53 -> 10 | I20: ='[88]2023 Q2'!P53 -> 10 | K20: ='[88]2023 Q2'!R53 -> 10 | L20: ='[88]2023 Q2'!T53 -> 10 | M20: ='[88]2023 Q2'!V53 -> 10 | N20: ='[88]2023 Q2'!X53 -> 10 | O20: ='[88]2023 Q2'!Z53 -> 10 | P20: ='[88]2023 Q2'!AB53 -> 10 | R20: =MIN(D20:P20) -> 10 | S20: ='[88]2023 Q2'!AE53 -> 45175
A21: ='[88]2023 Q2'!A64 -> 8.14.2023 | B21: ='[88]2023 Q2'!B64 -> Rowena Lasala | C21: ='[88]2023 Q2'!E64 -> 8 | D21: ='[88]2023 Q2'!F64 -> 8 | E21: ='[88]2023 Q2'!H64 -> 8 | F21: ='[88]2023 Q2'!J64 -> 8 | G21: ='[88]2023 Q2'!L64 -> 8 | H21: ='[88]2023 Q2'!N64 -> 8 | I21: ='[88]2023 Q2'!P64 -> 8 | K21: ='[88]2023 Q2'!R64 -> 8 | L21: ='[88]2023 Q2'!T64 -> 8 | M21: ='[88]2023 Q2'!V64 -> 8 | N21: ='[88]2023 Q2'!X64 -> 8 | O21: ='[88]2023 Q2'!Z64 -> 8 | P21: ='[88]2023 Q2'!AB64 -> 8 | R21: =MIN(D21:P21) -> 8 | S21: ='[88]2023 Q2'!AE64 -> 45152
A22: ='[88]2023 Q2'!A73 -> 8.28.2023 | B22: ='[88]2023 Q2'!B73 -> Hira Umair | C22: ='[88]2023 Q2'!E73 -> 8 | D22: ='[88]2023 Q2'!F73 -> 8 | E22: ='[88]2023 Q2'!H73 -> 8 | F22: ='[88]2023 Q2'!J73 -> 8 | G22: ='[88]2023 Q2'!L73 -> 8 | H22: ='[88]2023 Q2'!N73 -> 8 | I22: ='[88]2023 Q2'!P73 -> 8 | K22: ='[88]2023 Q2'!R73 -> 8 | L22: ='[88]2023 Q2'!T73 -> 8 | M22: ='[88]2023 Q2'!V73 -> 8 | N22: ='[88]2023 Q2'!X73 -> 8 | O22: ='[88]2023 Q2'!Z73 -> 8 | P22: ='[88]2023 Q2'!AB73 -> 8 | R22: =MIN(D22:P22) -> 8 | S22: ='[88]2023 Q2'!AE73 -> 09.26.2023
A23: ='[88]2023 Q2'!A83 -> 09.11.2023 | B23: ='[88]2023 Q2'!B83 -> Scott McDonald | C23: ='[88]2023 Q2'!E83 -> 11 | D23: ='[88]2023 Q2'!F83 -> 11 | E23: ='[88]2023 Q2'!H83 -> 11 | F23: ='[88]2023 Q2'!J83 -> 11 | G23: ='[88]2023 Q2'!L83 -> 11 | H23: ='[88]2023 Q2'!N83 -> 11 | I23: ='[88]2023 Q2'!P83 -> 11 | K23: ='[88]2023 Q2'!R83 -> 11 | L23: ='[88]2023 Q2'!T83 -> 11 | M23: ='[88]2023 Q2'!V83 -> 11 | N23: ='[88]2023 Q2'!X83 -> 11 | O23: ='[88]2023 Q2'!Z83 -> 11 | P23: ='[88]2023 Q2'!AB83 -> 11 | R23: =MIN(D23:P23) -> 11 | S23: ='[88]2023 Q2'!AE83 -> 45202
A24: ='[88]2023 Q2'!A95 -> 09.18.2023 | B24: ='[88]2023 Q2'!B95 -> Gilisa Roberts | C24: ='[88]2023 Q2'!E95 -> 10 | D24: ='[88]2023 Q2'!F95 -> 10 | E24: ='[88]2023 Q2'!H95 -> 10 | F24: ='[88]2023 Q2'!J95 -> 10 | G24: ='[88]2023 Q2'!L95 -> 10 | H24: ='[88]2023 Q2'!N95 -> 10 | I24: ='[88]2023 Q2'!P95 -> 10 | K24: ='[88]2023 Q2'!R95 -> 10 | L24: ='[88]2023 Q2'!T95 -> 10 | M24: ='[88]2023 Q2'!V95 -> 10 | N24: ='[88]2023 Q2'!X95 -> 10 | O24: ='[88]2023 Q2'!Z95 -> 11 | P24: ='[88]2023 Q2'!AB95 -> 10 | R24: =MIN(D24:P24) -> 10 | S24: ='[88]2023 Q2'!AE95 -> 45203
A25: ='[88]2023 Q3'!A2 -> 10.02.2023 | B25: ='[88]2023 Q3'!B2 -> Jordan Saulnier | C25: ='[88]2023 Q3'!E2 -> 9 | D25: ='[88]2023 Q3'!F2 -> 9 | E25: ='[88]2023 Q3'!H2 -> 9 | F25: ='[88]2023 Q3'!J2 -> 9 | G25: ='[88]2023 Q3'!L2 -> 9 | H25: ='[88]2023 Q3'!N2 -> 9 | I25: ='[88]2023 Q3'!P2 -> 9 | J25: ='[88]2023 Q3'!R2 -> 0 | K25: ='[88]2023 Q3'!T2 -> 9 | L25: ='[88]2023 Q3'!V2 -> 9 | M25: ='[88]2023 Q3'!X2 -> 9 | N25: ='[88]2023 Q3'!Z2 -> 8 | O25: ='[88]2023 Q3'!AB2 -> 8 | P25: ='[88]2023 Q3'!AD2 -> 9 | Q25: ='[88]2023 Q3'!AF2 -> 0 | R25: =MIN(D25:P25) -> 0 | S25: ='[88]2023 Q3'!AI2 -> 45215
A26: ='[88]2023 Q3'!A12 -> 10.16.2023 | B26: ='[88]2023 Q3'!B12 -> Ruschel Bartolome | C26: ='[88]2023 Q3'!E12 -> 8 | D26: ='[88]2023 Q3'!F12 -> 8 | E26: ='[88]2023 Q3'!H12 -> 8 | F26: ='[88]2023 Q3'!J12 -> 8 | G26: ='[88]2023 Q3'!L12 -> 8 | H26: ='[88]2023 Q3'!N12 -> 8 | I26: ='[88]2023 Q3'!P12 -> 8 | J26: ='[88]2023 Q3'!R12 -> 0 | K26: ='[88]2023 Q3'!T12 -> 8 | L26: ='[88]2023 Q3'!V12 -> 8 | M26: ='[88]2023 Q3'!X12 -> 8 | N26: ='[88]2023 Q3'!Z12 -> 8 | O26: ='[88]2023 Q3'!AB12 -> 8 | P26: ='[88]2023 Q3'!AD12 -> 8 | Q26: ='[88]2023 Q3'!AF12 -> 0 | R26: =MIN(D26:P26) -> 0 | S26: ='[88]2023 Q3'!AI12 -> 45229
A27: ='[88]2023 Q3'!A21 -> 11.06.2023 | B27: ='[88]2023 Q3'!B21 -> Scott McDonald | C27: ='[88]2023 Q3'!E21 -> 8 | D27: ='[88]2023 Q3'!F21 -> 10 | E27: ='[88]2023 Q3'!H21 -> 10 | F27: ='[88]2023 Q3'!J21 -> 10 | G27: ='[88]2023 Q3'!L21 -> 10 | H27: ='[88]2023 Q3'!N21 -> 10 | I27: ='[88]2023 Q3'!P21 -> 10 | J27: ='[88]2023 Q3'!R21 -> 0 | K27: ='[88]2023 Q3'!T21 -> 10 | L27: ='[88]2023 Q3'!V21 -> 10 | M27: ='[88]2023 Q3'!X21 -> 10 | N27: ='[88]2023 Q3'!Z21 -> 10 | O27: ='[88]2023 Q3'!AB21 -> 10 | P27: ='[88]2023 Q3'!AD21 -> 10 | Q27: ='[88]2023 Q3'!AF21 -> 0 | R27: =MIN(D27:P27) -> 0 | S27: ='[88]2023 Q3'!AI21 -> 45250
A28: ='[88]2023 Q3'!A32 -> 11.20.2023 | B28: ='[88]2023 Q3'!B32 -> Jordan Saulnier | C28: ='[88]2023 Q3'!E32 -> 8 | D28: ='[88]2023 Q3'!F32 -> 9 | E28: ='[88]2023 Q3'!H32 -> 9 | F28: ='[88]2023 Q3'!J32 -> 9 | G28: ='[88]2023 Q3'!L32 -> 9 | H28: ='[88]2023 Q3'!N32 -> 9 | I28: ='[88]2023 Q3'!P32 -> 9 | J28: ='[88]2023 Q3'!R32 -> 9 | K28: ='[88]2023 Q3'!T32 -> 9 | L28: ='[88]2023 Q3'!V32 -> 9 | M28: ='[88]2023 Q3'!X32 -> 9 | N28: ='[88]2023 Q3'!Z32 -> 9 | O28: ='[88]2023 Q3'!AB32 -> 9 | P28: ='[88]2023 Q3'!AD32 -> 9 | Q28: ='[88]2023 Q3'!AF32 -> 9 | R28: =MIN(D28:P28) -> 9 | S28: ='[88]2023 Q3'!AI32 -> 45265
A29: ='[88]2023 Q3'!A32 -> 11.20.2023 | B29: Viena Lacena | C29: ='[88]2023 Q3'!E32 -> 8 | D29: ='[88]2023 Q3'!F32 -> 9 | E29: ='[88]2023 Q3'!H32 -> 9 | F29: ='[88]2023 Q3'!J32 -> 9 | G29: ='[88]2023 Q3'!L32 -> 9 | H29: ='[88]2023 Q3'!N32 -> 9 | I29: ='[88]2023 Q3'!P32 -> 9 | J29: ='[88]2023 Q3'!R32 -> 9 | K29: ='[88]2023 Q3'!T32 -> 9 | L29: ='[88]2023 Q3'!V32 -> 9 | M29: ='[88]2023 Q3'!X32 -> 9 | N29: ='[88]2023 Q3'!Z32 -> 9 | O29: ='[88]2023 Q3'!AB32 -> 9 | P29: ='[88]2023 Q3'!AD32 -> 9 | Q29: ='[88]2023 Q3'!AF32 -> 9 | R29: =MIN(D29:P29) -> 9 | S29: ='[88]2023 Q3'!AI32 -> 45265
A30: ='[88]2023 Q3'!A42 -> 11.27.2023 | B30: ='[88]2023 Q3'!B42 -> Ruschel Bartolome | C30: ='[88]2023 Q3'!E42 -> 10 | D30: ='[88]2023 Q3'!F42 -> 10 | E30: ='[88]2023 Q3'!H42 -> 10 | F30: ='[88]2023 Q3'!J42 -> 10 | G30: ='[88]2023 Q3'!L42 -> 10 | H30: ='[88]2023 Q3'!N42 -> 10 | I30: ='[88]2023 Q3'!P42 -> 10 | J30: ='[88]2023 Q3'!R42 -> 10 | K30: ='[88]2023 Q3'!T42 -> 10 | L30: ='[88]2023 Q3'!V42 -> 10 | M30: ='[88]2023 Q3'!X42 -> 10 | N30: ='[88]2023 Q3'!Z42 -> 10 | O30: ='[88]2023 Q3'!AB42 -> 10 | P30: ='[88]2023 Q3'!AD42 -> 10 | Q30: ='[88]2023 Q3'!AF42 -> 10 | R30: =MIN(D30:P30) -> 10 | S30: ='[88]2023 Q3'!AI42 -> 12/13/2023
A31: ='[88]HomeTrust Compliance'!A2 -> 04.03.2023 | B31: ='[88]HomeTrust Compliance'!B3 -> Debbie Anthony | C31: ='[88]HomeTrust Compliance'!E2 -> 3 | D31: ='[88]HomeTrust Compliance'!F2 -> 3 | E31: ='[88]HomeTrust Compliance'!H2 -> 3 | F31: ='[88]HomeTrust Compliance'!J2 -> 3 | G31: ='[88]HomeTrust Compliance'!L2 -> 3 | H31: ='[88]HomeTrust Compliance'!N2 -> 3 | I31: ='[88]HomeTrust Compliance'!P2 -> 3 | K31: ='[88]HomeTrust Compliance'!R2 -> 3 | L31: ='[88]HomeTrust Compliance'!T2 -> 3 | P31: ='[88]HomeTrust Compliance'!W2 -> 3 | Q31: ='[88]2023 Q1'!R30 -> 0 | R31: =MIN(D31:P31) -> 3 | S31: ='[88]2023 Q1'!S30 -> 45061
A32: ='[88]HomeTrust Compliance'!A6 -> 06.12.2023 | B32: ='[88]HomeTrust Compliance'!B7 -> Debbie Anthony | C32: ='[88]HomeTrust Compliance'!E6 -> 1 | D32: ='[88]HomeTrust Compliance'!F6 -> 2 | E32: ='[88]HomeTrust Compliance'!H6 -> 2 | F32: ='[88]HomeTrust Compliance'!J6 -> 2 | G32: ='[88]HomeTrust Compliance'!L6 -> 2 | H32: ='[88]HomeTrust Compliance'!N6 -> 2 | I32: ='[88]HomeTrust Compliance'!P6 -> 2 | K32: ='[88]HomeTrust Compliance'!R6 -> 2 | L32: ='[88]HomeTrust Compliance'!T6 -> 2 | P32: ='[88]HomeTrust Compliance'!W6 -> 2 | R32: =MIN(D32:P32) -> 2 | S32: ='[88]2023 Q1'!S34 -> 1
A33: ='[88]HomeTrust Compliance'!A9 -> 08.01.2023 | B33: ='[88]HomeTrust Compliance'!B10 -> Debbie Anthony | C33: ='[88]HomeTrust Compliance'!E9 -> 1 | D33: ='[88]HomeTrust Compliance'!F9 -> 2 | E33: ='[88]HomeTrust Compliance'!H9 -> 2 | F33: ='[88]HomeTrust Compliance'!J9 -> 2 | G33: ='[88]HomeTrust Compliance'!L9 -> 2 | H33: ='[88]HomeTrust Compliance'!N9 -> 2 | I33: ='[88]HomeTrust Compliance'!P9 -> 2 | K33: ='[88]HomeTrust Compliance'!R9 -> 2 | L33: ='[88]HomeTrust Compliance'!T9 -> 2 | P33: ='[88]HomeTrust Compliance'!W9 -> 2 | R33: =MIN(D33:P33) -> 2 | S33: ='[88]2023 Q1'!S37 -> 45072
A34: ='[88]HomeTrust Compliance'!A12 -> 10.02.2023 | B34: ='[88]HomeTrust Compliance'!B13 -> Debbie Anthony | C34: ='[88]HomeTrust Compliance'!E12 -> 3 | D34: ='[88]HomeTrust Compliance'!F12 -> 3 | E34: ='[88]HomeTrust Compliance'!H12 -> 3 | F34: ='[88]HomeTrust Compliance'!J12 -> 3 | G34: ='[88]HomeTrust Compliance'!L12 -> 3 | H34: ='[88]HomeTrust Compliance'!N12 -> 3 | I34: ='[88]HomeTrust Compliance'!P12 -> 3 | K34: ='[88]HomeTrust Compliance'!R12 -> 3 | L34: ='[88]HomeTrust Compliance'!T12 -> 3 | P34: ='[88]HomeTrust Compliance'!W12 -> 3 | R34: =MIN(D34:P34) -> 3 | S34: ='[88]2023 Q1'!S40 -> 45072
A35: ='[88]HomeTrust Compliance'!A16 -> 11.20.2023 | B35: ='[88]HomeTrust Compliance'!B17 -> Debbie Anthony | C35: ='[88]HomeTrust Compliance'!E16 -> 2 | D35: ='[88]HomeTrust Compliance'!F16 -> 2 | E35: ='[88]HomeTrust Compliance'!H16 -> 2 | F35: ='[88]HomeTrust Compliance'!J16 -> 2 | G35: ='[88]HomeTrust Compliance'!L16 -> 2 | H35: ='[88]HomeTrust Compliance'!N16 -> 2 | I35: ='[88]HomeTrust Compliance'!P16 -> 2 | K35: ='[88]HomeTrust Compliance'!R16 -> 2 | L35: ='[88]HomeTrust Compliance'!T16 -> 2 | P35: ='[88]HomeTrust Compliance'!W16 -> 2 | R35: =MIN(D35:P35) -> 2 | S35: ='[88]2023 Q1'!S44 -> 45072
A36: =[88]Laurentian!A2 -> 08.10.2023 | B36: =[88]Laurentian!B3 -> Stephany Chavez | C36: =[88]Laurentian!E2 -> 13 | D36: =[88]Laurentian!F2 -> 0 | E36: =[88]Laurentian!G2 -> 0 | F36: =[88]Laurentian!H2 -> 0 | G36: =[88]Laurentian!I2 -> 0 | H36: =[88]Laurentian!J2 -> 0 | I36: =[88]Laurentian!K2 -> 0 | K36: =[88]Laurentian!L2 -> 0 | L36: =[88]Laurentian!M2 -> 0 | P36: =[88]Laurentian!N2 -> 0 | R36: =MIN(D36:P36) -> 0 | S36: ='[88]2023 Q1'!S35 -> 45075
A37: =[88]Laurentian!A18 -> 08.14.2023 | B37: STephany Chavez | C37: =[88]Laurentian!E18 -> 11 | D37: =[88]Laurentian!F18 -> 8 | E37: =[88]Laurentian!G18 -> 11 | F37: =[88]Laurentian!H18 -> 9 | G37: =[88]Laurentian!I18 -> 9 | H37: =[88]Laurentian!J18 -> 10 | I37: =[88]Laurentian!K18 -> 9 | K37: =[88]Laurentian!L18 -> 0 | L37: =[88]Laurentian!M18 -> 10 | P37: =[88]Laurentian!N18 -> 9 | R37: =MIN(D37:P37) -> 0 | S37: ='[88]2023 Q1'!S51 -> 45079
A38: =[88]Laurentian!A38 -> 9.20.2023 | B38: STephany Chavez | C38: =[88]Laurentian!E38 -> 13 | D38: =[88]Laurentian!F38 -> 3 | E38: =[88]Laurentian!G38 -> 3 | F38: =[88]Laurentian!H38 -> 3 | G38: =[88]Laurentian!I38 -> 3 | H38: =[88]Laurentian!J38 -> 4 | I38: =[88]Laurentian!K38 -> 6 | K38: =[88]Laurentian!L38 -> 0 | L38: =[88]Laurentian!M38 -> 3 | P38: =[88]Laurentian!N38 -> 5 | R38: =MIN(D38:P38) -> 0
A39: =[88]Laurentian!A57 -> 10.16.2023 | B39: STephany Chavez | C39: =[88]Laurentian!E57 -> 11 | D39: =[88]Laurentian!F57 -> 10 | E39: =[88]Laurentian!G57 -> 10 | F39: =[88]Laurentian!H57 -> 10 | G39: =[88]Laurentian!I57 -> 10 | H39: =[88]Laurentian!J57 -> 10 | I39: =[88]Laurentian!K57 -> 10 | K39: =[88]Laurentian!L57 -> 0 | L39: =[88]Laurentian!M57 -> 10 | P39: =[88]Laurentian!N57 -> 10 | R39: =MIN(D39:P39) -> 0
A40: ='[88]2024 Q4'!A2 -> 01.29.2024 | B40: ='[88]2024 Q4'!B2 -> Rowena Lasala | C40: ='[88]2024 Q4'!E2 -> 5 | D40: ='[88]2024 Q4'!F2 -> 7 | E40: ='[88]2024 Q4'!H2 -> 7 | F40: ='[88]2024 Q4'!J2 -> 8 | G40: ='[88]2024 Q4'!L2 -> 8 | H40: ='[88]2024 Q4'!N2 -> 7 | I40: ='[88]2024 Q4'!P2 -> 7 | J40: ='[88]2024 Q4'!R2 -> 7 | K40: ='[88]2024 Q4'!T2 -> 7 | L40: ='[88]2024 Q4'!V2 -> 8 | M40: ='[88]2024 Q4'!X2 -> 6 | N40: ='[88]2024 Q4'!Z2 -> 7 | O40: ='[88]2024 Q4'!AB2 -> 6 | P40: ='[88]2024 Q4'!AD2 -> 7 | Q40: ='[88]2024 Q4'!AF2 -> 7 | R40: =MIN(D40:Q40) -> 6 | S40: ='[88]2024 Q4'!AI2 -> 45336
A41: ='[88]2024 Q4'!A2 -> 01.29.2024 | B41: ='[88]2024 Q4'!C2 -> Maria Skubiszewska | C41: ='[88]2024 Q4'!E2 -> 5 | D41: ='[88]2024 Q4'!F2 -> 7 | E41: ='[88]2024 Q4'!H2 -> 7 | F41: ='[88]2024 Q4'!J2 -> 8 | G41: ='[88]2024 Q4'!L2 -> 8 | H41: ='[88]2024 Q4'!N2 -> 7 | I41: ='[88]2024 Q4'!P2 -> 7 | J41: ='[88]2024 Q4'!R2 -> 7 | K41: ='[88]2024 Q4'!T2 -> 7 | L41: ='[88]2024 Q4'!V2 -> 8 | M41: ='[88]2024 Q4'!X2 -> 6 | N41: ='[88]2024 Q4'!Z2 -> 7 | O41: ='[88]2024 Q4'!AB2 -> 6 | P41: ='[88]2024 Q4'!AD2 -> 7 | Q41: ='[88]2024 Q4'!AF2 -> 7 | R41: =MIN(D41:Q41) -> 6 | S41: ='[88]2024 Q4'!AI2 -> 45336
A42: ='[88]2024 Q4'!A15 -> 01.29.2024 | B42: ='[88]2024 Q4'!B15 -> Jordan Saulnier | C42: ='[88]2024 Q4'!E15 -> 6 | D42: ='[88]2024 Q4'!F15 -> 8 | E42: ='[88]2024 Q4'!H15 -> 8 | F42: ='[88]2024 Q4'!J15 -> 8 | G42: ='[88]2024 Q4'!L15 -> 8 | H42: ='[88]2024 Q4'!N15 -> 8 | I42: ='[88]2024 Q4'!P15 -> 8 | J42: ='[88]2024 Q4'!R15 -> 8 | K42: ='[88]2024 Q4'!T15 -> 8 | L42: ='[88]2024 Q4'!V15 -> 8 | M42: ='[88]2024 Q4'!X15 -> 7 | N42: ='[88]2024 Q4'!Z15 -> 8 | O42: ='[88]2024 Q4'!AB15 -> 7 | P42: ='[88]2024 Q4'!AD15 -> 7 | Q42: ='[88]2024 Q4'!AF15 -> 8 | R42: =MIN(D42:Q42) -> 7 | S42: ='[88]2024 Q4'!AI15 -> 45336
A43: ='[88]2024 Q4'!A15 -> 01.29.2024 | B43: ='[88]2024 Q4'!C15 -> Kristi Stead | C43: ='[88]2024 Q4'!E15 -> 6 | D43: ='[88]2024 Q4'!F15 -> 8 | E43: ='[88]2024 Q4'!H15 -> 8 | F43: ='[88]2024 Q4'!J15 -> 8 | G43: ='[88]2024 Q4'!L15 -> 8 | H43: ='[88]2024 Q4'!N15 -> 8 | I43: ='[88]2024 Q4'!P15 -> 8 | J43: ='[88]2024 Q4'!R15 -> 8 | K43: ='[88]2024 Q4'!T15 -> 8 | L43: ='[88]2024 Q4'!V15 -> 8 | M43: ='[88]2024 Q4'!X15 -> 7 | N43: ='[88]2024 Q4'!Z15 -> 8 | O43: ='[88]2024 Q4'!AB15 -> 7 | P43: ='[88]2024 Q4'!AD15 -> 7 | Q43: ='[88]2024 Q4'!AF15 -> 8 | R43: =MIN(D43:Q43) -> 7 | S43: ='[88]2024 Q4'!AI15 -> 45336
A44: ='[88]2024 Q4'!A25 -> 02.05.2024 | B44: ='[88]2024 Q4'!B25 -> Dave Lim | C44: ='[88]2024 Q4'!E25 -> 6 | D44: ='[88]2024 Q4'!F25 -> 9 | E44: ='[88]2024 Q4'!H25 -> 9 | F44: ='[88]2024 Q4'!J25 -> 9 | G44: ='[88]2024 Q4'!L25 -> 9 | H44: ='[88]2024 Q4'!N25 -> 9 | I44: ='[88]2024 Q4'!P25 -> 9 | J44: ='[88]2024 Q4'!R25 -> 9 | K44: ='[88]2024 Q4'!T25 -> 9 | L44: ='[88]2024 Q4'!V25 -> 9 | M44: ='[88]2024 Q4'!X25 -> 9 | N44: ='[88]2024 Q4'!Z25 -> 9 | O44: ='[88]2024 Q4'!AB25 -> 9 | P44: ='[88]2024 Q4'!AD25 -> 9 | Q44: ='[88]2024 Q4'!AF25 -> 9 | R44: =MIN(D44:Q44) -> 9 | S44: ='[88]2024 Q4'!AI25 -> 45343
A45: ='[88]2024 Q4'!A25 -> 02.05.2024 | B45: ='[88]2024 Q4'!C25 -> Siya Nugent | C45: ='[88]2024 Q4'!E25 -> 6 | D45: ='[88]2024 Q4'!F25 -> 9 | E45: ='[88]2024 Q4'!H25 -> 9 | F45: ='[88]2024 Q4'!J25 -> 9 | G45: ='[88]2024 Q4'!L25 -> 9 | H45: ='[88]2024 Q4'!N25 -> 9 | I45: ='[88]2024 Q4'!P25 -> 9 | J45: ='[88]2024 Q4'!R25 -> 9 | K45: ='[88]2024 Q4'!T25 -> 9 | L45: ='[88]2024 Q4'!V25 -> 9 | M45: ='[88]2024 Q4'!X25 -> 9 | N45: ='[88]2024 Q4'!Z25 -> 9 | O45: ='[88]2024 Q4'!AB25 -> 9 | P45: ='[88]2024 Q4'!AD25 -> 9 | Q45: ='[88]2024 Q4'!AF25 -> 9 | R45: =MIN(D45:Q45) -> 9 | S45: ='[88]2024 Q4'!AI25 -> 45343
A46: ='[88]2024 Q4'!A38 -> 02.12.2024 | B46: ='[88]2024 Q4'!B38 -> Kristi Stead | C46: ='[88]2024 Q4'!E38 -> 8 | D46: ='[88]2024 Q4'!F38 -> 8 | E46: ='[88]2024 Q4'!H38 -> 8 | F46: ='[88]2024 Q4'!J38 -> 8 | G46: ='[88]2024 Q4'!L38 -> 8 | H46: ='[88]2024 Q4'!N38 -> 8 | I46: ='[88]2024 Q4'!P38 -> 8 | J46: ='[88]2024 Q4'!R38 -> 8 | K46: ='[88]2024 Q4'!T38 -> 8 | L46: ='[88]2024 Q4'!V38 -> 8 | M46: ='[88]2024 Q4'!X38 -> 8 | N46: ='[88]2024 Q4'!Z38 -> 8 | O46: ='[88]2024 Q4'!AB38 -> 8 | P46: ='[88]2024 Q4'!AD38 -> 8 | Q46: ='[88]2024 Q4'!AF38 -> 8 | R46: =MIN(D46:Q46) -> 8 | S46: ='[88]2024 Q4'!AI38 -> 45350
A47: ='[88]2024 Q4'!A38 -> 02.12.2024 | B47: ='[88]2024 Q4'!C38 -> Catherine Saigo | C47: ='[88]2024 Q4'!E38 -> 8 | D47: ='[88]2024 Q4'!F38 -> 8 | E47: ='[88]2024 Q4'!H38 -> 8 | F47: ='[88]2024 Q4'!J38 -> 8 | G47: ='[88]2024 Q4'!L38 -> 8 | H47: ='[88]2024 Q4'!N38 -> 8 | I47: ='[88]2024 Q4'!P38 -> 8 | J47: ='[88]2024 Q4'!R38 -> 8 | K47: ='[88]2024 Q4'!T38 -> 8 | L47: ='[88]2024 Q4'!V38 -> 8 | M47: ='[88]2024 Q4'!X38 -> 8 | N47: ='[88]2024 Q4'!Z38 -> 8 | O47: ='[88]2024 Q4'!AB38 -> 8 | P47: ='[88]2024 Q4'!AD38 -> 8 | Q47: ='[88]2024 Q4'!AF38 -> 8 | R47: =MIN(D47:Q47) -> 8 | S47: ='[88]2024 Q4'!AI38 -> 45350
A48: ='[88]2024 Q4'!A54 -> 03.04.2024 | B48: ='[88]2024 Q4'!B54 -> Gilisa Roberts | C48: ='[88]2024 Q4'!E54 -> 7 | D48: ='[88]2024 Q4'!F54 -> 9 | E48: ='[88]2024 Q4'!H54 -> 6 | F48: ='[88]2024 Q4'!J54 -> 6 | G48: ='[88]2024 Q4'!L54 -> 6 | H48: ='[88]2024 Q4'!N54 -> 6 | I48: ='[88]2024 Q4'!P54 -> 6 | K48: ='[88]2024 Q4'!T54 -> 6 | L48: ='[88]2024 Q4'!V54 -> 6 | M48: ='[88]2024 Q4'!X54 -> 6 | N48: ='[88]2024 Q4'!Z54 -> 6 | O48: ='[88]2024 Q4'!AB54 -> 6 | P48: ='[88]2024 Q4'!AD54 -> 6 | Q48: ='[88]2024 Q4'!AF54 -> 6 | R48: =MIN(D48:Q48) -> 6 | S48: ='[88]2024 Q4'!AI54 -> 45371
A49: ='[88]2024 Q4'!A54 -> 03.04.2024 | B49: ='[88]2024 Q4'!C54 -> Viena Lacena | C49: ='[88]2024 Q4'!E54 -> 7 | D49: ='[88]2024 Q4'!F54 -> 9 | E49: ='[88]2024 Q4'!H54 -> 6 | F49: ='[88]2024 Q4'!J54 -> 6 | G49: ='[88]2024 Q4'!L54 -> 6 | H49: ='[88]2024 Q4'!N54 -> 6 | I49: ='[88]2024 Q4'!P54 -> 6 | K49: ='[88]2024 Q4'!T54 -> 6 | L49: ='[88]2024 Q4'!V54 -> 6 | M49: ='[88]2024 Q4'!X54 -> 6 | N49: ='[88]2024 Q4'!Z54 -> 6 | O49: ='[88]2024 Q4'!AB54 -> 6 | P49: ='[88]2024 Q4'!AD54 -> 6 | Q49: ='[88]2024 Q4'!AF54 -> 6 | R49: =MIN(D49:Q49) -> 6 | S49: ='[88]2024 Q4'!AI54 -> 45371
A50: ='[88]HomeTrust Compliance'!A19 -> 02.05.2024 | B50: ='[88]HomeTrust Compliance'!B19 -> Debbie Anthony | C50: ='[88]HomeTrust Compliance'!E19 -> 5 | D50: ='[88]HomeTrust Compliance'!F19 -> 6 | E50: ='[88]HomeTrust Compliance'!H19 -> 5 | F50: ='[88]HomeTrust Compliance'!J19 -> 5 | G50: ='[88]HomeTrust Compliance'!L19 -> 5 | H50: ='[88]HomeTrust Compliance'!N19 -> 5 | I50: ='[88]HomeTrust Compliance'!P19 -> 6 | K50: ='[88]HomeTrust Compliance'!R19 -> 5 | L50: ='[88]HomeTrust Compliance'!T19 -> 5 | P50: ='[88]HomeTrust Compliance'!W19 -> 6 | R50: =MIN(D50:Q50) -> 5 | S50: ='[88]HomeTrust Compliance'!S19 -> 0
A51: 7.17.2023 | B51: Tom Tse | C51: 10 | D51: 10 | E51: 10 | F51: 10 | G51: 10 | H51: 10 | I51: 10 | K51: 10 | L51: 10 | M51: 10 | N51: 10 | O51: 10 | P51: 10 | R51: 10 | S51: 08/15/2023
A52: =[88]Laurentian!A38 -> 9.20.2023 | B52: Siya Nugent | C52: =[88]Laurentian!E38 -> 13 | D52: =[88]Laurentian!F38 -> 3 | E52: =[88]Laurentian!G38 -> 3 | F52: =[88]Laurentian!H38 -> 3 | G52: =[88]Laurentian!I38 -> 3 | H52: =[88]Laurentian!J38 -> 4 | I52: =[88]Laurentian!K38 -> 6 | K52: =[88]Laurentian!L38 -> 0 | L52: =[88]Laurentian!M38 -> 3 | P52: =[88]Laurentian!N38 -> 5 | R52: =MIN(D52:P52) -> 0
A53: =[88]Laurentian!A57 -> 10.16.2023 | B53: Siya Nugent | C53: =[88]Laurentian!E57 -> 11 | D53: =[88]Laurentian!F57 -> 10 | E53: =[88]Laurentian!G57 -> 10 | F53: =[88]Laurentian!H57 -> 10 | G53: =[88]Laurentian!I57 -> 10 | H53: =[88]Laurentian!J57 -> 10 | I53: =[88]Laurentian!K57 -> 10 | K53: =[88]Laurentian!L57 -> 0 | L53: =[88]Laurentian!M57 -> 10 | P53: =[88]Laurentian!N57 -> 10 | R53: =MIN(D53:P53) -> 0
A54: 5.4.2023 | B54: Tom Tse | C54: 7 | D54: 7 | E54: 7 | F54: 7 | G54: 7 | H54: 7 | I54: 7 | K54: 7 | L54: 7 | M54: 7 | N54: 7 | O54: 7 | P54: 7 | R54: 7 | S54: 0
A55: 11.27.2023 | B55: Maida Musse | C55: 10 | D55: 10 | E55: 10 | F55: 10 | G55: 10 | H55: 10 | I55: 10 | J55: 10 | K55: 10 | L55: 10 | M55: 10 | N55: 10 | O55: 10 | P55: 10 | Q55: 10 | R55: 10 | S55: 12/13/2023
A73: =[88]Laurentian!A88 -> 0 | B73: =[88]Laurentian!B89 -> 0 | C73: =[88]Laurentian!E88 -> 0 | D73: =[88]Laurentian!F88 -> 0 | E73: =[88]Laurentian!G88 -> 0 | F73: =[88]Laurentian!H88 -> 0 | G73: =[88]Laurentian!I88 -> 0 | H73: =[88]Laurentian!J88 -> 0 | I73: =[88]Laurentian!K88 -> 0 | K73: =[88]Laurentian!L88 -> 0 | L73: =[88]Laurentian!M88 -> 0 | P73: =[88]Laurentian!N88 -> 0
A74: =[88]Laurentian!A89 -> 0 | B74: =[88]Laurentian!B90 -> 0 | C74: =[88]Laurentian!E89 -> 0 | D74: =[88]Laurentian!F89 -> 0 | E74: =[88]Laurentian!G89 -> 0 | F74: =[88]Laurentian!H89 -> 0 | G74: =[88]Laurentian!I89 -> 0 | H74: =[88]Laurentian!J89 -> 0 | I74: =[88]Laurentian!K89 -> 0 | K74: =[88]Laurentian!L89 -> 0 | L74: =[88]Laurentian!M89 -> 0 | P74: =[88]Laurentian!N89 -> 0
A75: =[88]Laurentian!A90 -> 0 | B75: =[88]Laurentian!B91 -> 0 | C75: =[88]Laurentian!E90 -> 0 | D75: =[88]Laurentian!F90 -> 0 | E75: =[88]Laurentian!G90 -> 0 | F75: =[88]Laurentian!H90 -> 0 | G75: =[88]Laurentian!I90 -> 0 | H75: =[88]Laurentian!J90 -> 0 | I75: =[88]Laurentian!K90 -> 0 | K75: =[88]Laurentian!L90 -> 0 | L75: =[88]Laurentian!M90 -> 0 | P75: =[88]Laurentian!N90 -> 0
A76: =[88]Laurentian!A91 -> 0 | B76: =[88]Laurentian!B92 -> 0 | C76: =[88]Laurentian!E91 -> 0 | D76: =[88]Laurentian!F91 -> 0 | E76: =[88]Laurentian!G91 -> 0 | F76: =[88]Laurentian!H91 -> 0 | G76: =[88]Laurentian!I91 -> 0 | H76: =[88]Laurentian!J91 -> 0 | I76: =[88]Laurentian!K91 -> 0 | K76: =[88]Laurentian!L91 -> 0 | L76: =[88]Laurentian!M91 -> 0 | P76: =[88]Laurentian!N91 -> 0

Sheet Compliance Pivot Table
A3: Trainer Name | B3: Sum of Number of Agent Transition to Nesting | C3: Sum of Total
A4: Bib Alli | B4: 4 | C4: 4
A5: Dave Lim | B5: 40 | C5: 29
A6: Gilisa Roberts | B6: 27 | C6: 26
A7: Hira Umair | B7: 39 | C7: 39
A8: Kristi Stead | B8: 28 | C8: 28
A9: Nancy Price | B9: 25 | C9: 25
A10: Rowena Lasala | B10: 29 | C10: 30
A11: Sneha Menda | B11: 31 | C11: 31
A12: Jordan Saulnier | B12: 27 | C12: 20
A13: Scott McDonald | B13: 29 | C13: 21
A14: Ruschel Bartolome | B14: 18 | C14: 10
A15: Maria Skubiszewska | B15: 5 | C15: 6
... A19: Siya Nugent | B19: 30 | C19: 9
A20: (blank)
A21: Catherine Saigo2 | B21: 8 | C21: 8
A22: Tom Tse | B22: 17 | C22: 17
A23: Maida Musse | B23: 10 | C23: 10
A24: Grand Total | B24: 445 | C24: 345

Sheet Pivot Tables
A1: Row Labels | B1: Average of Test Avg | C1: Average of Attrition Class | D1: Average of Attrition Nesting | E1: Average of QA Avg | F1: Average of Attrition less Terms
A2: Anita Bliss-Dias | B2: 0.82474155 | C2: 0 | D2: 0.12777778 | E2: 0.73566468 | F2: 0.066993464
A3: Ankit Vishnoi | B3: 0.97057466 | C3: 0 | D3: 0 | E3: 0.86337153 | F3: 0.5
A4: Bibi Alli | B4: 0.84286333 | C4: 0.5 | D4: 0 | E4: 0.88375 | F4: 0.42857143
A5: Gilisa Roberts | B5: 0.87081337 | C5: 0.2 | D5: 0 | E5: 0.71984702 | F5: 0.13920455
A6: Hira Umair | B6: 0.88304929 | C6: 0.2741342 | D6: 0.2209596 | E6: 0.72890377 | F6: 0.17457542
A7: Jill Hirtle | B7: 0.87632757 | C7: 0.29723071 | D7: 0.15222222 | E7: 0.67614277 | F7: 0.2381685
A8: John David Lim | B8: 0.89444749 | C8: 0.17150673 | D8: 0.24973545 | E8: 0.73599562 | F8: 0.13770053
A9: Jordan Saulnier | B9: 0.86541463 | C9: 0.23261785 | D9: 0.13835979 | E9: 0.69153075 | F9: 0.1979798
A10: Kristi Stead | B10: 0.87280076 | C10: 0.088235294 | D10: 0.14285714 | E10: 0.70694369 | F10: 0.18907563
A11: Mahalakshmi Ramasubramanian | B11: 0.9543509 | C11: 0.05 | D11: 0.0625 | E11: 0.80365253 | F11: 0.5
A12: Maida Musse | B12: 0.95911111 | C12: 0.050649351 | D12: 0.11111111 | E12: 0.75688355 | F12: 0.047619048
A13: Nancy Price | B13: 0.8482637 | C13: 0.36969308 | D13: 0.13357143 | E13: 0.62308383 | F13: 0.12261905
... A17: Sneha Menda | B17: 0.88942604 | C17: 0.14191176 | D17: 0.14375 | E17: 0.70198954 | F17: 0.16282051
A18: (blank)
A19: Tom Tse | B19: 0.81995413 | C19: 0.24786325 | D19: 0.083333333 | E19: 0.69426124 | F19: 0.16452991
A20: Maria Skubiszewska | B20: 0.89197718 | C20: 0.37179487 | D20: 0.16666667 | E20: 0.78706063 | F20: 0.057142857
A21: Siya Nugent | B21: 0.87585762 | C21: 0.18264832 | D21: 0.048717949 | E21: 0.46779004 | F21: 0.21928897
A22: Viena Lacena | B22: 0.4469697 | C22: 0.175 | D22: 0 | E22: 0.78309893 | F22: 0.13636364
A23: Debbie Anthony | B23: 0.95327698 | C23: 0.083333333 | D23: 0.11111111 | E23: 0.79757722 | F23: 0.19444444
A24: Stephany Chavez | B24: 0.87625 | C24: 0.085336538 | D24: 0.019230769 | E24: 0.81518939 | F24: 0.10456731
A25: Pavasiya Nugent | B25: 0.95897436 | C25: 0 | D25: 0 | E25: 0.78 | F25: 0
A26: Catherine Saigo2 | B26: 0.86468229 | C26: 0.045454545 | D26: 0.1 | E26: 0.78391193 | F26: 0.11309524
A27: Grand Total | B27: 0.87811951 | C27: 0.17231254 | D27: 0.10980101 | E27: 0.73277511 | F27: 0.18424578

Sheet Observation Metrics
A1: Name | B1: Observation 1 | C1: Observation 2 | D1: Observation 3 | E1: Observation 4 | F1: Observation 5 | G1: Average
A2: Angeline Rubrico | B2: ='[89]Evaluation 1'!E2 -> #DIV/0! | G2: =AVERAGE(Table3[[#This Row],[Observation 1]:[Observation 5]]) -> #DIV/0!
A3: Anita Bliss-Dias | B3: ='[90]Evaluation 1'!E2 -> 0.84761905 | C3: =[91]Q4!E2 -> 0.82857143 | G3: =AVERAGE(Table3[[#This Row],[Observation 1]:[Observation 5]]) -> 0.83809524
A4: Bibi Alli | B4: LOA | C4: LOA | D4: LOA | E4: LOA | F4: LOA | G4: LOA
A5: John David Lim | B5: =[92]Q4!E2 -> 0.8172043 | G5: =AVERAGE(B5:F5) -> 0.8172043
A6: Gilisa Roberts | B6: ='[93]Evaluation 1'!E2 -> 0.99411765 | G6: =AVERAGE(B6:F6) -> 0.99411765
A7: Irish Ferreras | G7: =AVERAGE(B7:F7) -> #DIV/0!
A8: Jean Luzada | B8: =[94]Q1!E2 -> 0.78431373 | G8: =AVERAGE(B8:F8) -> 0.78431373
A9: Jill Hirtle | B9: ='[95]Evaluation 1'!E2 -> 0.90666667 | G9: =AVERAGE(B9:F9) -> 0.90666667
A10: Jordan Saulnier | B10: ='[96]Evaluation 1'!E2 -> 0.976 | C10: ='[96]Evaluation 2'!E2 -> 0.9 | D10: =[97]Scorecard!E2 -> 0.85333333 | G10: =AVERAGE(B10:F10) -> 0.90977778
A11: Kaitlind Allard | B11: NLE | C11: NLE | D11: NLE | E11: NLE | F11: NLE | G11: NLE
A12: Kate Saigo | B12: ='[98]Evaluation 1'!E2 -> 0.99310345 | C12: =[99]Q1!E2 -> 0.79215686 | G12: =AVERAGE(B12:F12) -> 0.89263016
A13: Kristi Stead | B13: ='[100]Evaluation 1'!E2 -> 0.8091954 | G13: =AVERAGE(B13:F13) -> 0.8091954
A14: Maida Musse | B14: ='[101]Evaluation 1'!E2 -> 0.8 | G14: =AVERAGE(B14:F14) -> 0.8
A15: Maria Skubiszewska | B15: ='[102]Evaluation 1'!E2 -> 1.2784314 | C15: ='[102]Evaluation 2'!E2 -> 0.92873563 | D15: =[103]Scorecard!E2 -> 0.88888889 | G15: =AVERAGE(B15:F15) -> 1.0320186
A16: Nancy Price | B16: ='[104]Evaluation 1'!E2 -> 0.8 | C16: =[105]Q4!E2 -> 0.8091954 | G16: =AVERAGE(B16:F16) -> 0.8045977
A17: Rowena Lasala | B17: =[106]Scorecard!E2 -> 0.7655914 | G17: =AVERAGE(B17:F17) -> 0.7655914
A18: Ruschel Bartolome | B18: NEW ROLE | C18: NEW ROLE | D18: NEW ROLE | E18: NEW ROLE | F18: NEW ROLE | G18: NEW ROLE
A19: Scott McDonald | B19: NEW LOB | C19: NEW LOB | D19: NEW LOB | E19: NEW LOB | F19: NEW LOB | G19: NEW LOB
A20: Siya Nugent | B20: =[107]Q4!E2 -> 0.80860215 | G20: =AVERAGE(B20:F20) -> 0.80860215
A21: Sneha Menda | B21: LOA | C21: LOA | D21: LOA | E21: LOA | F21: LOA | G21: LOA
A22: Stephany Chavez | G22: =AVERAGE(B22:F22) -> #DIV/0!
A23: Tom Tse | B23: NEW LOB | C23: NEW LOB | D23: NEW LOB | E23: NEW LOB | F23: NEW LOB | G23: NEW LOB
A24: Vera Hibaya | G24: =AVERAGE(B24:F24) -> #DIV/0!
A25: Vhea De Fiesta | B25: =[108]Q1!E2 -> 0.79139785 | G25: =AVERAGE(B25:F25) -> 0.79139785
A26: Viena Lacena | B26: =[109]Q4!E2 -> 0.8172043 | G26: =AVERAGE(B26:F26) -> 0.8172043
A27: Ankit Vishnoi | B27: ='[110]Evaluation 1'!E2 -> 0.70123457 | G27: =AVERAGE(Table3[[#This Row],[Observation 1]:[Observation 5]]) -> 0.70123457
A28: Chantelle Thomas | G28: =AVERAGE(B28:F28) -> #DIV/0!
A29: Hira Umair | G29: =AVERAGE(B29:F29) -> #DIV/0!
A30: Mahalakshmi Ramasubramanian | G30: =AVERAGE(B30:F30) -> #DIV/0!
A31: Rachel Daury | B31: NLE | C31: NLE | D31: NLE | E31: NLE | F31: NLE | G31: NLE
A32: Debbie Anthony | B32: =[111]Q1!E2 -> 0.70537634 | G32: =AVERAGE(B32:F32) -> 0.70537634

Sheet Sheet2
A2: Count of PCB AML | B2: Trainer Name
A3: Number of Agent Transition to Nesting | B3: Bib Alli | C3: Dave Lim | D3: Gilisa Roberts | E3: Hira Umair | F3: Kristi Stead | G3: Nancy Price | H3: Rowena Lasala | I3: Sneha Menda | J3: Jordan Saulnier | K3: Scott McDonald | L3: Grand Total
A4: 3 | H4: 1 | L4: 1
A5: 4 | B5: 1 | J5: 1 | L5: 2
A6: 7 | G6: 1 | L6: 1
A7: 8 | E7: 1 | G7: 1 | H7: 1 | I7: 1 | L7: 4
A8: 10 | C8: 2 | D8: 1 | G8: 1 | K8: 1 | L8: 5
A9: 11 | E9: 1 | I9: 1 | K9: 1 | L9: 3
A10: 12 | I10: 1 | L10: 1
A11: 13 | H11: 1 | L11: 1
A12: 14 | C12: 1 | E12: 1 | F12: 1 | L12: 3
A13: 6 | E13: 1 | L13: 1
A14: Grand Total | B14: 1 | C14: 3 | D14: 1 | E14: 4 | F14: 1 | G14: 3 | H14: 3 | I14: 3 | J14: 1 | K14: 2 | L14: 22
